2025-07-02 10:52:45 [32minfo[39m [32mGET /api/v1/auth 404 5.724 ms - 116[39m
[32m[39m
2025-07-02 10:53:24 [32minfo[39m [32mPOST /api/v1/auth/register 201 373.180 ms - 96[39m
[32m[39m
2025-07-02 10:53:24 [32minfo[39m [32mError sending message to test@example.com[39m
2025-07-02 10:53:24 [31merror[39m [31mError sending email:[39m
2025-07-02 10:58:25 [31merror[39m [31mUser already registered! Please proceed to login. User already registered! Please proceed to login.[39m
2025-07-02 10:58:25 [32minfo[39m [32mPOST /api/v1/auth/register 403 112.662 ms - 77[39m
[32m[39m
2025-07-02 11:09:59 [32minfo[39m [32mGET /api/v1/auth/login 404 0.591 ms - 122[39m
[32m[39m
2025-07-02 11:12:40 [32minfo[39m [32mGET /api/v1/auth/login 404 0.466 ms - 122[39m
[32m[39m
2025-07-02 11:12:48 [31merror[39m [31mAccount not verified! Account not verified![39m
2025-07-02 11:12:48 [32minfo[39m [32mPOST /api/v1/auth/login 401 200.293 ms - 49[39m
[32m[39m
2025-07-02 11:40:39 [32minfo[39m [32mPOST /api/v1/auth/verify 404 3.565 ms - 123[39m
[32m[39m
2025-07-02 11:40:41 [32minfo[39m [32mPOST /api/v1/auth/verify 404 0.735 ms - 123[39m
[32m[39m
2025-07-02 11:40:42 [32minfo[39m [32mPOST /api/v1/auth/verify 404 0.339 ms - 123[39m
[32m[39m
2025-07-02 11:40:47 [32minfo[39m [32mPOST /api/v1/auth/verify 404 0.332 ms - 123[39m
[32m[39m
2025-07-02 11:41:34 [32minfo[39m [32mPOST /api/v1/auth/verify 404 0.327 ms - 123[39m
[32m[39m
2025-07-02 11:50:17 [32minfo[39m [32mPOST /api/v1/auth/verify 404 0.353 ms - 123[39m
[32m[39m
2025-07-02 12:16:18 [31merror[39m [31mInvalid or expired verification code Invalid or expired verification code[39m
2025-07-02 12:16:18 [32minfo[39m [32mPUT /api/v1/auth/verify 401 170.050 ms - 64[39m
[32m[39m
2025-07-02 12:18:00 [31merror[39m [31mAccount not verified! Account not verified![39m
2025-07-02 12:18:00 [32minfo[39m [32mPOST /api/v1/auth/login 401 137.493 ms - 49[39m
[32m[39m
2025-07-02 12:18:03 [31merror[39m [31mAccount not verified! Account not verified![39m
2025-07-02 12:18:03 [32minfo[39m [32mPOST /api/v1/auth/login 401 113.629 ms - 49[39m
[32m[39m
2025-07-02 12:18:04 [31merror[39m [31mAccount not verified! Account not verified![39m
2025-07-02 12:18:04 [32minfo[39m [32mPOST /api/v1/auth/login 401 115.379 ms - 49[39m
[32m[39m
2025-07-02 12:18:05 [31merror[39m [31mAccount not verified! Account not verified![39m
2025-07-02 12:18:05 [32minfo[39m [32mPOST /api/v1/auth/login 401 114.675 ms - 49[39m
[32m[39m
2025-07-02 12:18:06 [31merror[39m [31mAccount not verified! Account not verified![39m
2025-07-02 12:18:06 [32minfo[39m [32mPOST /api/v1/auth/login 401 336.137 ms - 49[39m
[32m[39m
2025-07-02 12:31:04 [32minfo[39m [32mPOST /api/v1/auth/register 201 624.624 ms - 96[39m
[32m[39m
2025-07-02 12:31:09 [32minfo[39m [32mError sending message to samzdevop@gmail.com[39m
2025-07-02 12:31:09 [31merror[39m [31mError sending email: 580D0000:error:0A00010B:SSL routines:ssl3_get_record:wrong version number:c:\ws\deps\openssl\openssl\ssl\record\ssl3_record.c:355:[39m
[31m[39m
2025-07-02 12:36:14 [31merror[39m [31mInvalid or expired verification code Invalid or expired verification code[39m
2025-07-02 12:36:14 [32minfo[39m [32mPUT /api/v1/auth/verify 401 103.895 ms - 64[39m
[32m[39m
2025-07-02 12:36:46 [32minfo[39m [32mPUT /api/v1/auth/verify 200 38.305 ms - 70[39m
[32m[39m
2025-07-02 12:36:49 [32minfo[39m [32mMail successfully sent to samzdevop@gmail.com[39m
2025-07-02 12:36:49 [32minfo[39m [32mMessage sent: %s[39m
2025-07-02 12:40:39 [32minfo[39m [32mGET /api/v1/auth/login 404 0.967 ms - 122[39m
[32m[39m
2025-07-02 12:40:46 [32minfo[39m [32mPOST /api/v1/auth/login 422 2.246 ms - 278[39m
[32m[39m
2025-07-02 12:41:05 [32minfo[39m [32mPOST /api/v1/auth/login 200 118.726 ms - 787[39m
[32m[39m
2025-07-02 12:57:01 [32minfo[39m [32mPOST /api/v1/auth/cmclvlm6c0000t1kczwko3gpo 404 0.383 ms - 142[39m
[32m[39m
2025-07-02 12:57:15 [32minfo[39m [32mDELETE /api/v1/auth/cmclvlm6c0000t1kczwko3gpo 404 0.296 ms - 142[39m
[32m[39m
2025-07-02 12:57:17 [32minfo[39m [32mDELETE /api/v1/auth/cmclvlm6c0000t1kczwko3gpo 404 0.281 ms - 142[39m
[32m[39m
2025-07-02 13:00:09 [32minfo[39m [32mDELETE /api/v1/auth/cmclvlm6c0000t1kczwko3gpo 404 0.466 ms - 142[39m
[32m[39m
2025-07-02 13:00:11 [32minfo[39m [32mDELETE /api/v1/auth/cmclvlm6c0000t1kczwko3gpo 404 0.545 ms - 142[39m
[32m[39m
2025-07-02 13:00:12 [32minfo[39m [32mDELETE /api/v1/auth/cmclvlm6c0000t1kczwko3gpo 404 0.308 ms - 142[39m
[32m[39m
2025-07-02 13:10:15 [31merror[39m [31mUser already registered! Please proceed to login. User already registered! Please proceed to login.[39m
2025-07-02 13:10:15 [32minfo[39m [32mPOST /api/v1/auth/register 403 116.342 ms - 77[39m
[32m[39m
2025-07-02 13:10:29 [32minfo[39m [32mPOST /api/v1/auth/register 201 122.848 ms - 96[39m
[32m[39m
2025-07-02 13:10:34 [32minfo[39m [32mMail successfully sent to samuellchuks@gmail.com[39m
2025-07-02 13:10:34 [32minfo[39m [32mMessage sent: %s[39m
2025-07-02 13:44:36 [32minfo[39m [32mPOST /api/v1/auth/register 201 260.357 ms - 96[39m
[32m[39m
2025-07-02 13:44:36 [32minfo[39m [32mError sending message to samuellchuks@gmail.com[39m
2025-07-02 13:44:36 [31merror[39m [31mError sending email: connect ENETUNREACH 95.216.108.161:587[39m
2025-07-02 13:48:57 [32minfo[39m [32mPUT /api/v1/auth/verify 200 12.355 ms - 70[39m
[32m[39m
2025-07-02 13:48:57 [32minfo[39m [32mError sending message to samuellchuks@gmail.com[39m
2025-07-02 13:48:57 [31merror[39m [31mError sending email: connect ENETUNREACH 95.216.108.161:587[39m
2025-07-02 13:55:46 [32minfo[39m [32mPOST /api/v1/auth/register 201 293.518 ms - 96[39m
[32m[39m
2025-07-02 13:55:49 [32minfo[39m [32mMail successfully sent to samuellchuks@gmail.com[39m
2025-07-02 13:55:49 [32minfo[39m [32mMessage sent: %s[39m
2025-07-02 13:57:53 [32minfo[39m [32mPUT /api/v1/auth/verify 200 17.064 ms - 70[39m
[32m[39m
2025-07-02 13:57:55 [32minfo[39m [32mMail successfully sent to samuellchuks@gmail.com[39m
2025-07-02 13:57:55 [32minfo[39m [32mMessage sent: %s[39m
2025-07-02 22:42:40 [32minfo[39m [32mGET /api/v1/auth/admin-reg 404 4.820 ms - 126[39m
[32m[39m
2025-07-02 22:42:41 [32minfo[39m [32mGET /favicon.ico 404 1.636 ms - 116[39m
[32m[39m
2025-07-03 08:59:12 [32minfo[39m [32mPOST /api/v1/auth/admin-reg 201 604.351 ms - 96[39m
[32m[39m
2025-07-03 08:59:14 [32minfo[39m [32mMail successfully sent to test@example.com[39m
2025-07-03 08:59:14 [32minfo[39m [32mMessage sent: %s[39m
2025-07-03 09:00:22 [32minfo[39m [32mPUT /api/v1/auth/verify 200 22.280 ms - 70[39m
[32m[39m
2025-07-03 09:00:24 [32minfo[39m [32mMail successfully sent to test@example.com[39m
2025-07-03 09:00:24 [32minfo[39m [32mMessage sent: %s[39m
2025-07-03 09:04:15 [32minfo[39m [32mPOST /api/v1/auth/admin-reg 201 290.693 ms - 96[39m
[32m[39m
2025-07-03 09:04:17 [32minfo[39m [32mMail successfully sent to Admin@example.com[39m
2025-07-03 09:04:17 [32minfo[39m [32mMessage sent: %s[39m
2025-07-03 09:04:51 [31merror[39m [31mUser not found User not found[39m
2025-07-03 09:04:51 [32minfo[39m [32mPUT /api/v1/auth/verify 404 29.964 ms - 42[39m
[32m[39m
2025-07-03 09:05:01 [32minfo[39m [32mPUT /api/v1/auth/verify 200 22.963 ms - 70[39m
[32m[39m
2025-07-03 09:05:03 [32minfo[39m [32mMail successfully sent to Admin@example.com[39m
2025-07-03 09:05:03 [32minfo[39m [32mMessage sent: %s[39m
2025-07-03 09:36:31 [32minfo[39m [32mPOST /api/v1/auth/register 401 2.521 ms - 66[39m
[32m[39m
2025-07-03 09:37:32 [32minfo[39m [32mPOST /api/v1/auth/login 200 234.184 ms - 780[39m
[32m[39m
2025-07-03 09:40:00 [31merror[39m [31mExpected ',' or '}' after property value in JSON at position 102 (line 5 column 3) Expected ',' or '}' after property value in JSON at position 102 (line 5 column 3)[39m
2025-07-03 09:40:13 [32minfo[39m [32mPOST /api/v1/auth/register 422 15.844 ms - 471[39m
[32m[39m
2025-07-03 09:40:34 [32minfo[39m [32mPOST /api/v1/auth/register 201 141.847 ms - 72[39m
[32m[39m
2025-07-03 16:18:57 [32minfo[39m [32mPOST /api/v1/auth/admin-reg 201 301.858 ms - 96[39m
[32m[39m
2025-07-03 16:18:59 [32minfo[39m [32mMail successfully sent to Admin@example.com[39m
2025-07-03 16:18:59 [32minfo[39m [32mMessage sent: %s[39m
2025-07-03 16:20:56 [31merror[39m [31mUser already registered! Please proceed to login. User already registered! Please proceed to login.[39m
2025-07-03 16:20:56 [32minfo[39m [32mPOST /api/v1/auth/admin-reg 403 30.612 ms - 77[39m
[32m[39m
2025-07-03 16:29:33 [32minfo[39m [32mPUT /api/v1/auth/verify 200 112.884 ms - 70[39m
[32m[39m
2025-07-03 16:29:36 [32minfo[39m [32mMail successfully sent to Admin@example.com[39m
2025-07-03 16:29:36 [32minfo[39m [32mMessage sent: %s[39m
2025-07-03 16:31:27 [32minfo[39m [32mPOST /api/v1/auth/register 401 1.843 ms - 66[39m
[32m[39m
2025-07-03 16:31:42 [32minfo[39m [32mPOST /api/v1/auth/login 200 130.793 ms - 763[39m
[32m[39m
2025-07-03 16:32:17 [32minfo[39m [32mPOST /api/v1/auth/register 422 8.624 ms - 781[39m
[32m[39m
2025-07-03 16:32:31 [32minfo[39m [32mPOST /api/v1/auth/register 422 4.020 ms - 781[39m
[32m[39m
2025-07-03 16:32:45 [32minfo[39m [32mPOST /api/v1/auth/register 422 8.512 ms - 781[39m
[32m[39m
2025-07-03 16:33:22 [32minfo[39m [32mPOST /api/v1/auth/register 422 5.100 ms - 781[39m
[32m[39m
2025-07-03 16:38:02 [31merror[39m [31mUser already registered! Please proceed to login. User already registered! Please proceed to login.[39m
2025-07-03 16:38:02 [32minfo[39m [32mPOST /api/v1/auth/admin-reg 403 123.642 ms - 77[39m
[32m[39m
2025-07-03 16:38:27 [32minfo[39m [32mPOST /api/v1/auth/register 422 11.703 ms - 781[39m
[32m[39m
2025-07-03 16:38:56 [32minfo[39m [32mPOST /api/v1/auth/login 200 106.828 ms - 763[39m
[32m[39m
2025-07-03 16:40:01 [32minfo[39m [32mPOST /api/v1/auth/register 201 134.026 ms - 72[39m
[32m[39m
2025-07-03 16:41:51 [32minfo[39m [32mPOST /api/v1/auth/login 200 606.747 ms - 784[39m
[32m[39m
2025-07-03 16:42:19 [32minfo[39m [32mPOST /api/v1/auth/login 200 130.474 ms - 784[39m
[32m[39m
2025-07-03 16:42:26 [31merror[39m [31mUser not found User not found[39m
2025-07-03 16:42:26 [32minfo[39m [32mPOST /api/v1/auth/login 404 20.810 ms - 42[39m
[32m[39m
2025-07-03 16:42:40 [31merror[39m [31mUser not found User not found[39m
2025-07-03 16:42:40 [32minfo[39m [32mPOST /api/v1/auth/login 404 5.273 ms - 42[39m
[32m[39m
2025-07-03 16:42:47 [32minfo[39m [32mPOST /api/v1/auth/login 200 117.451 ms - 784[39m
[32m[39m
2025-07-03 16:42:53 [32minfo[39m [32mPOST /api/v1/auth/login 200 121.646 ms - 784[39m
[32m[39m
2025-07-03 16:44:33 [32minfo[39m [32mPOST /api/v1/auth/register 201 138.146 ms - 67[39m
[32m[39m
2025-07-03 16:45:10 [32minfo[39m [32mPOST /api/v1/auth/register 403 4.084 ms - 86[39m
[32m[39m
2025-07-03 16:45:55 [32minfo[39m [32mPOST /api/v1/auth/register 403 4.035 ms - 86[39m
[32m[39m
2025-07-03 16:45:58 [32minfo[39m [32mPOST /api/v1/auth/register 403 4.852 ms - 86[39m
[32m[39m
2025-07-03 16:48:23 [32minfo[39m [32mPOST /api/v1/auth/register 403 144.196 ms - 96[39m
[32m[39m
2025-07-03 16:54:11 [32minfo[39m [32mPOST /api/v1/auth/register 201 565.670 ms - 67[39m
[32m[39m
2025-07-04 11:11:59 [32minfo[39m [32mPOST /api/v1/auth/login 200 260.442 ms - 784[39m
[32m[39m
2025-07-04 11:14:23 [32minfo[39m [32mPOST /api/v1/livestock 422 17.055 ms - 1033[39m
[32m[39m
2025-07-04 11:46:12 [32minfo[39m [32mPOST /api/v1/livestock 422 370.212 ms - 240[39m
[32m[39m
2025-07-04 11:46:28 [32minfo[39m [32mPOST /api/v1/livestock 422 131.517 ms - 240[39m
[32m[39m
2025-07-04 11:55:31 [32minfo[39m [32mPOST /api/v1/livestock 201 140.552 ms - 468[39m
[32m[39m
2025-07-04 12:13:42 [32minfo[39m [32mPOST /api/v1/livestock 401 7.807 ms - 64[39m
[32m[39m
2025-07-04 12:14:22 [32minfo[39m [32mPOST /api/v1/auth/login 200 285.994 ms - 784[39m
[32m[39m
2025-07-04 12:17:18 [31merror[39m [31mDatabase validation error: [39m
[31mInvalid `prisma.livestock.create()` invocation in[39m
[31mC:\Users\DoBUY\Agritech-Backend\src\contollers\livestock.controller.ts:26:46[39m

[31m  23 [39m
[31m  24 const addedById = (req.user as any).id;[39m
[31m  25 [39m
[31m→ 26 const livestock = await prisma.livestock.create({[39m
[31m       data: {[39m
[31m         tagId: "COW-002",[39m
[31m         type: "Sheep",[39m
[31m         breed: "Sheep",[39m
[31m         birthDate: new Date("Invalid Date"),[39m
[31m                    ~~~~~~~~~~~~~~~~~~~~~~~~[39m
[31m         healthStatus: "SICK",[39m
[31m         weight: 200,[39m
[31m         gender: "Female",[39m
[31m         livestockSource: "Local Farm",[39m
[31m         livestockPurpose: "Meat",[39m
[31m         addedById: "cmcnjxm6s0000t1p8rcay1eoq"[39m
[31m       },[39m
[31m       include: {[39m
[31m         addedBy: {[39m
[31m           select: {[39m
[31m             id: true,[39m
[31m             fullName: true,[39m
[31m             email: true,[39m
[31m             role: true[39m
[31m           }[39m
[31m         }[39m
[31m       }[39m
[31m     })[39m

[31mInvalid value for argument `birthDate`: Provided Date object is invalid. Expected Date. [39m
[31mInvalid `prisma.livestock.create()` invocation in[39m
[31mC:\Users\DoBUY\Agritech-Backend\src\contollers\livestock.controller.ts:26:46[39m

[31m  23 [39m
[31m  24 const addedById = (req.user as any).id;[39m
[31m  25 [39m
[31m→ 26 const livestock = await prisma.livestock.create({[39m
[31m       data: {[39m
[31m         tagId: "COW-002",[39m
[31m         type: "Sheep",[39m
[31m         breed: "Sheep",[39m
[31m         birthDate: new Date("Invalid Date"),[39m
[31m                    ~~~~~~~~~~~~~~~~~~~~~~~~[39m
[31m         healthStatus: "SICK",[39m
[31m         weight: 200,[39m
[31m         gender: "Female",[39m
[31m         livestockSource: "Local Farm",[39m
[31m         livestockPurpose: "Meat",[39m
[31m         addedById: "cmcnjxm6s0000t1p8rcay1eoq"[39m
[31m       },[39m
[31m       include: {[39m
[31m         addedBy: {[39m
[31m           select: {[39m
[31m             id: true,[39m
[31m             fullName: true,[39m
[31m             email: true,[39m
[31m             role: true[39m
[31m           }[39m
[31m         }[39m
[31m       }[39m
[31m     })[39m

[31mInvalid value for argument `birthDate`: Provided Date object is invalid. Expected Date.[39m
2025-07-04 12:17:18 [32minfo[39m [32mPOST /api/v1/livestock 422 232.491 ms - 1040[39m
[32m[39m
2025-07-04 12:17:58 [32minfo[39m [32mPOST /api/v1/livestock 201 42.771 ms - 589[39m
[32m[39m
2025-07-04 12:39:18 [32minfo[39m [32mPOST /api/v1/auth/login 200 246.081 ms - 784[39m
[32m[39m
2025-07-04 12:39:47 [32minfo[39m [32mGET /api/v1/livestock 200 22.005 ms - 1929[39m
[32m[39m
2025-07-04 12:40:12 [32minfo[39m [32mGET /api/v1/livestock 200 10.640 ms - 1929[39m
[32m[39m
2025-07-04 12:55:51 [32minfo[39m [32mPOST /api/v1/auth/login 200 251.688 ms - 449[39m
[32m[39m
2025-07-04 12:59:24 [32minfo[39m [32mPOST /api/v1/auth/login 200 301.803 ms - 434[39m
[32m[39m
2025-07-04 13:20:41 [32minfo[39m [32mPOST /api/v1/auth/login 200 244.335 ms - 434[39m
[32m[39m
2025-07-04 13:21:12 [32minfo[39m [32mGET /api/v1/livestock/cmcoq0grp0001t1tsd0hdha0r 200 23.553 ms - 736[39m
[32m[39m
2025-07-04 13:21:36 [32minfo[39m [32mGET /api/v1/livestock/cmcoq0grp0001t1tsd0hdha0r 200 8.644 ms - 736[39m
[32m[39m
2025-07-04 13:35:30 [32minfo[39m [32mPATCH /api/v1/livestock/cmcoq0grp0001t1tsd0hdha0r 200 106.639 ms - 718[39m
[32m[39m
2025-07-04 13:35:58 [31merror[39m [31mLivestock not found Livestock not found[39m
2025-07-04 13:35:58 [32minfo[39m [32mGET /api/v1/livestock/:livestockId 404 22.723 ms - 47[39m
[32m[39m
2025-07-04 13:36:02 [31merror[39m [31mLivestock not found Livestock not found[39m
2025-07-04 13:36:02 [32minfo[39m [32mGET /api/v1/livestock/:livestockId 404 26.029 ms - 47[39m
[32m[39m
2025-07-04 13:36:24 [32minfo[39m [32mGET /api/v1/livestock/cmcoq0grp0001t1tsd0hdha0r 200 8.337 ms - 972[39m
[32m[39m
2025-07-04 13:38:29 [32minfo[39m [32mPATCH /api/v1/livestock/cmcoq0grp0001t1tsd0hdha0r 422 5.430 ms - 332[39m
[32m[39m
2025-07-04 13:38:46 [32minfo[39m [32mPATCH /api/v1/livestock/cmcoq0grp0001t1tsd0hdha0r 200 17.327 ms - 717[39m
[32m[39m
2025-07-04 13:39:44 [31merror[39m [31mExpected ',' or '}' after property value in JSON at position 33 (line 3 column 5) Expected ',' or '}' after property value in JSON at position 33 (line 3 column 5)[39m
2025-07-04 13:39:56 [32minfo[39m [32mPATCH /api/v1/livestock/cmcoq0grp0001t1tsd0hdha0r 200 19.366 ms - 719[39m
[32m[39m
2025-07-04 15:03:10 [32minfo[39m [32mDELETE /api/v1/livestock/cmcoq0grp0001t1tsd0hdha0r 401 12.531 ms - 64[39m
[32m[39m
2025-07-04 15:03:32 [32minfo[39m [32mPOST /api/v1/auth/login 200 216.605 ms - 434[39m
[32m[39m
2025-07-04 15:03:47 [32minfo[39m [32mDELETE /api/v1/livestock/cmcoq0grp0001t1tsd0hdha0r 401 2.648 ms - 64[39m
[32m[39m
2025-07-04 15:04:48 [32minfo[39m [32mPOST /api/v1/auth/login 200 133.112 ms - 427[39m
[32m[39m
2025-07-04 15:05:05 [32minfo[39m [32mDELETE /api/v1/livestock/cmcoq0grp0001t1tsd0hdha0r 200 18.146 ms - 509[39m
[32m[39m
2025-07-04 15:13:29 [32minfo[39m [32mDELETE /api/v1/livestock/cmcoq0grp0001t1tsd0hdha0r 200 126.513 ms - 509[39m
[32m[39m
2025-07-04 15:15:53 [31merror[39m [31mPrisma error: [39m
[31mInvalid `prisma.livestock.findUnique()` invocation in[39m
[31mC:\Users\DoBUY\Agritech-Backend\src\contollers\livestock.controller.ts:188:46[39m

[31m  185   next: NextFunction[39m
[31m  186 ): Promise<void> => {[39m
[31m  187   try {[39m
[31m→ 188     const livestock = await prisma.livestock.findUnique([39m
[31mThe column `Livestock.isDeleted` does not exist in the current database. [39m
[31mInvalid `prisma.livestock.findUnique()` invocation in[39m
[31mC:\Users\DoBUY\Agritech-Backend\src\contollers\livestock.controller.ts:188:46[39m

[31m  185   next: NextFunction[39m
[31m  186 ): Promise<void> => {[39m
[31m  187   try {[39m
[31m→ 188     const livestock = await prisma.livestock.findUnique([39m
[31mThe column `Livestock.isDeleted` does not exist in the current database.[39m
2025-07-04 15:15:53 [32minfo[39m [32mDELETE /api/v1/livestock/cmcoq0grp0001t1tsd0hdha0r 400 52.886 ms - 396[39m
[32m[39m
2025-07-04 15:16:41 [32minfo[39m [32mDELETE /api/v1/livestock/cmcoq0grp0001t1tsd0hdha0r 401 3.419 ms - 64[39m
[32m[39m
2025-07-04 15:17:09 [32minfo[39m [32mPOST /api/v1/auth/login 200 136.022 ms - 427[39m
[32m[39m
2025-07-04 15:17:31 [31merror[39m [31mPrisma error: [39m
[31mInvalid `prisma.livestock.findUnique()` invocation in[39m
[31mC:\Users\DoBUY\Agritech-Backend\src\contollers\livestock.controller.ts:188:46[39m

[31m  185   next: NextFunction[39m
[31m  186 ): Promise<void> => {[39m
[31m  187   try {[39m
[31m→ 188     const livestock = await prisma.livestock.findUnique([39m
[31mThe column `Livestock.isDeleted` does not exist in the current database. [39m
[31mInvalid `prisma.livestock.findUnique()` invocation in[39m
[31mC:\Users\DoBUY\Agritech-Backend\src\contollers\livestock.controller.ts:188:46[39m

[31m  185   next: NextFunction[39m
[31m  186 ): Promise<void> => {[39m
[31m  187   try {[39m
[31m→ 188     const livestock = await prisma.livestock.findUnique([39m
[31mThe column `Livestock.isDeleted` does not exist in the current database.[39m
2025-07-04 15:17:31 [32minfo[39m [32mDELETE /api/v1/livestock/cmcoq0grp0001t1tsd0hdha0r 400 8.601 ms - 396[39m
[32m[39m
2025-07-06 04:53:00 [32minfo[39m [32mPOST /api/v1/auth/login 200 297.186 ms - 434[39m
[32m[39m
2025-07-06 04:53:31 [31merror[39m [31mLivestock not found Livestock not found[39m
2025-07-06 04:53:31 [32minfo[39m [32mPOST /api/v1/livestock/cmcoq0grp0001t1tsd0hdha0r/vaccinations 404 38.751 ms - 47[39m
[32m[39m
2025-07-06 04:54:57 [32minfo[39m [32mPOST /api/v1/livestock/cmcop7ll30001t1ncj7c9hsa7/vaccinations 201 28.852 ms - 1033[39m
[32m[39m
2025-07-06 04:59:15 [32minfo[39m [32mGET /api/v1/livestock/cmcop7ll30001t1ncj7c9hsa7/vaccinations 401 1.078 ms - 66[39m
[32m[39m
2025-07-06 04:59:28 [32minfo[39m [32mGET /api/v1/livestock/cmcop7ll30001t1ncj7c9hsa7/vaccinations 200 209.185 ms - 1103[39m
[32m[39m
2025-07-06 05:00:56 [32minfo[39m [32mGET /api/v1/vaccinations 401 0.641 ms - 66[39m
[32m[39m
2025-07-06 05:01:25 [32minfo[39m [32mGET /api/v1/vaccinations 200 17.591 ms - 1100[39m
[32m[39m
2025-07-06 05:02:15 [32minfo[39m [32mPOST /api/v1/livestock/cmcop7ll30001t1ncj7c9hsa7/vaccinations 201 19.197 ms - 1030[39m
[32m[39m
2025-07-06 05:02:31 [32minfo[39m [32mGET /api/v1/vaccinations 200 16.009 ms - 2045[39m
[32m[39m
2025-07-06 05:05:17 [32minfo[39m [32mPATCH /api/v1/vaccinations/cmcr5buck0003t1zgkb18qryv 422 83.008 ms - 1067[39m
[32m[39m
2025-07-06 05:11:21 [32minfo[39m [32mPATCH /api/v1/vaccinations/cmcr5buck0003t1zgkb18qryv 200 176.479 ms - 1007[39m
[32m[39m
2025-07-06 05:11:33 [32minfo[39m [32mGET /api/v1/vaccinations 200 20.662 ms - 2023[39m
[32m[39m
2025-07-06 05:12:17 [32minfo[39m [32mPATCH /api/v1/vaccinations/cmcr5buck0003t1zgkb18qryv 200 22.613 ms - 1007[39m
[32m[39m
2025-07-06 05:13:02 [32minfo[39m [32mPATCH /api/v1/vaccinations/cmcr5buck0003t1zgkb18qryv 200 19.742 ms - 1007[39m
[32m[39m
2025-07-06 05:14:06 [32minfo[39m [32mPATCH /api/v1/vaccinations/cmcr5buck0003t1zgkb18qryv 422 127.665 ms - 1067[39m
[32m[39m
2025-07-06 05:15:36 [32minfo[39m [32mPATCH /api/v1/vaccinations/cmcr5buck0003t1zgkb18qryv 422 5.912 ms - 1067[39m
[32m[39m
2025-07-06 05:15:39 [32minfo[39m [32mPATCH /api/v1/vaccinations/cmcr5buck0003t1zgkb18qryv 422 6.084 ms - 1067[39m
[32m[39m
2025-07-06 05:18:10 [32minfo[39m [32mPATCH /api/v1/vaccinations/cmcr5buck0003t1zgkb18qryv 200 349.506 ms - 1007[39m
[32m[39m
2025-07-06 05:19:04 [32minfo[39m [32mPATCH /api/v1/vaccinations/cmcr5buck0003t1zgkb18qryv 200 125.920 ms - 1007[39m
[32m[39m
2025-07-06 05:34:51 [32minfo[39m [32mPATCH /api/v1/vaccinations/cmcr5buck0003t1zgkb18qryv 200 131.113 ms - 1017[39m
[32m[39m
2025-07-06 05:35:11 [32minfo[39m [32mPATCH /api/v1/vaccinations/cmcr5buck0003t1zgkb18qryv 200 20.554 ms - 1017[39m
[32m[39m
2025-07-06 05:35:48 [32minfo[39m [32mPATCH /api/v1/vaccinations/cmcr5buck0003t1zgkb18qryv 200 21.071 ms - 1009[39m
[32m[39m
2025-07-06 05:36:03 [32minfo[39m [32mPATCH /api/v1/vaccinations/cmcr5buck0003t1zgkb18qryv 200 31.709 ms - 1007[39m
[32m[39m
2025-07-06 05:48:15 [32minfo[39m [32mGET /api/v1/vaccinations 200 94.281 ms - 2023[39m
[32m[39m
2025-07-06 05:53:38 [32minfo[39m [32mDELETE /api/v1/vaccinations/cmcr5buck0003t1zgkb18qryv 401 2.084 ms - 64[39m
[32m[39m
2025-07-06 05:53:57 [32minfo[39m [32mPOST /api/v1/auth/login 200 193.438 ms - 434[39m
[32m[39m
2025-07-06 05:54:32 [32minfo[39m [32mDELETE /api/v1/vaccinations/cmcr5buck0003t1zgkb18qryv 200 20.328 ms - 78[39m
[32m[39m
2025-07-06 05:55:27 [32minfo[39m [32mGET /api/v1/livestock/cmcop7ll30001t1ncj7c9hsa7/vaccinations 401 2.414 ms - 64[39m
[32m[39m
2025-07-06 05:58:05 [31merror[39m [31mVaccination record not found Vaccination record not found[39m
2025-07-06 05:58:05 [32minfo[39m [32mGET /api/v1/vaccinations/cmcr5buck0003t1zgkb18qryv 404 19.957 ms - 56[39m
[32m[39m
2025-07-06 05:58:19 [32minfo[39m [32mGET /api/v1/livestock/:livestockId/vaccinations 401 1.684 ms - 64[39m
[32m[39m
2025-07-06 05:59:33 [32minfo[39m [32mGET /api/v1/livestock/:livestockId/vaccinations 200 83.887 ms - 156[39m
[32m[39m
2025-07-06 05:59:48 [32minfo[39m [32mGET /api/v1/vaccinations 401 2.417 ms - 64[39m
[32m[39m
2025-07-06 05:59:56 [32minfo[39m [32mGET /api/v1/vaccinations 200 10.300 ms - 1100[39m
[32m[39m
2025-07-06 06:00:20 [32minfo[39m [32mGET /api/v1/vaccinations/cmcr52gjy0001t1zg25iuk1z5 200 6.225 ms - 1034[39m
[32m[39m
2025-07-06 06:26:30 [31merror[39m [31mDatabase validation error: [39m
[31mInvalid `prisma.livestock.findMany()` invocation in[39m
[31mC:\Users\DoBUY\Agritech-Backend\src\contollers\livestock.controller.ts:91:46[39m

[31m  88   ...(type && { type: String(type) }) [39m
[31m  89 };[39m
[31m  90 [39m
[31m→ 91 const livestock = await prisma.livestock.findMany({[39m
[31m       where: {[39m
[31m         isDeleted: false,[39m
[31m         ~~~~~~~~~[39m
[31m     ?   AND?: LivestockWhereInput | LivestockWhereInput[],[39m
[31m     ?   OR?: LivestockWhereInput[],[39m
[31m     ?   NOT?: LivestockWhereInput | LivestockWhereInput[],[39m
[31m     ?   id?: StringFilter | String,[39m
[31m     ?   tagId?: StringFilter | String,[39m
[31m     ?   type?: StringFilter | String,[39m
[31m     ?   breed?: StringNullableFilter | String | Null,[39m
[31m     ?   birthDate?: DateTimeNullableFilter | DateTime | Null,[39m
[31m     ?   healthStatus?: EnumHealthStatusFilter | HealthStatus,[39m
[31m     ?   weight?: FloatNullableFilter | Float | Null,[39m
[31m     ?   gender?: StringFilter | String,[39m
[31m     ?   livestockSource?: StringNullableFilter | String | Null,[39m
[31m     ?   livestockPurpose?: StringNullableFilter | String | Null,[39m
[31m     ?   addedById?: StringFilter | String,[39m
[31m     ?   updatedById?: StringNullableFilter | String | Null,[39m
[31m     ?   createdAt?: DateTimeFilter | DateTime,[39m
[31m     ?   updatedAt?: DateTimeFilter | DateTime,[39m
[31m     ?   addedBy?: UserScalarRelationFilter | UserWhereInput,[39m
[31m     ?   updatedBy?: UserNullableScalarRelationFilter | UserWhereInput | Null,[39m
[31m     ?   vaccinationRecords?: VaccinationListRelationFilter[39m
[31m       },[39m
[31m       skip: 0,[39m
[31m       take: 10,[39m
[31m       include: {[39m
[31m         addedBy: true[39m
[31m       },[39m
[31m       orderBy: {[39m
[31m         createdAt: "desc"[39m
[31m       }[39m
[31m     })[39m

[31mUnknown argument `isDeleted`. Available options are marked with ?. [39m
[31mInvalid `prisma.livestock.findMany()` invocation in[39m
[31mC:\Users\DoBUY\Agritech-Backend\src\contollers\livestock.controller.ts:91:46[39m

[31m  88   ...(type && { type: String(type) }) [39m
[31m  89 };[39m
[31m  90 [39m
[31m→ 91 const livestock = await prisma.livestock.findMany({[39m
[31m       where: {[39m
[31m         isDeleted: false,[39m
[31m         ~~~~~~~~~[39m
[31m     ?   AND?: LivestockWhereInput | LivestockWhereInput[],[39m
[31m     ?   OR?: LivestockWhereInput[],[39m
[31m     ?   NOT?: LivestockWhereInput | LivestockWhereInput[],[39m
[31m     ?   id?: StringFilter | String,[39m
[31m     ?   tagId?: StringFilter | String,[39m
[31m     ?   type?: StringFilter | String,[39m
[31m     ?   breed?: StringNullableFilter | String | Null,[39m
[31m     ?   birthDate?: DateTimeNullableFilter | DateTime | Null,[39m
[31m     ?   healthStatus?: EnumHealthStatusFilter | HealthStatus,[39m
[31m     ?   weight?: FloatNullableFilter | Float | Null,[39m
[31m     ?   gender?: StringFilter | String,[39m
[31m     ?   livestockSource?: StringNullableFilter | String | Null,[39m
[31m     ?   livestockPurpose?: StringNullableFilter | String | Null,[39m
[31m     ?   addedById?: StringFilter | String,[39m
[31m     ?   updatedById?: StringNullableFilter | String | Null,[39m
[31m     ?   createdAt?: DateTimeFilter | DateTime,[39m
[31m     ?   updatedAt?: DateTimeFilter | DateTime,[39m
[31m     ?   addedBy?: UserScalarRelationFilter | UserWhereInput,[39m
[31m     ?   updatedBy?: UserNullableScalarRelationFilter | UserWhereInput | Null,[39m
[31m     ?   vaccinationRecords?: VaccinationListRelationFilter[39m
[31m       },[39m
[31m       skip: 0,[39m
[31m       take: 10,[39m
[31m       include: {[39m
[31m         addedBy: true[39m
[31m       },[39m
[31m       orderBy: {[39m
[31m         createdAt: "desc"[39m
[31m       }[39m
[31m     })[39m

[31mUnknown argument `isDeleted`. Available options are marked with ?.[39m
2025-07-06 06:26:30 [32minfo[39m [32mGET /api/v1/livestock 422 124.967 ms - 1720[39m
[32m[39m
2025-07-06 06:28:19 [31merror[39m [31mDatabase validation error: [39m
[31mInvalid `prisma.livestock.findMany()` invocation in[39m
[31mC:\Users\DoBUY\Agritech-Backend\src\contollers\livestock.controller.ts:91:46[39m

[31m  88   ...(type && { type: String(type) }) [39m
[31m  89 };[39m
[31m  90 [39m
[31m→ 91 const livestock = await prisma.livestock.findMany({[39m
[31m       where: {[39m
[31m         isDeleted: false,[39m
[31m         ~~~~~~~~~[39m
[31m     ?   AND?: LivestockWhereInput | LivestockWhereInput[],[39m
[31m     ?   OR?: LivestockWhereInput[],[39m
[31m     ?   NOT?: LivestockWhereInput | LivestockWhereInput[],[39m
[31m     ?   id?: StringFilter | String,[39m
[31m     ?   tagId?: StringFilter | String,[39m
[31m     ?   type?: StringFilter | String,[39m
[31m     ?   breed?: StringNullableFilter | String | Null,[39m
[31m     ?   birthDate?: DateTimeNullableFilter | DateTime | Null,[39m
[31m     ?   healthStatus?: EnumHealthStatusFilter | HealthStatus,[39m
[31m     ?   weight?: FloatNullableFilter | Float | Null,[39m
[31m     ?   gender?: StringFilter | String,[39m
[31m     ?   livestockSource?: StringNullableFilter | String | Null,[39m
[31m     ?   livestockPurpose?: StringNullableFilter | String | Null,[39m
[31m     ?   addedById?: StringFilter | String,[39m
[31m     ?   updatedById?: StringNullableFilter | String | Null,[39m
[31m     ?   createdAt?: DateTimeFilter | DateTime,[39m
[31m     ?   updatedAt?: DateTimeFilter | DateTime,[39m
[31m     ?   addedBy?: UserScalarRelationFilter | UserWhereInput,[39m
[31m     ?   updatedBy?: UserNullableScalarRelationFilter | UserWhereInput | Null,[39m
[31m     ?   vaccinationRecords?: VaccinationListRelationFilter[39m
[31m       },[39m
[31m       skip: 0,[39m
[31m       take: 10,[39m
[31m       include: {[39m
[31m         addedBy: true[39m
[31m       },[39m
[31m       orderBy: {[39m
[31m         createdAt: "desc"[39m
[31m       }[39m
[31m     })[39m

[31mUnknown argument `isDeleted`. Available options are marked with ?. [39m
[31mInvalid `prisma.livestock.findMany()` invocation in[39m
[31mC:\Users\DoBUY\Agritech-Backend\src\contollers\livestock.controller.ts:91:46[39m

[31m  88   ...(type && { type: String(type) }) [39m
[31m  89 };[39m
[31m  90 [39m
[31m→ 91 const livestock = await prisma.livestock.findMany({[39m
[31m       where: {[39m
[31m         isDeleted: false,[39m
[31m         ~~~~~~~~~[39m
[31m     ?   AND?: LivestockWhereInput | LivestockWhereInput[],[39m
[31m     ?   OR?: LivestockWhereInput[],[39m
[31m     ?   NOT?: LivestockWhereInput | LivestockWhereInput[],[39m
[31m     ?   id?: StringFilter | String,[39m
[31m     ?   tagId?: StringFilter | String,[39m
[31m     ?   type?: StringFilter | String,[39m
[31m     ?   breed?: StringNullableFilter | String | Null,[39m
[31m     ?   birthDate?: DateTimeNullableFilter | DateTime | Null,[39m
[31m     ?   healthStatus?: EnumHealthStatusFilter | HealthStatus,[39m
[31m     ?   weight?: FloatNullableFilter | Float | Null,[39m
[31m     ?   gender?: StringFilter | String,[39m
[31m     ?   livestockSource?: StringNullableFilter | String | Null,[39m
[31m     ?   livestockPurpose?: StringNullableFilter | String | Null,[39m
[31m     ?   addedById?: StringFilter | String,[39m
[31m     ?   updatedById?: StringNullableFilter | String | Null,[39m
[31m     ?   createdAt?: DateTimeFilter | DateTime,[39m
[31m     ?   updatedAt?: DateTimeFilter | DateTime,[39m
[31m     ?   addedBy?: UserScalarRelationFilter | UserWhereInput,[39m
[31m     ?   updatedBy?: UserNullableScalarRelationFilter | UserWhereInput | Null,[39m
[31m     ?   vaccinationRecords?: VaccinationListRelationFilter[39m
[31m       },[39m
[31m       skip: 0,[39m
[31m       take: 10,[39m
[31m       include: {[39m
[31m         addedBy: true[39m
[31m       },[39m
[31m       orderBy: {[39m
[31m         createdAt: "desc"[39m
[31m       }[39m
[31m     })[39m

[31mUnknown argument `isDeleted`. Available options are marked with ?.[39m
2025-07-06 06:28:19 [32minfo[39m [32mGET /api/v1/livestock 422 11.918 ms - 1720[39m
[32m[39m
2025-07-06 06:29:54 [32minfo[39m [32mGET /api/v1/livestock 200 132.370 ms - 1017[39m
[32m[39m
2025-07-06 09:46:21 [32minfo[39m [32mPOST /api/v1/auth/login 200 254.440 ms - 434[39m
[32m[39m
2025-07-06 09:47:14 [32minfo[39m [32mPOST /api/v1/livestock/cmcop7ll30001t1ncj7c9hsa7/sickness 422 19.646 ms - 311[39m
[32m[39m
2025-07-06 09:48:27 [31merror[39m [31mDatabase validation error: [39m
[31mInvalid `prisma.sickness.create()` invocation in[39m
[31mC:\Users\DoBUY\Agritech-Backend\src\contollers\sickness.controllers.ts:25:23[39m

[31m  22 [39m
[31m  23 // Create sickness record and update livestock status in a transaction[39m
[31m  24 const [sickness] = await prisma.$transaction([[39m
[31m→ 25   prisma.sickness.create({[39m
[31m         data: {[39m
[31m           livestockId: "cmcop7ll30001t1ncj7c9hsa7",[39m
[31m           dateOfObservation: new Date("Invalid Date"),[39m
[31m                              ~~~~~~~~~~~~~~~~~~~~~~~~[39m
[31m           observedSymptoms: "Lethargy, loss of appetite",[39m
[31m           suspectedCause: "Possible infection",[39m
[31m           notes: "Isolated from herd",[39m
[31m           recordedById: "cmcnjxm6s0000t1p8rcay1eoq"[39m
[31m         },[39m
[31m         include: {[39m
[31m           livestock: true,[39m
[31m           recordedBy: {[39m
[31m             select: {[39m
[31m               id: true,[39m
[31m               fullName: true,[39m
[31m               email: true,[39m
[31m               role: true,[39m
[31m               isVerified: true,[39m
[31m               avatar: true,[39m
[31m               location: true,[39m
[31m               createdAt: true,[39m
[31m               updatedAt: true[39m
[31m             }[39m
[31m           }[39m
[31m         }[39m
[31m       })[39m

[31mInvalid value for argument `dateOfObservation`: Provided Date object is invalid. Expected Date. [39m
[31mInvalid `prisma.sickness.create()` invocation in[39m
[31mC:\Users\DoBUY\Agritech-Backend\src\contollers\sickness.controllers.ts:25:23[39m

[31m  22 [39m
[31m  23 // Create sickness record and update livestock status in a transaction[39m
[31m  24 const [sickness] = await prisma.$transaction([[39m
[31m→ 25   prisma.sickness.create({[39m
[31m         data: {[39m
[31m           livestockId: "cmcop7ll30001t1ncj7c9hsa7",[39m
[31m           dateOfObservation: new Date("Invalid Date"),[39m
[31m                              ~~~~~~~~~~~~~~~~~~~~~~~~[39m
[31m           observedSymptoms: "Lethargy, loss of appetite",[39m
[31m           suspectedCause: "Possible infection",[39m
[31m           notes: "Isolated from herd",[39m
[31m           recordedById: "cmcnjxm6s0000t1p8rcay1eoq"[39m
[31m         },[39m
[31m         include: {[39m
[31m           livestock: true,[39m
[31m           recordedBy: {[39m
[31m             select: {[39m
[31m               id: true,[39m
[31m               fullName: true,[39m
[31m               email: true,[39m
[31m               role: true,[39m
[31m               isVerified: true,[39m
[31m               avatar: true,[39m
[31m               location: true,[39m
[31m               createdAt: true,[39m
[31m               updatedAt: true[39m
[31m             }[39m
[31m           }[39m
[31m         }[39m
[31m       })[39m

[31mInvalid value for argument `dateOfObservation`: Provided Date object is invalid. Expected Date.[39m
2025-07-06 09:48:27 [32minfo[39m [32mPOST /api/v1/livestock/cmcop7ll30001t1ncj7c9hsa7/sickness 422 39.215 ms - 1306[39m
[32m[39m
2025-07-06 09:53:00 [32minfo[39m [32mPOST /api/v1/livestock/cmcop7ll30001t1ncj7c9hsa7/sickness 201 265.304 ms - 1071[39m
[32m[39m
2025-07-06 10:03:14 [32minfo[39m [32mPOST /api/v1/livestock/cmcop7ll30001t1ncj7c9hsa7/sickness 422 312.631 ms - 383[39m
[32m[39m
2025-07-06 10:05:22 [32minfo[39m [32mPOST /api/v1/livestock/cmcop7ll30001t1ncj7c9hsa7/sickness 422 118.589 ms - 112[39m
[32m[39m
2025-07-06 10:05:24 [32minfo[39m [32mPOST /api/v1/livestock/cmcop7ll30001t1ncj7c9hsa7/sickness 422 5.253 ms - 112[39m
[32m[39m
2025-07-06 10:05:26 [32minfo[39m [32mPOST /api/v1/livestock/cmcop7ll30001t1ncj7c9hsa7/sickness 422 4.944 ms - 112[39m
[32m[39m
2025-07-06 10:05:30 [32minfo[39m [32mPOST /api/v1/livestock/cmcop7ll30001t1ncj7c9hsa7/sickness 422 4.126 ms - 112[39m
[32m[39m
2025-07-06 10:05:49 [32minfo[39m [32mPOST /api/v1/livestock/cmcop7ll30001t1ncj7c9hsa7/sickness 422 219.687 ms - 112[39m
[32m[39m
2025-07-06 10:09:28 [32minfo[39m [32mPOST /api/v1/livestock/cmcop7ll30001t1ncj7c9hsa7/sickness 422 131.288 ms - 147[39m
[32m[39m
2025-07-06 10:09:49 [32minfo[39m [32mPOST /api/v1/livestock/cmcop7ll30001t1ncj7c9hsa7/sickness 422 14.924 ms - 147[39m
[32m[39m
2025-07-06 10:11:58 [32minfo[39m [32mPOST /api/v1/livestock/cmcop7ll30001t1ncj7c9hsa7/sickness 422 113.288 ms - 197[39m
[32m[39m
2025-07-06 10:20:40 [32minfo[39m [32mPOST /api/v1/livestock/cmcop7ll30001t1ncj7c9hsa7/sickness 422 272.965 ms - 197[39m
[32m[39m
2025-07-06 10:20:53 [32minfo[39m [32mPOST /api/v1/livestock/cmcop7ll30001t1ncj7c9hsa7/sickness 422 6.288 ms - 197[39m
[32m[39m
2025-07-06 10:21:39 [32minfo[39m [32mPOST /api/v1/livestock/cmcop7ll30001t1ncj7c9hsa7/sickness 201 162.067 ms - 1053[39m
[32m[39m
2025-07-06 10:21:48 [32minfo[39m [32mPOST /api/v1/livestock/cmcop7ll30001t1ncj7c9hsa7/sickness 401 2.885 ms - 70[39m
[32m[39m
2025-07-06 10:21:54 [32minfo[39m [32mPOST /api/v1/livestock/cmcop7ll30001t1ncj7c9hsa7/sickness 201 21.798 ms - 1053[39m
[32m[39m
2025-07-06 10:46:54 [32minfo[39m [32mPOST /api/v1/livestock/cmcop7ll30001t1ncj7c9hsa7/treatment 401 3.539 ms - 64[39m
[32m[39m
2025-07-06 10:47:11 [32minfo[39m [32mPOST /api/v1/livestock/cmcop7ll30001t1ncj7c9hsa7/treatment 401 1.936 ms - 64[39m
[32m[39m
2025-07-06 10:47:14 [32minfo[39m [32mPOST /api/v1/auth/login 200 234.541 ms - 434[39m
[32m[39m
2025-07-06 10:47:28 [32minfo[39m [32mPOST /api/v1/livestock/cmcop7ll30001t1ncj7c9hsa7/treatment 422 6.342 ms - 457[39m
[32m[39m
2025-07-06 10:47:30 [32minfo[39m [32mPOST /api/v1/livestock/cmcop7ll30001t1ncj7c9hsa7/treatment 422 4.462 ms - 457[39m
[32m[39m
2025-07-06 10:49:45 [32minfo[39m [32mPOST /api/v1/livestock/cmcop7ll30001t1ncj7c9hsa7/treatment 422 117.060 ms - 457[39m
[32m[39m
2025-07-06 10:50:19 [32minfo[39m [32mPOST /api/v1/livestock/cmcop7ll30001t1ncj7c9hsa7/treatment 422 5.454 ms - 457[39m
[32m[39m
2025-07-06 10:50:56 [32minfo[39m [32mPOST /api/v1/livestock/cmcop7ll30001t1ncj7c9hsa7/treatment 422 128.482 ms - 457[39m
[32m[39m
2025-07-06 10:56:51 [32minfo[39m [32mPOST /api/v1/livestock/cmcop7ll30001t1ncj7c9hsa7/treatment 422 120.814 ms - 457[39m
[32m[39m
2025-07-06 10:58:26 [32minfo[39m [32mPOST /api/v1/livestock/cmcop7ll30001t1ncj7c9hsa7/treatment 422 6.445 ms - 457[39m
[32m[39m
2025-07-06 10:59:47 [31merror[39m [31mExpected ',' or '}' after property value in JSON at position 191 (line 7 column 31) Expected ',' or '}' after property value in JSON at position 191 (line 7 column 31)[39m
2025-07-06 11:00:26 [32minfo[39m [32mPOST /api/v1/livestock/cmcop7ll30001t1ncj7c9hsa7/treatment 422 4.866 ms - 457[39m
[32m[39m
2025-07-06 11:00:34 [32minfo[39m [32mPOST /api/v1/livestock/cmcop7ll30001t1ncj7c9hsa7/treatment 201 31.660 ms - 1130[39m
[32m[39m
2025-07-06 11:02:19 [32minfo[39m [32mGET /api/v1/livestock 401 2.183 ms - 64[39m
[32m[39m
2025-07-06 11:02:52 [32minfo[39m [32mGET /api/v1/livestock 200 100.739 ms - 1050[39m
[32m[39m
2025-07-06 11:04:13 [32minfo[39m [32mGET /api/v1/livestock 200 214.343 ms - 793[39m
[32m[39m
2025-07-06 11:11:57 [32minfo[39m [32mGET /api/v1/sickness 401 10.124 ms - 64[39m
[32m[39m
2025-07-06 11:12:23 [31merror[39m [31mSickness record not found Sickness record not found[39m
2025-07-06 11:12:23 [32minfo[39m [32mGET /api/v1/sickness 404 117.669 ms - 53[39m
[32m[39m
2025-07-06 11:12:48 [31merror[39m [31mSickness record not found Sickness record not found[39m
2025-07-06 11:12:48 [32minfo[39m [32mGET /api/v1/sickness 404 8.041 ms - 53[39m
[32m[39m
2025-07-06 11:12:49 [31merror[39m [31mSickness record not found Sickness record not found[39m
2025-07-06 11:12:49 [32minfo[39m [32mGET /api/v1/sickness 404 7.669 ms - 53[39m
[32m[39m
2025-07-06 11:12:50 [31merror[39m [31mSickness record not found Sickness record not found[39m
2025-07-06 11:12:50 [32minfo[39m [32mGET /api/v1/sickness 404 40.141 ms - 53[39m
[32m[39m
2025-07-06 11:12:51 [31merror[39m [31mSickness record not found Sickness record not found[39m
2025-07-06 11:12:51 [32minfo[39m [32mGET /api/v1/sickness 404 7.410 ms - 53[39m
[32m[39m
2025-07-06 11:13:03 [31merror[39m [31mSickness record not found Sickness record not found[39m
2025-07-06 11:13:03 [32minfo[39m [32mGET /api/v1/sickness 404 10.758 ms - 53[39m
[32m[39m
2025-07-06 11:14:25 [31merror[39m [31mSickness record not found Sickness record not found[39m
2025-07-06 11:14:25 [32minfo[39m [32mGET /api/v1/sickness 404 6.104 ms - 53[39m
[32m[39m
2025-07-06 11:16:37 [31merror[39m [31mSickness record not found Sickness record not found[39m
2025-07-06 11:16:37 [32minfo[39m [32mGET /api/v1/sickness?livestockId=cmcop7ll30001t1ncj7c9hsa7 404 7.877 ms - 53[39m
[32m[39m
2025-07-06 11:17:24 [31merror[39m [31mSickness record not found Sickness record not found[39m
2025-07-06 11:17:24 [32minfo[39m [32mGET /api/v1/sickness 404 81.084 ms - 53[39m
[32m[39m
2025-07-06 11:25:55 [32minfo[39m [32mGET /api/v1/sickness 200 119.346 ms - 3123[39m
[32m[39m
2025-07-06 11:40:47 [32minfo[39m [32mPOST /api/v1/livestock/cmcop7ll30001t1ncj7c9hsa7/sickness 404 0.984 ms - 156[39m
[32m[39m
2025-07-06 11:41:01 [32minfo[39m [32mPOST /api/v1/sickness/livestock/cmcop7ll30001t1ncj7c9hsa7/sickness 401 2.957 ms - 64[39m
[32m[39m
2025-07-06 11:41:02 [32minfo[39m [32mPOST /api/v1/sickness/livestock/cmcop7ll30001t1ncj7c9hsa7/sickness 401 1.991 ms - 64[39m
[32m[39m
2025-07-06 11:41:14 [32minfo[39m [32mPOST /api/v1/sickness/livestock/cmcop7ll30001t1ncj7c9hsa7/sickness 201 107.883 ms - 1052[39m
[32m[39m
2025-07-06 11:49:27 [32minfo[39m [32mGET /api/v1/sickness?livestockId=cmcop7ll30001t1ncj7c9hsa7 401 1.954 ms - 64[39m
[32m[39m
2025-07-06 11:49:38 [32minfo[39m [32mPOST /api/v1/auth/login 200 232.898 ms - 434[39m
[32m[39m
2025-07-06 11:49:56 [32minfo[39m [32mGET /api/v1/sickness?livestockId=cmcop7ll30001t1ncj7c9hsa7 200 23.576 ms - 4112[39m
[32m[39m
2025-07-06 12:00:30 [32minfo[39m [32mGET /api/v1/livestock/cmcop7ll30001t1ncj7c9hsa7/treatment 404 0.634 ms - 157[39m
[32m[39m
2025-07-06 12:00:54 [32minfo[39m [32mGET /api/v1/treatment/livestock/cmcop7ll30001t1ncj7c9hsa7/treatment 404 0.432 ms - 167[39m
[32m[39m
2025-07-06 12:01:18 [32minfo[39m [32mGET /api/v1/treatments 404 0.275 ms - 122[39m
[32m[39m
2025-07-06 12:01:53 [32minfo[39m [32mGET /api/v1/treatment 200 87.767 ms - 1176[39m
[32m[39m
2025-07-06 12:10:07 [32minfo[39m [32mGET /api/v1/treatment?livestockId=cmcop7ll30001t1ncj7c9hsa7 200 88.950 ms - 1176[39m
[32m[39m
2025-07-06 12:20:51 [31merror[39m [31mSickness record not found Sickness record not found[39m
2025-07-06 12:20:51 [32minfo[39m [32mGET /api/v1/sickness/cmcop7ll30001t1ncj7c9hsa7 404 137.646 ms - 53[39m
[32m[39m
2025-07-06 12:22:07 [32minfo[39m [32mGET /api/v1/sickness/sickness/cmcop7ll30001t1ncj7c9hsa7 404 0.321 ms - 155[39m
[32m[39m
2025-07-06 12:22:09 [32minfo[39m [32mGET /api/v1/sickness/sickness/cmcop7ll30001t1ncj7c9hsa7 404 0.296 ms - 155[39m
[32m[39m
2025-07-06 12:22:50 [32minfo[39m [32mGET /api/v1/sickness/cmcrgql4m0001t1lsf57061g1 200 11.337 ms - 1063[39m
[32m[39m
2025-07-06 12:25:45 [31merror[39m [31mTreatment record not found Treatment record not found[39m
2025-07-06 12:25:45 [32minfo[39m [32mGET /api/v1/treatment/cmcrgql4m0001t1lsf57061g1 404 9.473 ms - 54[39m
[32m[39m
2025-07-06 12:26:16 [32minfo[39m [32mGET /api/v1/treatment/cmcri4n9b0001t1pwbicfgn6z 200 187.282 ms - 1117[39m
[32m[39m
2025-07-06 12:34:24 [32minfo[39m [32mPOST /api/v1/treatment/cmcri4n9b0001t1pwbicfgn6z 404 6.770 ms - 147[39m
[32m[39m
2025-07-06 12:34:54 [32minfo[39m [32mPOST /api/v1/treatment/cmcop7ll30001t1ncj7c9hsa7 404 0.884 ms - 147[39m
[32m[39m
2025-07-06 12:34:56 [32minfo[39m [32mPOST /api/v1/treatment/cmcop7ll30001t1ncj7c9hsa7 404 0.455 ms - 147[39m
[32m[39m
2025-07-06 12:35:15 [32minfo[39m [32mPOST /api/v1/treatment/cmcop7ll30001t1ncj7c9hsa7 404 0.363 ms - 147[39m
[32m[39m
2025-07-06 12:36:32 [32minfo[39m [32mPOST /api/v1/treatment/cmcop7ll30001t1ncj7c9hsa7 404 6.120 ms - 147[39m
[32m[39m
2025-07-06 12:37:00 [31merror[39m [31mTreatment record not found Treatment record not found[39m
2025-07-06 12:37:00 [32minfo[39m [32mGET /api/v1/treatment/cmcop7ll30001t1ncj7c9hsa7 404 108.721 ms - 54[39m
[32m[39m
2025-07-06 12:37:29 [32minfo[39m [32mPOST /api/v1/treatment/cmcop7ll30001t1ncj7c9hsa7 404 0.467 ms - 147[39m
[32m[39m
2025-07-06 12:37:48 [32minfo[39m [32mPOST /api/v1/treatment/cmcop7ll30001t1ncj7c9hsa7 404 0.446 ms - 147[39m
[32m[39m
2025-07-06 12:39:16 [32minfo[39m [32mPOST /api/v1/treatment/livestock/cmcop7ll30001t1ncj7c9hsa7 422 10.547 ms - 457[39m
[32m[39m
2025-07-06 12:41:06 [32minfo[39m [32mPOST /api/v1/treatment/livestock/cmcop7ll30001t1ncj7c9hsa7 201 29.572 ms - 1129[39m
[32m[39m
2025-07-06 12:41:20 [32minfo[39m [32mGET /api/v1/treatment 200 11.934 ms - 2224[39m
[32m[39m
2025-07-06 12:43:18 [32minfo[39m [32mPOST /api/v1/treatment/livestock/cmcop7ll30001t1ncj7c9hsa7 201 97.358 ms - 1121[39m
[32m[39m
2025-07-06 12:43:30 [32minfo[39m [32mGET /api/v1/treatment 200 10.245 ms - 3264[39m
[32m[39m
2025-07-07 02:25:39 [32minfo[39m [32mPOST /api/v1/auth/login 200 261.971 ms - 434[39m
[32m[39m
2025-07-07 02:26:34 [32minfo[39m [32mGET /api/v1/livestock 200 43.991 ms - 793[39m
[32m[39m
2025-07-07 02:26:49 [31merror[39m [31mInternal Server Error Invalid offtake type[39m
2025-07-07 02:26:49 [32minfo[39m [32mPOST /api/v1/offtake/livestock/cmcop7ll30001t1ncj7c9hsa7/ 500 19.511 ms - 49[39m
[32m[39m
2025-07-07 02:27:08 [31merror[39m [31mInternal Server Error Invalid offtake type[39m
2025-07-07 02:27:08 [32minfo[39m [32mPOST /api/v1/offtake/livestock/cmcop7ll30001t1ncj7c9hsa7 500 5.654 ms - 49[39m
[32m[39m
2025-07-07 02:28:44 [31merror[39m [31mInternal Server Error Invalid offtake type[39m
2025-07-07 02:28:44 [32minfo[39m [32mPOST /api/v1/offtake/livestock/cmcop7ll30001t1ncj7c9hsa7 500 118.581 ms - 49[39m
[32m[39m
2025-07-07 02:29:24 [31merror[39m [31mInternal Server Error Invalid offtake type[39m
2025-07-07 02:29:24 [32minfo[39m [32mPOST /api/v1/offtake/livestock/cmcop7ll30001t1ncj7c9hsa7 500 6.574 ms - 49[39m
[32m[39m
2025-07-07 02:29:57 [32minfo[39m [32mGET /api/v1/livestock 200 14.883 ms - 793[39m
[32m[39m
2025-07-07 02:30:11 [32minfo[39m [32mPOST /api/v1/auth/login 200 126.315 ms - 434[39m
[32m[39m
2025-07-07 02:30:41 [32minfo[39m [32mPOST /api/v1/offtake/livestock/cmcop7ll30001t1ncj7c9hsa7 201 24.465 ms - 881[39m
[32m[39m
2025-07-07 02:39:54 [32minfo[39m [32mPOST /api/v1/offtake/livestock/cmcop7ll30001t1ncj7c9hsa7 422 118.635 ms - 287[39m
[32m[39m
2025-07-07 09:36:18 [32minfo[39m [32mPOST /api/v1/auth/login 200 231.229 ms - 434[39m
[32m[39m
2025-07-07 09:36:35 [32minfo[39m [32mGET /api/v1/offtake/livestock/cmcop7ll30001t1ncj7c9hsa7 200 100.797 ms - 836[39m
[32m[39m
2025-07-07 10:18:58 [32minfo[39m [32mGET /api/v1/offtake?type=SALE 200 290.011 ms - 830[39m
[32m[39m
2025-07-07 10:51:29 [32minfo[39m [32mGET /api/v1/offtake 401 8.409 ms - 64[39m
[32m[39m
2025-07-07 10:52:13 [32minfo[39m [32mPOST /api/v1/auth/login 200 317.541 ms - 434[39m
[32m[39m
2025-07-07 10:52:28 [32minfo[39m [32mGET /api/v1/offtake 200 107.323 ms - 830[39m
[32m[39m
2025-07-07 15:24:27 [32minfo[39m [32mGET /api/v1/users?role=FARM_KEEPER 401 6.328 ms - 66[39m
[32m[39m
2025-07-07 15:24:34 [32minfo[39m [32mPOST /api/v1/auth/login 200 277.091 ms - 447[39m
[32m[39m
2025-07-07 15:24:58 [32minfo[39m [32mGET /api/v1/users?role=FARM_KEEPER 403 15.426 ms - 73[39m
[32m[39m
2025-07-07 15:25:22 [32minfo[39m [32mGET /api/v1/users?role=COWORKER 403 4.565 ms - 73[39m
[32m[39m
2025-07-07 15:26:10 [32minfo[39m [32mGET /api/v1/users?role=COWORKER 403 7.240 ms - 73[39m
[32m[39m
2025-07-07 15:40:07 [32minfo[39m [32mGET /api/v1/users?role=COWORKER 200 416.234 ms - 644[39m
[32m[39m
2025-07-07 15:49:04 [32minfo[39m [32mGET /api/v1/users?role=FARM_KEEPER 200 158.876 ms - 644[39m
[32m[39m
2025-07-07 15:49:09 [32minfo[39m [32mGET /api/v1/users?role=FARM_KEEPER 200 9.943 ms - 644[39m
[32m[39m
2025-07-07 15:49:10 [32minfo[39m [32mGET /api/v1/users?role=FARM_KEEPER 200 10.645 ms - 644[39m
[32m[39m
2025-07-07 15:49:12 [32minfo[39m [32mGET /api/v1/users?role=FARM_KEEPER 200 5.894 ms - 644[39m
[32m[39m
2025-07-07 15:49:20 [32minfo[39m [32mGET /api/v1/users 200 18.592 ms - 644[39m
[32m[39m
2025-07-07 16:06:27 [32minfo[39m [32mGET /api/v1/users 401 4.961 ms - 66[39m
[32m[39m
2025-07-07 16:06:47 [32minfo[39m [32mPOST /api/v1/auth/login 200 612.144 ms - 447[39m
[32m[39m
2025-07-07 16:07:07 [32minfo[39m [32mGET /api/v1/users 200 90.115 ms - 644[39m
[32m[39m
2025-07-07 16:07:28 [32minfo[39m [32mGET /api/v1/users/profile 200 6.769 ms - 318[39m
[32m[39m
2025-07-07 16:08:11 [32minfo[39m [32mPOST /api/v1/auth/login 200 131.376 ms - 440[39m
[32m[39m
2025-07-07 16:08:32 [32minfo[39m [32mGET /api/v1/users/profile 200 5.454 ms - 307[39m
[32m[39m
2025-07-07 16:08:44 [32minfo[39m [32mPOST /api/v1/auth/login 200 124.108 ms - 447[39m
[32m[39m
2025-07-07 16:09:06 [32minfo[39m [32mGET /api/v1/users/profile 200 6.577 ms - 318[39m
[32m[39m
2025-07-07 16:12:53 [32minfo[39m [32mPATCH /api/v1/users/update 200 87.752 ms - 316[39m
[32m[39m
2025-07-07 16:13:55 [32minfo[39m [32mPATCH /api/v1/users/update 422 169.871 ms - 179[39m
[32m[39m
2025-07-07 16:26:10 [32minfo[39m [32mPATCH /api/v1/users/update 422 182.775 ms - 179[39m
[32m[39m
2025-07-07 16:26:52 [32minfo[39m [32mPATCH /api/v1/users/update 422 16.173 ms - 179[39m
[32m[39m
2025-07-07 16:27:02 [32minfo[39m [32mGET /api/v1/users/profile 200 12.926 ms - 318[39m
[32m[39m
2025-07-07 16:27:30 [32minfo[39m [32mPATCH /api/v1/users/update 422 4.609 ms - 179[39m
[32m[39m
2025-07-07 16:27:32 [32minfo[39m [32mPATCH /api/v1/users/update 422 4.523 ms - 179[39m
[32m[39m
2025-07-07 16:27:45 [32minfo[39m [32mPATCH /api/v1/users/update 200 454.029 ms - 316[39m
[32m[39m
2025-07-07 16:29:39 [32minfo[39m [32mPATCH /api/v1/users/update 200 20.076 ms - 316[39m
[32m[39m
2025-07-07 16:29:52 [32minfo[39m [32mGET /api/v1/users/profile 200 6.139 ms - 318[39m
[32m[39m
2025-07-07 16:33:02 [31merror[39m [31mExpected ':' after property name in JSON at position 48 (line 3 column 16) Expected ':' after property name in JSON at position 48 (line 3 column 16)[39m
2025-07-07 16:33:19 [32minfo[39m [32mPATCH /api/v1/users/update 422 72.815 ms - 298[39m
[32m[39m
2025-07-07 16:33:38 [32minfo[39m [32mPATCH /api/v1/users/update 200 21.412 ms - 324[39m
[32m[39m
2025-07-07 16:34:09 [32minfo[39m [32mPOST /api/v1/auth/login 200 491.304 ms - 476[39m
[32m[39m
2025-07-07 16:35:36 [31merror[39m [31mUser not found User not found[39m
2025-07-07 16:35:36 [32minfo[39m [32mPOST /api/v1/auth/login 404 22.901 ms - 42[39m
[32m[39m
2025-07-07 16:35:51 [32minfo[39m [32mPOST /api/v1/auth/login 422 2.873 ms - 179[39m
[32m[39m
2025-07-07 16:36:14 [32minfo[39m [32mPOST /api/v1/auth/login 422 0.674 ms - 179[39m
[32m[39m
2025-07-07 16:36:24 [32minfo[39m [32mPOST /api/v1/auth/login 200 146.375 ms - 476[39m
[32m[39m
2025-07-07 16:36:47 [32minfo[39m [32mPOST /api/v1/auth/login 200 431.827 ms - 476[39m
[32m[39m
2025-07-07 16:38:25 [32minfo[39m [32mGET /api/v1/users/profile 200 188.514 ms - 326[39m
[32m[39m
2025-07-07 16:38:32 [32minfo[39m [32mPOST /api/v1/auth/login 200 156.656 ms - 476[39m
[32m[39m
2025-07-07 16:39:58 [32minfo[39m [32mPOST /api/v1/auth/login 200 610.707 ms - 577[39m
[32m[39m
2025-07-07 16:43:03 [31merror[39m [31mInternal Server Error The first argument must be of type string or an instance of Buffer, ArrayBuffer, or Array or an Array-like Object. Received undefined[39m
2025-07-07 16:43:03 [32minfo[39m [32mPOST /api/v1/auth/login 500 461.620 ms - 49[39m
[32m[39m
2025-07-07 16:43:22 [31merror[39m [31mInternal Server Error The first argument must be of type string or an instance of Buffer, ArrayBuffer, or Array or an Array-like Object. Received undefined[39m
2025-07-07 16:43:22 [32minfo[39m [32mPOST /api/v1/auth/login 500 15.792 ms - 49[39m
[32m[39m
2025-07-07 16:43:24 [31merror[39m [31mInternal Server Error The first argument must be of type string or an instance of Buffer, ArrayBuffer, or Array or an Array-like Object. Received undefined[39m
2025-07-07 16:43:24 [32minfo[39m [32mPOST /api/v1/auth/login 500 5.505 ms - 49[39m
[32m[39m
2025-07-07 16:43:26 [31merror[39m [31mInternal Server Error The first argument must be of type string or an instance of Buffer, ArrayBuffer, or Array or an Array-like Object. Received undefined[39m
2025-07-07 16:43:26 [32minfo[39m [32mPOST /api/v1/auth/login 500 5.447 ms - 49[39m
[32m[39m
2025-07-07 16:44:34 [32minfo[39m [32mPOST /api/v1/auth/login 200 259.094 ms - 476[39m
[32m[39m
2025-07-07 16:49:59 [32minfo[39m [32mPOST /api/v1/auth/login 200 514.854 ms - 403[39m
[32m[39m
2025-07-07 16:55:19 [32minfo[39m [32mPOST /api/v1/auth/login 200 1954.434 ms - 504[39m
[32m[39m
2025-07-07 16:55:42 [32minfo[39m [32mPOST /api/v1/auth/login 422 4.121 ms - 197[39m
[32m[39m
2025-07-07 16:55:52 [32minfo[39m [32mPOST /api/v1/auth/login 422 3.771 ms - 237[39m
[32m[39m
2025-07-07 16:56:07 [32minfo[39m [32mPOST /api/v1/auth/login 200 157.257 ms - 504[39m
[32m[39m
2025-07-10 19:57:14 [32minfo[39m [32mPOST /api/v1/auth/login 200 342.046 ms - 504[39m
[32m[39m
2025-07-11 08:54:04 [31merror[39m [31mInvalid credentials Invalid credentials[39m
2025-07-11 08:54:04 [32minfo[39m [32mPOST /api/v1/auth/login 401 366.261 ms - 47[39m
[32m[39m
2025-07-11 08:54:23 [32minfo[39m [32mPOST /api/v1/auth/login 200 194.148 ms - 504[39m
[32m[39m
2025-07-11 13:57:06 [32minfo[39m [32mPOST /api/v1/auth/login 200 480.293 ms - 504[39m
[32m[39m
2025-07-11 23:40:57 [31merror[39m [31mUser not found User not found[39m
2025-07-11 23:40:57 [32minfo[39m [32mPOST /api/v1/auth/login 404 2829.416 ms - 42[39m
[32m[39m
2025-07-11 23:41:52 [32minfo[39m [32mPOST /api/v1/auth/login 200 1941.956 ms - 504[39m
[32m[39m
2025-07-14 11:08:30 [32minfo[39m [32mPATCH //api/v1/users/update 404 2.775 ms - 125[39m
[32m[39m
2025-07-14 11:08:39 [32minfo[39m [32mPATCH /api/v1/users/update 401 15.427 ms - 64[39m
[32m[39m
2025-07-14 11:09:13 [32minfo[39m [32mPATCH /api/v1/users/update 200 3397.777 ms - 327[39m
[32m[39m
2025-07-14 11:09:29 [32minfo[39m [32mPATCH /api/v1/users/update 200 948.611 ms - 327[39m
[32m[39m
2025-07-14 11:41:46 [32minfo[39m [32mPOST /api/v1/auth/login 200 3675.674 ms - 507[39m
[32m[39m
2025-07-14 11:41:53 [32minfo[39m [32mPOST /api/v1/auth/login 200 965.490 ms - 507[39m
[32m[39m
2025-07-14 14:04:55 [32minfo[39m [32mPOST /api/v1/auth/login 200 3729.291 ms - 507[39m
[32m[39m
2025-07-14 14:05:52 [31merror[39m [31mPrisma error: [39m
[31mInvalid `prisma.task.findMany()` invocation:[39m


[31mThe table `public.Task` does not exist in the current database. [39m
[31mInvalid `prisma.task.findMany()` invocation:[39m


[31mThe table `public.Task` does not exist in the current database.[39m
2025-07-14 14:05:52 [32minfo[39m [32mGET /api/v1/tasks/my-tasks 400 1212.065 ms - 157[39m
[32m[39m
2025-07-14 15:39:12 [32minfo[39m [32mGET /api/v1/auth/users/assignable 404 4.056 ms - 133[39m
[32m[39m
2025-07-14 15:39:14 [32minfo[39m [32mGET /api/v1/auth/users/assignable 404 2.043 ms - 133[39m
[32m[39m
2025-07-14 15:58:10 [32minfo[39m [32mPOST /api/v1/auth/login 200 3838.825 ms - 507[39m
[32m[39m
2025-07-14 16:14:48 [31merror[39m [31mUser not found User not found[39m
2025-07-14 16:14:48 [32minfo[39m [32mGET /api/v1/users/assignable 404 4165.160 ms - 42[39m
[32m[39m
2025-07-14 16:15:40 [31merror[39m [31mUser not found User not found[39m
2025-07-14 16:15:40 [32minfo[39m [32mGET /api/v1/users/assignable 404 2982.904 ms - 42[39m
[32m[39m
2025-07-14 16:18:07 [31merror[39m [31mUser not found User not found[39m
2025-07-14 16:18:07 [32minfo[39m [32mGET /api/v1/users/assignable 404 1075.747 ms - 42[39m
[32m[39m
2025-07-14 16:29:49 [31merror[39m [31mUser not found User not found[39m
2025-07-14 16:29:49 [32minfo[39m [32mGET /api/v1/users/assignable 404 3168.230 ms - 42[39m
[32m[39m
2025-07-14 16:47:08 [31merror[39m [31mUser not found User not found[39m
2025-07-14 16:47:08 [32minfo[39m [32mGET /api/v1/users/assignable 404 4792.151 ms - 42[39m
[32m[39m
2025-07-14 16:48:05 [31merror[39m [31mUser not found User not found[39m
2025-07-14 16:48:05 [32minfo[39m [32mGET /api/v1/users/assignable 404 3954.078 ms - 42[39m
[32m[39m
2025-07-14 16:48:35 [31merror[39m [31mUser not found User not found[39m
2025-07-14 16:48:35 [32minfo[39m [32mGET /api/v1/users/assignable 404 4391.978 ms - 42[39m
[32m[39m
2025-07-14 16:50:03 [31merror[39m [31mUser not found User not found[39m
2025-07-14 16:50:03 [32minfo[39m [32mGET /api/v1/users/assignable 404 4086.789 ms - 42[39m
[32m[39m
2025-07-14 16:55:30 [31merror[39m [31mUser not found User not found[39m
2025-07-14 16:55:30 [32minfo[39m [32mGET /api/v1/users/assignable 404 3265.760 ms - 42[39m
[32m[39m
2025-07-14 17:01:17 [31merror[39m [31mUser not found User not found[39m
2025-07-14 17:01:17 [32minfo[39m [32mGET /api/v1/users/assignable 404 3334.397 ms - 42[39m
[32m[39m
2025-07-14 17:01:36 [31merror[39m [31mUser not found User not found[39m
2025-07-14 17:01:36 [32minfo[39m [32mGET /api/v1/users/assignable 404 3931.429 ms - 42[39m
[32m[39m
2025-07-14 17:05:46 [31merror[39m [31mUser not found User not found[39m
2025-07-14 17:05:46 [32minfo[39m [32mGET /api/v1/users/assignable 404 4183.681 ms - 42[39m
[32m[39m
2025-07-14 17:08:16 [31merror[39m [31mUser not found User not found[39m
2025-07-14 17:08:16 [32minfo[39m [32mGET /api/v1/users/assignable 404 4429.820 ms - 42[39m
[32m[39m
2025-07-14 17:29:59 [32minfo[39m [32mGET /api/v1/users/assignable 401 36.065 ms - 64[39m
[32m[39m
2025-07-14 17:30:46 [31merror[39m [31mUser not found User not found[39m
2025-07-14 17:30:46 [32minfo[39m [32mGET /api/v1/users/assignable 404 3256.365 ms - 42[39m
[32m[39m
2025-07-14 17:31:27 [31merror[39m [31mUser not found User not found[39m
2025-07-14 17:31:27 [32minfo[39m [32mGET /api/v1/users/assignable 404 928.773 ms - 42[39m
[32m[39m
2025-07-14 17:34:21 [31merror[39m [31mUser not found User not found[39m
2025-07-14 17:34:21 [32minfo[39m [32mGET /api/v1/users/assignable 404 3070.990 ms - 42[39m
[32m[39m
2025-07-14 17:35:14 [31merror[39m [31mUser not found User not found[39m
2025-07-14 17:35:14 [32minfo[39m [32mGET /api/v1/users/assignable 404 3931.572 ms - 42[39m
[32m[39m
2025-07-14 18:05:30 [31merror[39m [31mUser not found User not found[39m
2025-07-14 18:05:30 [32minfo[39m [32mGET /api/v1/users/assignable 404 4428.370 ms - 42[39m
[32m[39m
2025-07-14 18:06:22 [31merror[39m [31mUser not found User not found[39m
2025-07-14 18:06:22 [32minfo[39m [32mGET /api/v1/users/assignable 404 2875.430 ms - 42[39m
[32m[39m
2025-07-14 18:09:03 [31merror[39m [31mUser not found User not found[39m
2025-07-14 18:09:03 [32minfo[39m [32mGET /api/v1/users/assignable 404 1360.151 ms - 42[39m
[32m[39m
2025-07-14 18:10:38 [31merror[39m [31mUser not found User not found[39m
2025-07-14 18:10:38 [32minfo[39m [32mGET /api/v1/users/assignable 404 1033.783 ms - 42[39m
[32m[39m
2025-07-14 18:40:51 [31merror[39m [31mUser not found User not found[39m
2025-07-14 18:40:51 [32minfo[39m [32mGET /api/v1/users/assignable 404 2982.128 ms - 42[39m
[32m[39m
2025-07-14 18:45:41 [31merror[39m [31mUser not found User not found[39m
2025-07-14 18:45:41 [32minfo[39m [32mGET /api/v1/users/assignable 404 3897.128 ms - 42[39m
[32m[39m
2025-07-14 18:46:08 [31merror[39m [31mTask not found or you do not have permission to view it Task not found or you do not have permission to view it[39m
2025-07-14 18:46:08 [32minfo[39m [32mGET /api/v1/tasks/assignable 404 1135.904 ms - 83[39m
[32m[39m
2025-07-14 18:54:45 [31merror[39m [31mUser not found User not found[39m
2025-07-14 18:54:45 [32minfo[39m [32mGET /api/v1/users/assignable 404 3833.649 ms - 42[39m
[32m[39m
2025-07-14 20:19:43 [32minfo[39m [32mGET /api/v1/users/assignable 401 22.944 ms - 64[39m
[32m[39m
2025-07-14 20:21:10 [32minfo[39m [32mGET /api/v1/users/assignable 401 16.702 ms - 64[39m
[32m[39m
2025-07-14 20:21:34 [31merror[39m [31mUser not found User not found[39m
2025-07-14 20:21:34 [32minfo[39m [32mGET /api/v1/users/assignable 404 3501.593 ms - 42[39m
[32m[39m
2025-07-14 20:21:59 [31merror[39m [31mUser not found User not found[39m
2025-07-14 20:21:59 [32minfo[39m [32mGET /api/v1/users/assignable 404 2926.157 ms - 42[39m
[32m[39m
2025-07-14 20:22:22 [31merror[39m [31mUser not found User not found[39m
2025-07-14 20:22:22 [32minfo[39m [32mGET /api/v1/users/assignable 404 2890.138 ms - 42[39m
[32m[39m
2025-07-15 07:43:49 [32minfo[39m [32mGET /api/v1/users/assignable 401 22.623 ms - 64[39m
[32m[39m
2025-07-15 16:30:44 [31merror[39m [31mInternal Server Error [39m
[31mInvalid `prisma.user.findFirst()` invocation:[39m


[31mCan't reach database server at `dpg-d1nsbeidbo4c73f0jpm0-a.oregon-postgres.render.com:5432`[39m

[31mPlease make sure your database server is running at `dpg-d1nsbeidbo4c73f0jpm0-a.oregon-postgres.render.com:5432`.[39m
2025-07-15 16:30:44 [32minfo[39m [32mPOST /api/v1/auth/login 500 5080.000 ms - 49[39m
[32m[39m
2025-07-15 16:31:22 [31merror[39m [31mInternal Server Error [39m
[31mInvalid `prisma.user.findFirst()` invocation:[39m


[31mCan't reach database server at `dpg-d1nsbeidbo4c73f0jpm0-a.oregon-postgres.render.com:5432`[39m

[31mPlease make sure your database server is running at `dpg-d1nsbeidbo4c73f0jpm0-a.oregon-postgres.render.com:5432`.[39m
2025-07-15 16:31:22 [32minfo[39m [32mPOST /api/v1/auth/login 500 5010.359 ms - 49[39m
[32m[39m
2025-07-18 12:42:48 [31merror[39m [31mLivestock not found Livestock not found[39m
2025-07-18 12:42:49 [32minfo[39m [32mPATCH /api/v1/livestock/cmcoq0grp0001t1tsd0hdha0r 404 3764.962 ms - 47[39m
[32m[39m
2025-07-18 12:43:24 [32minfo[39m [32mGET /api/v1/livestock 200 5601.599 ms - 8332[39m
[32m[39m
2025-07-18 12:44:00 [32minfo[39m [32mPATCH /api/v1/livestock/cmd7c13ma0007n53215rmekll 200 4482.337 ms - 1053[39m
[32m[39m
2025-07-18 12:44:18 [32minfo[39m [32mGET /api/v1/livestock 200 2153.698 ms - 8355[39m
[32m[39m
2025-07-18 12:49:14 [31merror[39m [31mExpected double-quoted property name in JSON at position 48 (line 4 column 1) Expected double-quoted property name in JSON at position 48 (line 4 column 1)[39m
2025-07-18 12:49:21 [32minfo[39m [32mPATCH /api/v1/livestock/cmd7c13ma0007n53215rmekll 401 3.651 ms - 64[39m
[32m[39m
2025-07-18 12:49:53 [32minfo[39m [32mPATCH /api/v1/livestock/cmd7c13ma0007n53215rmekll 500 5040.417 ms - 324[39m
[32m[39m
2025-07-18 12:50:17 [32minfo[39m [32mPATCH /api/v1/livestock/cmd7c13ma0007n53215rmekll 200 5937.629 ms - 1053[39m
[32m[39m
2025-07-18 12:50:37 [32minfo[39m [32mGET /api/v1/livestock 200 3654.820 ms - 8355[39m
[32m[39m
2025-07-20 07:14:28 [32minfo[39m [32mPOST /api/v1/auth/login 200 4679.313 ms - 507[39m
[32m[39m
2025-07-20 07:15:04 [32minfo[39m [32mGET /api/v1/livestock 200 4110.712 ms - 9152[39m
[32m[39m
2025-07-20 07:15:29 [32minfo[39m [32mGET /api/v1/livestock/counts 200 3328.838 ms - 102[39m
[32m[39m
2025-07-20 07:17:37 [32minfo[39m [32mGET /api/v1/livestock/counts 200 1591.688 ms - 102[39m
[32m[39m
2025-07-20 07:18:58 [32minfo[39m [32mGET /api/v1/livestock/cmd7c13ma0007n53215rmekll 200 2334.377 ms - 1187[39m
[32m[39m
2025-07-20 07:19:59 [32minfo[39m [32mDELETE /api/v1/livestock/cmd7c13ma0007n53215rmekll 403 8.484 ms - 86[39m
[32m[39m
2025-07-20 07:20:17 [32minfo[39m [32mPOST /api/v1/auth/login 200 4776.868 ms - 507[39m
[32m[39m
2025-07-20 07:20:37 [32minfo[39m [32mDELETE /api/v1/livestock/cmd7c13ma0007n53215rmekll 403 0.695 ms - 86[39m
[32m[39m
2025-07-20 07:20:39 [32minfo[39m [32mDELETE /api/v1/livestock/cmd7c13ma0007n53215rmekll 403 1.726 ms - 86[39m
[32m[39m
2025-07-20 07:20:56 [32minfo[39m [32mPOST /api/v1/auth/login 200 1441.088 ms - 485[39m
[32m[39m
2025-07-20 07:21:11 [32minfo[39m [32mDELETE /api/v1/livestock/cmd7c13ma0007n53215rmekll 403 1.126 ms - 86[39m
[32m[39m
2025-07-20 07:21:15 [32minfo[39m [32mDELETE /api/v1/livestock/cmd7c13ma0007n53215rmekll 403 0.660 ms - 86[39m
[32m[39m
2025-07-20 07:21:16 [32minfo[39m [32mDELETE /api/v1/livestock/cmd7c13ma0007n53215rmekll 403 0.841 ms - 86[39m
[32m[39m
2025-07-20 07:30:56 [32minfo[39m [32mDELETE /api/v1/livestock/cmd7c13ma0007n53215rmekll 500 5033.444 ms - 324[39m
[32m[39m
2025-07-20 07:31:12 [32minfo[39m [32mDELETE /api/v1/livestock/cmd7c13ma0007n53215rmekll 200 4921.468 ms - 651[39m
[32m[39m
2025-07-20 07:32:24 [31merror[39m [31mLivestock not found Livestock not found[39m
2025-07-20 07:32:24 [32minfo[39m [32mGET /api/v1/livestock/cmd7c13ma0007n53215rmekll 404 1091.074 ms - 47[39m
[32m[39m
2025-07-21 23:35:36 [32minfo[39m [32mPOST /api/v1/auth/login 200 4858.093 ms - 507[39m
[32m[39m
2025-07-21 23:36:15 [32minfo[39m [32mGET /api/v1/livestock 200 4252.228 ms - 8440[39m
[32m[39m
2025-07-21 23:37:32 [31merror[39m [31mDeletion reason is required for farm keepers Deletion reason is required for farm keepers[39m
2025-07-21 23:37:32 [32minfo[39m [32mDELETE /api/v1/livestock/cmd5zrkzi0003n532e0pqe40l/soft-delete 400 4072.036 ms - 72[39m
[32m[39m
2025-07-21 23:38:13 [31merror[39m [31mDeletion reason is required for farm keepers Deletion reason is required for farm keepers[39m
2025-07-21 23:38:13 [32minfo[39m [32mDELETE /api/v1/livestock/cmd5zrkzi0003n532e0pqe40l/soft-delete 400 1748.017 ms - 72[39m
[32m[39m
2025-07-21 23:38:26 [31merror[39m [31mDeletion reason is required for farm keepers Deletion reason is required for farm keepers[39m
2025-07-21 23:38:26 [32minfo[39m [32mDELETE /api/v1/livestock/cmd5zrkzi0003n532e0pqe40l/soft-delete 400 1150.372 ms - 72[39m
[32m[39m
2025-07-21 23:39:23 [32minfo[39m [32mDELETE /api/v1/livestock/cmd5zrkzi0003n532e0pqe40l/soft-delete 200 12865.268 ms - 1166[39m
[32m[39m
2025-07-22 06:46:26 [32minfo[39m [32mDELETE /api/v1/livestock/cmd5zrkzi0003n532e0pqe40l/soft-delete 401 17.190 ms - 64[39m
[32m[39m
2025-07-22 06:46:40 [32minfo[39m [32mPOST /api/v1/auth/login 200 4363.569 ms - 507[39m
[32m[39m
2025-07-22 06:47:04 [31merror[39m [31mLivestock not found Livestock not found[39m
2025-07-22 06:47:04 [32minfo[39m [32mDELETE /api/v1/livestock/cmd5zrkzi0003n532e0pqe40l/soft-delete 404 1510.293 ms - 47[39m
[32m[39m
2025-07-22 06:47:11 [32minfo[39m [32mGET /api/v1/livestock 401 1.824 ms - 64[39m
[32m[39m
2025-07-22 06:47:20 [32minfo[39m [32mGET /api/v1/livestock 200 3697.066 ms - 8298[39m
[32m[39m
2025-07-22 06:47:36 [31merror[39m [31mDeletion reason is required for farm keepers Deletion reason is required for farm keepers[39m
2025-07-22 06:47:36 [32minfo[39m [32mDELETE /api/v1/livestock/cmd4xdf3r000nlp3mbubeojdn/soft-delete 400 827.012 ms - 72[39m
[32m[39m
2025-07-22 06:57:09 [32minfo[39m [32mDELETE /api/v1/livestock/cmd4xdf3r000nlp3mbubeojdn/soft-delete 200 6446.956 ms - 1170[39m
[32m[39m
2025-07-22 17:46:37 [32minfo[39m [32mPOST /api/v1/auth/login 200 5038.138 ms - 507[39m
[32m[39m
2025-07-22 17:55:23 [31merror[39m [31mPrisma error: [39m
[31mInvalid `prisma.user.findFirst()` invocation:[39m


[31mCan't reach database server at `dpg-d1nsbeidbo4c73f0jpm0-a.oregon-postgres.render.com:5432`[39m

[31mPlease make sure your database server is running at `dpg-d1nsbeidbo4c73f0jpm0-a.oregon-postgres.render.com:5432`. [39m
[31mInvalid `prisma.user.findFirst()` invocation:[39m


[31mCan't reach database server at `dpg-d1nsbeidbo4c73f0jpm0-a.oregon-postgres.render.com:5432`[39m

[31mPlease make sure your database server is running at `dpg-d1nsbeidbo4c73f0jpm0-a.oregon-postgres.render.com:5432`.[39m
2025-07-22 17:55:23 [32minfo[39m [32mPOST /api/v1/auth/login 400 5073.409 ms - 303[39m
[32m[39m
2025-07-22 17:55:33 [31merror[39m [31mPrisma error: [39m
[31mInvalid `prisma.user.findFirst()` invocation:[39m


[31mCan't reach database server at `dpg-d1nsbeidbo4c73f0jpm0-a.oregon-postgres.render.com:5432`[39m

[31mPlease make sure your database server is running at `dpg-d1nsbeidbo4c73f0jpm0-a.oregon-postgres.render.com:5432`. [39m
[31mInvalid `prisma.user.findFirst()` invocation:[39m


[31mCan't reach database server at `dpg-d1nsbeidbo4c73f0jpm0-a.oregon-postgres.render.com:5432`[39m

[31mPlease make sure your database server is running at `dpg-d1nsbeidbo4c73f0jpm0-a.oregon-postgres.render.com:5432`.[39m
2025-07-22 17:55:33 [32minfo[39m [32mPOST /api/v1/auth/login 400 5024.099 ms - 303[39m
[32m[39m
2025-07-22 17:55:40 [31merror[39m [31mPrisma error: [39m
[31mInvalid `prisma.user.findFirst()` invocation:[39m


[31mCan't reach database server at `dpg-d1nsbeidbo4c73f0jpm0-a.oregon-postgres.render.com:5432`[39m

[31mPlease make sure your database server is running at `dpg-d1nsbeidbo4c73f0jpm0-a.oregon-postgres.render.com:5432`. [39m
[31mInvalid `prisma.user.findFirst()` invocation:[39m


[31mCan't reach database server at `dpg-d1nsbeidbo4c73f0jpm0-a.oregon-postgres.render.com:5432`[39m

[31mPlease make sure your database server is running at `dpg-d1nsbeidbo4c73f0jpm0-a.oregon-postgres.render.com:5432`.[39m
2025-07-22 17:55:40 [32minfo[39m [32mPOST /api/v1/auth/login 400 5018.672 ms - 303[39m
[32m[39m
2025-07-22 17:55:57 [31merror[39m [31mPrisma error: [39m
[31mInvalid `prisma.user.findFirst()` invocation:[39m


[31mCan't reach database server at `dpg-d1nsbeidbo4c73f0jpm0-a.oregon-postgres.render.com:5432`[39m

[31mPlease make sure your database server is running at `dpg-d1nsbeidbo4c73f0jpm0-a.oregon-postgres.render.com:5432`. [39m
[31mInvalid `prisma.user.findFirst()` invocation:[39m


[31mCan't reach database server at `dpg-d1nsbeidbo4c73f0jpm0-a.oregon-postgres.render.com:5432`[39m

[31mPlease make sure your database server is running at `dpg-d1nsbeidbo4c73f0jpm0-a.oregon-postgres.render.com:5432`.[39m
2025-07-22 17:55:57 [32minfo[39m [32mPOST /api/v1/auth/login 400 5009.565 ms - 303[39m
[32m[39m
2025-07-23 12:01:08 [32minfo[39m [32mGET /api/v1/tasks/assigned/all 200 7513.274 ms - 2266[39m
[32m[39m
2025-07-24 04:58:09 [32minfo[39m [32mPOST /api/v1/auth/login 200 5447.194 ms - 507[39m
[32m[39m
2025-07-24 05:00:28 [32minfo[39m [32mGET /api/v1/tasks/assigned/all 200 5358.569 ms - 2266[39m
[32m[39m
2025-07-24 05:02:17 [32minfo[39m [32mPOST /api/v1/tasks/cmd4sj5fg0003lp3mbi6lubt8/observations 401 1.910 ms - 66[39m
[32m[39m
2025-07-24 05:02:38 [32minfo[39m [32mPOST /api/v1/tasks/cmd4sj5fg0003lp3mbi6lubt8/observations 422 1080.129 ms - 171[39m
[32m[39m
2025-07-24 05:06:59 [32minfo[39m [32mPOST /api/v1/tasks/cmd4sj5fg0003lp3mbi6lubt8/observations 500 5030.424 ms - 324[39m
[32m[39m
2025-07-24 05:07:13 [31merror[39m [31mTask not found or you are not assigned to it Task not found or you are not assigned to it[39m
2025-07-24 05:07:13 [32minfo[39m [32mPOST /api/v1/tasks/cmd4sj5fg0003lp3mbi6lubt8/observations 404 3981.863 ms - 72[39m
[32m[39m
2025-07-24 05:08:39 [32minfo[39m [32mPOST /api/v1/auth/login 200 2371.646 ms - 494[39m
[32m[39m
2025-07-24 05:09:04 [32minfo[39m [32mPOST /api/v1/tasks/cmd4sj5fg0003lp3mbi6lubt8/observations 201 3678.116 ms - 746[39m
[32m[39m
2025-07-24 12:04:09 [31merror[39m [31mInternal Server Error [39m
[31mInvalid `prisma.user.findFirst()` invocation:[39m


[31mCan't reach database server at `dpg-d1nsbeidbo4c73f0jpm0-a.oregon-postgres.render.com:5432`[39m

[31mPlease make sure your database server is running at `dpg-d1nsbeidbo4c73f0jpm0-a.oregon-postgres.render.com:5432`.[39m
2025-07-24 12:04:09 [32minfo[39m [32mPOST /api/v1/auth/login 500 5127.673 ms - 49[39m
[32m[39m
2025-07-24 12:04:23 [32minfo[39m [32mPOST /api/v1/auth/login 200 4664.726 ms - 507[39m
[32m[39m
2025-07-24 12:14:27 [32minfo[39m [32mPOST /api/v1/inventory/records/NEW 422 3430.954 ms - 654[39m
[32m[39m
2025-07-24 12:19:06 [32minfo[39m [32mPOST /api/v1/inventory/records/NEW 422 619.791 ms - 242[39m
[32m[39m
2025-07-24 12:20:10 [32minfo[39m [32mPOST /api/v1/inventory/records/NEW 422 2527.612 ms - 242[39m
[32m[39m
2025-07-24 12:21:58 [32minfo[39m [32mPOST /api/v1/inventory/records/NEW 422 2684.357 ms - 187[39m
[32m[39m
2025-07-24 12:22:31 [32minfo[39m [32mPOST /api/v1/inventory/records/NEW 422 544.568 ms - 187[39m
[32m[39m
2025-07-24 12:22:53 [32minfo[39m [32mPOST /api/v1/inventory/records/NEW 422 688.987 ms - 187[39m
[32m[39m
2025-07-24 12:22:59 [32minfo[39m [32mPOST /api/v1/inventory/records/NEW 422 316.896 ms - 187[39m
[32m[39m
2025-07-24 12:24:36 [32minfo[39m [32mPOST /api/v1/inventory/records/NEW 422 541.509 ms - 187[39m
[32m[39m
2025-07-24 12:25:41 [32minfo[39m [32mPOST /api/v1/inventory/records/NEW 422 2441.707 ms - 242[39m
[32m[39m
2025-07-24 12:25:59 [32minfo[39m [32mPOST /api/v1/inventory/records/NEW 422 580.939 ms - 242[39m
[32m[39m
2025-07-24 12:26:04 [32minfo[39m [32mPOST /api/v1/inventory/records/NEW 422 285.534 ms - 242[39m
[32m[39m
2025-07-24 12:26:15 [32minfo[39m [32mPOST /api/v1/inventory/records/NEW 422 662.151 ms - 242[39m
[32m[39m
2025-07-24 12:26:25 [32minfo[39m [32mPOST /api/v1/inventory/records/NEW 422 301.013 ms - 242[39m
[32m[39m
2025-07-24 12:26:40 [32minfo[39m [32mPOST /api/v1/inventory/records/NEW 422 807.240 ms - 187[39m
[32m[39m
2025-07-24 12:26:48 [32minfo[39m [32mPOST /api/v1/inventory/records/NEW 422 326.706 ms - 187[39m
[32m[39m
2025-07-24 12:27:45 [32minfo[39m [32mPOST /api/v1/inventory/records/NEW 422 1351.847 ms - 187[39m
[32m[39m
2025-07-24 12:27:54 [32minfo[39m [32mPOST /api/v1/inventory/records/NEW 422 394.771 ms - 187[39m
[32m[39m
2025-07-24 12:28:05 [32minfo[39m [32mPOST /api/v1/inventory/records/NEW 422 569.845 ms - 187[39m
[32m[39m
2025-07-24 12:38:15 [32minfo[39m [32mPOST /api/v1/inventory/records/NEW 422 3615.360 ms - 187[39m
[32m[39m
2025-07-24 12:38:32 [32minfo[39m [32mPOST /api/v1/inventory/records/NEW 422 1685.161 ms - 187[39m
[32m[39m
2025-07-24 12:39:31 [32minfo[39m [32mPOST /api/v1/inventory/records/NEW 500 5033.780 ms - 324[39m
[32m[39m
2025-07-24 12:39:37 [32minfo[39m [32mPOST /api/v1/inventory/records/NEW 422 2502.553 ms - 187[39m
[32m[39m
2025-07-24 12:51:47 [32minfo[39m [32mPOST /api/v1/inventory/records/NEW 422 2965.863 ms - 187[39m
[32m[39m
2025-07-24 12:52:59 [32minfo[39m [32mPOST /api/v1/inventory/records/NEW 422 5182.733 ms - 187[39m
[32m[39m
2025-07-24 12:57:29 [32minfo[39m [32mPOST /api/v1/inventory/records/NEW 422 1477.997 ms - 187[39m
[32m[39m
2025-07-24 12:58:34 [32minfo[39m [32mPOST /api/v1/inventory/records/NEW 422 2864.514 ms - 187[39m
[32m[39m
2025-07-24 12:58:56 [32minfo[39m [32mPOST /api/v1/inventory/records/NEW 422 972.197 ms - 187[39m
[32m[39m
2025-07-24 13:00:11 [32minfo[39m [32mPOST /api/v1/inventory/records/NEW 500 5033.105 ms - 324[39m
[32m[39m
2025-07-24 13:00:18 [32minfo[39m [32mPOST /api/v1/inventory/records/NEW 422 2492.122 ms - 187[39m
[32m[39m
2025-07-24 13:05:00 [32minfo[39m [32mPOST /api/v1/inventory/records/NEW 401 9.912 ms - 64[39m
[32m[39m
2025-07-24 13:05:13 [32minfo[39m [32mPOST /api/v1/auth/login 200 4797.848 ms - 507[39m
[32m[39m
2025-07-24 13:05:32 [31merror[39m [31mDatabase validation error: [39m
[31mInvalid `prisma.inventory.create()` invocation:[39m

[31m{[39m
[31m  data: {[39m
[31m    type: "FEED",[39m
[31m    name: "Premium Cattle Feed",[39m
[31m    currentQuantity: "100",[39m
[31m                     ~~~~~[39m
[31m    purchasePrice: "2.50",[39m
[31m    reorderPoint: "20",[39m
[31m    supplier: "AgroSupplies",[39m
[31m    notes: "Initial stock",[39m
[31m    mediaUrls: [[39m
[31m      "/uploads/1753358732336-cattle feed.jpeg"[39m
[31m    ],[39m
[31m    records: {[39m
[31m      create: {[39m
[31m        recordType: "NEW",[39m
[31m        quantity: "100",[39m
[31m        pricePerUnit: "2.50",[39m
[31m        totalCost: "250.00",[39m
[31m        date: "2025-01-02",[39m
[31m        notes: "Initial stock",[39m
[31m        mediaUrls: [[39m
[31m          "/uploads/1753358732336-cattle feed.jpeg"[39m
[31m        ],[39m
[31m        recordedById: "cmcnjxm6s0000t1p8rcay1eoq"[39m
[31m      }[39m
[31m    }[39m
[31m  },[39m
[31m  include: {[39m
[31m    records: {[39m
[31m      orderBy: {[39m
[31m        createdAt: "desc"[39m
[31m      },[39m
[31m      take: 1[39m
[31m    }[39m
[31m  }[39m
[31m}[39m

[31mArgument `currentQuantity`: Invalid value provided. Expected Float, provided String. [39m
[31mInvalid `prisma.inventory.create()` invocation:[39m

[31m{[39m
[31m  data: {[39m
[31m    type: "FEED",[39m
[31m    name: "Premium Cattle Feed",[39m
[31m    currentQuantity: "100",[39m
[31m                     ~~~~~[39m
[31m    purchasePrice: "2.50",[39m
[31m    reorderPoint: "20",[39m
[31m    supplier: "AgroSupplies",[39m
[31m    notes: "Initial stock",[39m
[31m    mediaUrls: [[39m
[31m      "/uploads/1753358732336-cattle feed.jpeg"[39m
[31m    ],[39m
[31m    records: {[39m
[31m      create: {[39m
[31m        recordType: "NEW",[39m
[31m        quantity: "100",[39m
[31m        pricePerUnit: "2.50",[39m
[31m        totalCost: "250.00",[39m
[31m        date: "2025-01-02",[39m
[31m        notes: "Initial stock",[39m
[31m        mediaUrls: [[39m
[31m          "/uploads/1753358732336-cattle feed.jpeg"[39m
[31m        ],[39m
[31m        recordedById: "cmcnjxm6s0000t1p8rcay1eoq"[39m
[31m      }[39m
[31m    }[39m
[31m  },[39m
[31m  include: {[39m
[31m    records: {[39m
[31m      orderBy: {[39m
[31m        createdAt: "desc"[39m
[31m      },[39m
[31m      take: 1[39m
[31m    }[39m
[31m  }[39m
[31m}[39m

[31mArgument `currentQuantity`: Invalid value provided. Expected Float, provided String.[39m
2025-07-24 13:05:32 [32minfo[39m [32mPOST /api/v1/inventory/records/NEW 422 898.488 ms - 1025[39m
[32m[39m
2025-07-24 13:05:40 [31merror[39m [31mDatabase validation error: [39m
[31mInvalid `prisma.inventory.create()` invocation:[39m

[31m{[39m
[31m  data: {[39m
[31m    type: "FEED",[39m
[31m    name: "Premium Cattle Feed",[39m
[31m    currentQuantity: "100",[39m
[31m                     ~~~~~[39m
[31m    purchasePrice: "2.50",[39m
[31m    reorderPoint: "20",[39m
[31m    supplier: "AgroSupplies",[39m
[31m    notes: "Initial stock",[39m
[31m    mediaUrls: [[39m
[31m      "/uploads/1753358740686-cattle feed.jpeg"[39m
[31m    ],[39m
[31m    records: {[39m
[31m      create: {[39m
[31m        recordType: "NEW",[39m
[31m        quantity: "100",[39m
[31m        pricePerUnit: "2.50",[39m
[31m        totalCost: "250.00",[39m
[31m        date: "2025-01-02",[39m
[31m        notes: "Initial stock",[39m
[31m        mediaUrls: [[39m
[31m          "/uploads/1753358740686-cattle feed.jpeg"[39m
[31m        ],[39m
[31m        recordedById: "cmcnjxm6s0000t1p8rcay1eoq"[39m
[31m      }[39m
[31m    }[39m
[31m  },[39m
[31m  include: {[39m
[31m    records: {[39m
[31m      orderBy: {[39m
[31m        createdAt: "desc"[39m
[31m      },[39m
[31m      take: 1[39m
[31m    }[39m
[31m  }[39m
[31m}[39m

[31mArgument `currentQuantity`: Invalid value provided. Expected Float, provided String. [39m
[31mInvalid `prisma.inventory.create()` invocation:[39m

[31m{[39m
[31m  data: {[39m
[31m    type: "FEED",[39m
[31m    name: "Premium Cattle Feed",[39m
[31m    currentQuantity: "100",[39m
[31m                     ~~~~~[39m
[31m    purchasePrice: "2.50",[39m
[31m    reorderPoint: "20",[39m
[31m    supplier: "AgroSupplies",[39m
[31m    notes: "Initial stock",[39m
[31m    mediaUrls: [[39m
[31m      "/uploads/1753358740686-cattle feed.jpeg"[39m
[31m    ],[39m
[31m    records: {[39m
[31m      create: {[39m
[31m        recordType: "NEW",[39m
[31m        quantity: "100",[39m
[31m        pricePerUnit: "2.50",[39m
[31m        totalCost: "250.00",[39m
[31m        date: "2025-01-02",[39m
[31m        notes: "Initial stock",[39m
[31m        mediaUrls: [[39m
[31m          "/uploads/1753358740686-cattle feed.jpeg"[39m
[31m        ],[39m
[31m        recordedById: "cmcnjxm6s0000t1p8rcay1eoq"[39m
[31m      }[39m
[31m    }[39m
[31m  },[39m
[31m  include: {[39m
[31m    records: {[39m
[31m      orderBy: {[39m
[31m        createdAt: "desc"[39m
[31m      },[39m
[31m      take: 1[39m
[31m    }[39m
[31m  }[39m
[31m}[39m

[31mArgument `currentQuantity`: Invalid value provided. Expected Float, provided String.[39m
2025-07-24 13:05:40 [32minfo[39m [32mPOST /api/v1/inventory/records/NEW 422 575.815 ms - 1025[39m
[32m[39m
2025-07-24 13:06:52 [32minfo[39m [32mPOST /api/v1/inventory/records/NEW 422 574.275 ms - 187[39m
[32m[39m
2025-07-24 13:06:54 [32minfo[39m [32mPOST /api/v1/inventory/records/NEW 422 325.347 ms - 187[39m
[32m[39m
2025-07-24 13:10:27 [31merror[39m [31mDatabase validation error: [39m
[31mInvalid `prisma.inventory.create()` invocation:[39m

[31m{[39m
[31m  data: {[39m
[31m    type: "FEED",[39m
[31m    name: "Premium Cattle Feed",[39m
[31m    currentQuantity: "100",[39m
[31m                     ~~~~~[39m
[31m    purchasePrice: "2.50",[39m
[31m    reorderPoint: "20",[39m
[31m    supplier: "AgroSupplies",[39m
[31m    notes: "Initial stock",[39m
[31m    mediaUrls: [[39m
[31m      "/uploads/1753359027588-cattle feed.jpeg"[39m
[31m    ],[39m
[31m    records: {[39m
[31m      create: {[39m
[31m        recordType: "NEW",[39m
[31m        quantity: "100",[39m
[31m        pricePerUnit: "2.50",[39m
[31m        totalCost: "250.00",[39m
[31m        date: "2025-01-02",[39m
[31m        notes: "Initial stock",[39m
[31m        mediaUrls: [[39m
[31m          "/uploads/1753359027588-cattle feed.jpeg"[39m
[31m        ],[39m
[31m        recordedById: "cmcnjxm6s0000t1p8rcay1eoq"[39m
[31m      }[39m
[31m    }[39m
[31m  },[39m
[31m  include: {[39m
[31m    records: {[39m
[31m      orderBy: {[39m
[31m        createdAt: "desc"[39m
[31m      },[39m
[31m      take: 1[39m
[31m    }[39m
[31m  }[39m
[31m}[39m

[31mArgument `currentQuantity`: Invalid value provided. Expected Float, provided String. [39m
[31mInvalid `prisma.inventory.create()` invocation:[39m

[31m{[39m
[31m  data: {[39m
[31m    type: "FEED",[39m
[31m    name: "Premium Cattle Feed",[39m
[31m    currentQuantity: "100",[39m
[31m                     ~~~~~[39m
[31m    purchasePrice: "2.50",[39m
[31m    reorderPoint: "20",[39m
[31m    supplier: "AgroSupplies",[39m
[31m    notes: "Initial stock",[39m
[31m    mediaUrls: [[39m
[31m      "/uploads/1753359027588-cattle feed.jpeg"[39m
[31m    ],[39m
[31m    records: {[39m
[31m      create: {[39m
[31m        recordType: "NEW",[39m
[31m        quantity: "100",[39m
[31m        pricePerUnit: "2.50",[39m
[31m        totalCost: "250.00",[39m
[31m        date: "2025-01-02",[39m
[31m        notes: "Initial stock",[39m
[31m        mediaUrls: [[39m
[31m          "/uploads/1753359027588-cattle feed.jpeg"[39m
[31m        ],[39m
[31m        recordedById: "cmcnjxm6s0000t1p8rcay1eoq"[39m
[31m      }[39m
[31m    }[39m
[31m  },[39m
[31m  include: {[39m
[31m    records: {[39m
[31m      orderBy: {[39m
[31m        createdAt: "desc"[39m
[31m      },[39m
[31m      take: 1[39m
[31m    }[39m
[31m  }[39m
[31m}[39m

[31mArgument `currentQuantity`: Invalid value provided. Expected Float, provided String.[39m
2025-07-24 13:10:27 [32minfo[39m [32mPOST /api/v1/inventory/records/NEW 422 5040.916 ms - 1025[39m
[32m[39m
2025-07-24 13:11:01 [31merror[39m [31mDatabase validation error: [39m
[31mInvalid `prisma.inventory.create()` invocation:[39m

[31m{[39m
[31m  data: {[39m
[31m    type: "FEED",[39m
[31m    name: "Premium Cattle Feed",[39m
[31m    currentQuantity: "100",[39m
[31m                     ~~~~~[39m
[31m    purchasePrice: "2.50",[39m
[31m    reorderPoint: "20",[39m
[31m    supplier: "AgroSupplies",[39m
[31m    notes: "Initial stock",[39m
[31m    mediaUrls: [[39m
[31m      "/uploads/1753359061377-cattle feed.jpeg"[39m
[31m    ],[39m
[31m    records: {[39m
[31m      create: {[39m
[31m        recordType: "NEW",[39m
[31m        quantity: "100",[39m
[31m        pricePerUnit: "2.50",[39m
[31m        totalCost: "250.00",[39m
[31m        date: "2025-01-02",[39m
[31m        notes: "Initial stock",[39m
[31m        mediaUrls: [[39m
[31m          "/uploads/1753359061377-cattle feed.jpeg"[39m
[31m        ],[39m
[31m        recordedById: "cmcnjxm6s0000t1p8rcay1eoq"[39m
[31m      }[39m
[31m    }[39m
[31m  },[39m
[31m  include: {[39m
[31m    records: {[39m
[31m      orderBy: {[39m
[31m        createdAt: "desc"[39m
[31m      },[39m
[31m      take: 1[39m
[31m    }[39m
[31m  }[39m
[31m}[39m

[31mArgument `currentQuantity`: Invalid value provided. Expected Float, provided String. [39m
[31mInvalid `prisma.inventory.create()` invocation:[39m

[31m{[39m
[31m  data: {[39m
[31m    type: "FEED",[39m
[31m    name: "Premium Cattle Feed",[39m
[31m    currentQuantity: "100",[39m
[31m                     ~~~~~[39m
[31m    purchasePrice: "2.50",[39m
[31m    reorderPoint: "20",[39m
[31m    supplier: "AgroSupplies",[39m
[31m    notes: "Initial stock",[39m
[31m    mediaUrls: [[39m
[31m      "/uploads/1753359061377-cattle feed.jpeg"[39m
[31m    ],[39m
[31m    records: {[39m
[31m      create: {[39m
[31m        recordType: "NEW",[39m
[31m        quantity: "100",[39m
[31m        pricePerUnit: "2.50",[39m
[31m        totalCost: "250.00",[39m
[31m        date: "2025-01-02",[39m
[31m        notes: "Initial stock",[39m
[31m        mediaUrls: [[39m
[31m          "/uploads/1753359061377-cattle feed.jpeg"[39m
[31m        ],[39m
[31m        recordedById: "cmcnjxm6s0000t1p8rcay1eoq"[39m
[31m      }[39m
[31m    }[39m
[31m  },[39m
[31m  include: {[39m
[31m    records: {[39m
[31m      orderBy: {[39m
[31m        createdAt: "desc"[39m
[31m      },[39m
[31m      take: 1[39m
[31m    }[39m
[31m  }[39m
[31m}[39m

[31mArgument `currentQuantity`: Invalid value provided. Expected Float, provided String.[39m
2025-07-24 13:11:01 [32minfo[39m [32mPOST /api/v1/inventory/records/NEW 422 650.911 ms - 1025[39m
[32m[39m
2025-07-24 13:13:45 [32minfo[39m [32mPOST /api/v1/inventory/records/NEW 500 5034.261 ms - 324[39m
[32m[39m
2025-07-24 13:13:53 [31merror[39m [31mDatabase validation error: [39m
[31mInvalid `prisma.inventory.create()` invocation:[39m

[31m{[39m
[31m  data: {[39m
[31m    type: "FEED",[39m
[31m    name: "Premium Cattle Feed",[39m
[31m    currentQuantity: 100,[39m
[31m    purchasePrice: 2.5,[39m
[31m    reorderPoint: 20,[39m
[31m    supplier: "AgroSupplies",[39m
[31m    notes: "Initial stock",[39m
[31m    mediaUrls: [[39m
[31m      "/uploads/1753359233831-cattle feed.jpeg"[39m
[31m    ],[39m
[31m    records: {[39m
[31m      create: {[39m
[31m        recordType: "NEW",[39m
[31m        quantity: 100,[39m
[31m        pricePerUnit: 2.5,[39m
[31m        totalCost: 250,[39m
[31m        date: new Date("Invalid Date"),[39m
[31m              ~~~~~~~~~~~~~~~~~~~~~~~~[39m
[31m        notes: "Initial stock",[39m
[31m        mediaUrls: [[39m
[31m          "/uploads/1753359233831-cattle feed.jpeg"[39m
[31m        ],[39m
[31m        recordedById: "cmcnjxm6s0000t1p8rcay1eoq"[39m
[31m      }[39m
[31m    }[39m
[31m  },[39m
[31m  include: {[39m
[31m    records: {[39m
[31m      orderBy: {[39m
[31m        createdAt: "desc"[39m
[31m      },[39m
[31m      take: 1[39m
[31m    }[39m
[31m  }[39m
[31m}[39m

[31mInvalid value for argument `date`: Provided Date object is invalid. Expected Date. [39m
[31mInvalid `prisma.inventory.create()` invocation:[39m

[31m{[39m
[31m  data: {[39m
[31m    type: "FEED",[39m
[31m    name: "Premium Cattle Feed",[39m
[31m    currentQuantity: 100,[39m
[31m    purchasePrice: 2.5,[39m
[31m    reorderPoint: 20,[39m
[31m    supplier: "AgroSupplies",[39m
[31m    notes: "Initial stock",[39m
[31m    mediaUrls: [[39m
[31m      "/uploads/1753359233831-cattle feed.jpeg"[39m
[31m    ],[39m
[31m    records: {[39m
[31m      create: {[39m
[31m        recordType: "NEW",[39m
[31m        quantity: 100,[39m
[31m        pricePerUnit: 2.5,[39m
[31m        totalCost: 250,[39m
[31m        date: new Date("Invalid Date"),[39m
[31m              ~~~~~~~~~~~~~~~~~~~~~~~~[39m
[31m        notes: "Initial stock",[39m
[31m        mediaUrls: [[39m
[31m          "/uploads/1753359233831-cattle feed.jpeg"[39m
[31m        ],[39m
[31m        recordedById: "cmcnjxm6s0000t1p8rcay1eoq"[39m
[31m      }[39m
[31m    }[39m
[31m  },[39m
[31m  include: {[39m
[31m    records: {[39m
[31m      orderBy: {[39m
[31m        createdAt: "desc"[39m
[31m      },[39m
[31m      take: 1[39m
[31m    }[39m
[31m  }[39m
[31m}[39m

[31mInvalid value for argument `date`: Provided Date object is invalid. Expected Date.[39m
2025-07-24 13:13:53 [32minfo[39m [32mPOST /api/v1/inventory/records/NEW 422 4066.209 ms - 1018[39m
[32m[39m
2025-07-24 13:15:38 [31merror[39m [31mDatabase validation error: [39m
[31mInvalid `prisma.inventory.create()` invocation:[39m

[31m{[39m
[31m  data: {[39m
[31m    type: "FEED",[39m
[31m    name: "Premium Cattle Feed",[39m
[31m    currentQuantity: "100",[39m
[31m                     ~~~~~[39m
[31m    purchasePrice: "2.50",[39m
[31m    reorderPoint: "20",[39m
[31m    supplier: "AgroSupplies",[39m
[31m    notes: "Initial stock",[39m
[31m    mediaUrls: [[39m
[31m      "/uploads/1753359338588-cattle feed.jpeg"[39m
[31m    ],[39m
[31m    records: {[39m
[31m      create: {[39m
[31m        recordType: "NEW",[39m
[31m        quantity: "100",[39m
[31m        pricePerUnit: "2.50",[39m
[31m        totalCost: "250.00",[39m
[31m        date: "2025-01-02",[39m
[31m        notes: "Initial stock",[39m
[31m        mediaUrls: [[39m
[31m          "/uploads/1753359338588-cattle feed.jpeg"[39m
[31m        ],[39m
[31m        recordedById: "cmcnjxm6s0000t1p8rcay1eoq"[39m
[31m      }[39m
[31m    }[39m
[31m  },[39m
[31m  include: {[39m
[31m    records: {[39m
[31m      orderBy: {[39m
[31m        createdAt: "desc"[39m
[31m      },[39m
[31m      take: 1[39m
[31m    }[39m
[31m  }[39m
[31m}[39m

[31mArgument `currentQuantity`: Invalid value provided. Expected Float, provided String. [39m
[31mInvalid `prisma.inventory.create()` invocation:[39m

[31m{[39m
[31m  data: {[39m
[31m    type: "FEED",[39m
[31m    name: "Premium Cattle Feed",[39m
[31m    currentQuantity: "100",[39m
[31m                     ~~~~~[39m
[31m    purchasePrice: "2.50",[39m
[31m    reorderPoint: "20",[39m
[31m    supplier: "AgroSupplies",[39m
[31m    notes: "Initial stock",[39m
[31m    mediaUrls: [[39m
[31m      "/uploads/1753359338588-cattle feed.jpeg"[39m
[31m    ],[39m
[31m    records: {[39m
[31m      create: {[39m
[31m        recordType: "NEW",[39m
[31m        quantity: "100",[39m
[31m        pricePerUnit: "2.50",[39m
[31m        totalCost: "250.00",[39m
[31m        date: "2025-01-02",[39m
[31m        notes: "Initial stock",[39m
[31m        mediaUrls: [[39m
[31m          "/uploads/1753359338588-cattle feed.jpeg"[39m
[31m        ],[39m
[31m        recordedById: "cmcnjxm6s0000t1p8rcay1eoq"[39m
[31m      }[39m
[31m    }[39m
[31m  },[39m
[31m  include: {[39m
[31m    records: {[39m
[31m      orderBy: {[39m
[31m        createdAt: "desc"[39m
[31m      },[39m
[31m      take: 1[39m
[31m    }[39m
[31m  }[39m
[31m}[39m

[31mArgument `currentQuantity`: Invalid value provided. Expected Float, provided String.[39m
2025-07-24 13:15:38 [32minfo[39m [32mPOST /api/v1/inventory/records/NEW 422 5310.692 ms - 1025[39m
[32m[39m
2025-07-24 13:16:25 [32minfo[39m [32mPOST /api/v1/inventory/records/NEW 422 659.569 ms - 179[39m
[32m[39m
2025-07-24 13:16:47 [32minfo[39m [32mPOST /api/v1/inventory/records/NEW 422 561.850 ms - 179[39m
[32m[39m
2025-07-24 13:17:17 [31merror[39m [31mDatabase validation error: [39m
[31mInvalid `prisma.inventory.create()` invocation:[39m

[31m{[39m
[31m  data: {[39m
[31m    type: "FEED",[39m
[31m    name: "Premium Cattle Feed",[39m
[31m    currentQuantity: "100.00",[39m
[31m                     ~~~~~~~~[39m
[31m    purchasePrice: "2.50",[39m
[31m    reorderPoint: "20",[39m
[31m    supplier: "AgroSupplies",[39m
[31m    notes: "Initial stock",[39m
[31m    mediaUrls: [[39m
[31m      "/uploads/1753359437727-cattle feed.jpeg"[39m
[31m    ],[39m
[31m    records: {[39m
[31m      create: {[39m
[31m        recordType: "NEW",[39m
[31m        quantity: "100.00",[39m
[31m        pricePerUnit: "2.50",[39m
[31m        totalCost: "250.00",[39m
[31m        date: "2025-01-02",[39m
[31m        notes: "Initial stock",[39m
[31m        mediaUrls: [[39m
[31m          "/uploads/1753359437727-cattle feed.jpeg"[39m
[31m        ],[39m
[31m        recordedById: "cmcnjxm6s0000t1p8rcay1eoq"[39m
[31m      }[39m
[31m    }[39m
[31m  },[39m
[31m  include: {[39m
[31m    records: {[39m
[31m      orderBy: {[39m
[31m        createdAt: "desc"[39m
[31m      },[39m
[31m      take: 1[39m
[31m    }[39m
[31m  }[39m
[31m}[39m

[31mArgument `currentQuantity`: Invalid value provided. Expected Float, provided String. [39m
[31mInvalid `prisma.inventory.create()` invocation:[39m

[31m{[39m
[31m  data: {[39m
[31m    type: "FEED",[39m
[31m    name: "Premium Cattle Feed",[39m
[31m    currentQuantity: "100.00",[39m
[31m                     ~~~~~~~~[39m
[31m    purchasePrice: "2.50",[39m
[31m    reorderPoint: "20",[39m
[31m    supplier: "AgroSupplies",[39m
[31m    notes: "Initial stock",[39m
[31m    mediaUrls: [[39m
[31m      "/uploads/1753359437727-cattle feed.jpeg"[39m
[31m    ],[39m
[31m    records: {[39m
[31m      create: {[39m
[31m        recordType: "NEW",[39m
[31m        quantity: "100.00",[39m
[31m        pricePerUnit: "2.50",[39m
[31m        totalCost: "250.00",[39m
[31m        date: "2025-01-02",[39m
[31m        notes: "Initial stock",[39m
[31m        mediaUrls: [[39m
[31m          "/uploads/1753359437727-cattle feed.jpeg"[39m
[31m        ],[39m
[31m        recordedById: "cmcnjxm6s0000t1p8rcay1eoq"[39m
[31m      }[39m
[31m    }[39m
[31m  },[39m
[31m  include: {[39m
[31m    records: {[39m
[31m      orderBy: {[39m
[31m        createdAt: "desc"[39m
[31m      },[39m
[31m      take: 1[39m
[31m    }[39m
[31m  }[39m
[31m}[39m

[31mArgument `currentQuantity`: Invalid value provided. Expected Float, provided String.[39m
2025-07-24 13:17:17 [32minfo[39m [32mPOST /api/v1/inventory/records/NEW 422 857.745 ms - 1034[39m
[32m[39m
2025-07-24 13:17:41 [32minfo[39m [32mPOST /api/v1/inventory/records/NEW 422 548.494 ms - 179[39m
[32m[39m
2025-07-24 13:18:15 [32minfo[39m [32mPOST /api/v1/inventory/records/NEW 422 818.417 ms - 179[39m
[32m[39m
2025-07-24 13:18:58 [31merror[39m [31mDatabase validation error: [39m
[31mInvalid `prisma.inventory.create()` invocation:[39m

[31m{[39m
[31m  data: {[39m
[31m    type: "FEED",[39m
[31m    name: "Premium Cattle Feed",[39m
[31m    currentQuantity: "100.00",[39m
[31m                     ~~~~~~~~[39m
[31m    purchasePrice: "2.50",[39m
[31m    reorderPoint: "20",[39m
[31m    supplier: "AgroSupplies",[39m
[31m    notes: "Initial stock",[39m
[31m    mediaUrls: [[39m
[31m      "/uploads/1753359538812-cattle feed.jpeg"[39m
[31m    ],[39m
[31m    records: {[39m
[31m      create: {[39m
[31m        recordType: "NEW",[39m
[31m        quantity: "100.00",[39m
[31m        pricePerUnit: "2.50",[39m
[31m        totalCost: "250.00",[39m
[31m        date: "2025-01-02",[39m
[31m        notes: "Initial stock",[39m
[31m        mediaUrls: [[39m
[31m          "/uploads/1753359538812-cattle feed.jpeg"[39m
[31m        ],[39m
[31m        recordedById: "cmcnjxm6s0000t1p8rcay1eoq"[39m
[31m      }[39m
[31m    }[39m
[31m  },[39m
[31m  include: {[39m
[31m    records: {[39m
[31m      orderBy: {[39m
[31m        createdAt: "desc"[39m
[31m      },[39m
[31m      take: 1[39m
[31m    }[39m
[31m  }[39m
[31m}[39m

[31mArgument `currentQuantity`: Invalid value provided. Expected Float, provided String. [39m
[31mInvalid `prisma.inventory.create()` invocation:[39m

[31m{[39m
[31m  data: {[39m
[31m    type: "FEED",[39m
[31m    name: "Premium Cattle Feed",[39m
[31m    currentQuantity: "100.00",[39m
[31m                     ~~~~~~~~[39m
[31m    purchasePrice: "2.50",[39m
[31m    reorderPoint: "20",[39m
[31m    supplier: "AgroSupplies",[39m
[31m    notes: "Initial stock",[39m
[31m    mediaUrls: [[39m
[31m      "/uploads/1753359538812-cattle feed.jpeg"[39m
[31m    ],[39m
[31m    records: {[39m
[31m      create: {[39m
[31m        recordType: "NEW",[39m
[31m        quantity: "100.00",[39m
[31m        pricePerUnit: "2.50",[39m
[31m        totalCost: "250.00",[39m
[31m        date: "2025-01-02",[39m
[31m        notes: "Initial stock",[39m
[31m        mediaUrls: [[39m
[31m          "/uploads/1753359538812-cattle feed.jpeg"[39m
[31m        ],[39m
[31m        recordedById: "cmcnjxm6s0000t1p8rcay1eoq"[39m
[31m      }[39m
[31m    }[39m
[31m  },[39m
[31m  include: {[39m
[31m    records: {[39m
[31m      orderBy: {[39m
[31m        createdAt: "desc"[39m
[31m      },[39m
[31m      take: 1[39m
[31m    }[39m
[31m  }[39m
[31m}[39m

[31mArgument `currentQuantity`: Invalid value provided. Expected Float, provided String.[39m
2025-07-24 13:18:58 [32minfo[39m [32mPOST /api/v1/inventory/records/NEW 422 598.347 ms - 1034[39m
[32m[39m
2025-07-24 13:19:16 [31merror[39m [31mDatabase validation error: [39m
[31mInvalid `prisma.inventory.create()` invocation:[39m

[31m{[39m
[31m  data: {[39m
[31m    type: "FEED",[39m
[31m    name: "Premium Cattle Feed",[39m
[31m    currentQuantity: "100.00",[39m
[31m                     ~~~~~~~~[39m
[31m    purchasePrice: "2.50",[39m
[31m    reorderPoint: "20",[39m
[31m    supplier: "AgroSupplies",[39m
[31m    notes: "Initial stock",[39m
[31m    mediaUrls: [[39m
[31m      "/uploads/1753359556070-cattle feed.jpeg"[39m
[31m    ],[39m
[31m    records: {[39m
[31m      create: {[39m
[31m        recordType: "NEW",[39m
[31m        quantity: "100.00",[39m
[31m        pricePerUnit: "2.50",[39m
[31m        totalCost: "250.00",[39m
[31m        date: "2025-01-02",[39m
[31m        notes: "Initial stock",[39m
[31m        mediaUrls: [[39m
[31m          "/uploads/1753359556070-cattle feed.jpeg"[39m
[31m        ],[39m
[31m        recordedById: "cmcnjxm6s0000t1p8rcay1eoq"[39m
[31m      }[39m
[31m    }[39m
[31m  },[39m
[31m  include: {[39m
[31m    records: {[39m
[31m      orderBy: {[39m
[31m        createdAt: "desc"[39m
[31m      },[39m
[31m      take: 1[39m
[31m    }[39m
[31m  }[39m
[31m}[39m

[31mArgument `currentQuantity`: Invalid value provided. Expected Float, provided String. [39m
[31mInvalid `prisma.inventory.create()` invocation:[39m

[31m{[39m
[31m  data: {[39m
[31m    type: "FEED",[39m
[31m    name: "Premium Cattle Feed",[39m
[31m    currentQuantity: "100.00",[39m
[31m                     ~~~~~~~~[39m
[31m    purchasePrice: "2.50",[39m
[31m    reorderPoint: "20",[39m
[31m    supplier: "AgroSupplies",[39m
[31m    notes: "Initial stock",[39m
[31m    mediaUrls: [[39m
[31m      "/uploads/1753359556070-cattle feed.jpeg"[39m
[31m    ],[39m
[31m    records: {[39m
[31m      create: {[39m
[31m        recordType: "NEW",[39m
[31m        quantity: "100.00",[39m
[31m        pricePerUnit: "2.50",[39m
[31m        totalCost: "250.00",[39m
[31m        date: "2025-01-02",[39m
[31m        notes: "Initial stock",[39m
[31m        mediaUrls: [[39m
[31m          "/uploads/1753359556070-cattle feed.jpeg"[39m
[31m        ],[39m
[31m        recordedById: "cmcnjxm6s0000t1p8rcay1eoq"[39m
[31m      }[39m
[31m    }[39m
[31m  },[39m
[31m  include: {[39m
[31m    records: {[39m
[31m      orderBy: {[39m
[31m        createdAt: "desc"[39m
[31m      },[39m
[31m      take: 1[39m
[31m    }[39m
[31m  }[39m
[31m}[39m

[31mArgument `currentQuantity`: Invalid value provided. Expected Float, provided String.[39m
2025-07-24 13:19:16 [32minfo[39m [32mPOST /api/v1/inventory/records/NEW 422 569.322 ms - 1034[39m
[32m[39m
2025-07-24 13:19:17 [31merror[39m [31mDatabase validation error: [39m
[31mInvalid `prisma.inventory.create()` invocation:[39m

[31m{[39m
[31m  data: {[39m
[31m    type: "FEED",[39m
[31m    name: "Premium Cattle Feed",[39m
[31m    currentQuantity: "100.00",[39m
[31m                     ~~~~~~~~[39m
[31m    purchasePrice: "2.50",[39m
[31m    reorderPoint: "20",[39m
[31m    supplier: "AgroSupplies",[39m
[31m    notes: "Initial stock",[39m
[31m    mediaUrls: [[39m
[31m      "/uploads/1753359557872-cattle feed.jpeg"[39m
[31m    ],[39m
[31m    records: {[39m
[31m      create: {[39m
[31m        recordType: "NEW",[39m
[31m        quantity: "100.00",[39m
[31m        pricePerUnit: "2.50",[39m
[31m        totalCost: "250.00",[39m
[31m        date: "2025-01-02",[39m
[31m        notes: "Initial stock",[39m
[31m        mediaUrls: [[39m
[31m          "/uploads/1753359557872-cattle feed.jpeg"[39m
[31m        ],[39m
[31m        recordedById: "cmcnjxm6s0000t1p8rcay1eoq"[39m
[31m      }[39m
[31m    }[39m
[31m  },[39m
[31m  include: {[39m
[31m    records: {[39m
[31m      orderBy: {[39m
[31m        createdAt: "desc"[39m
[31m      },[39m
[31m      take: 1[39m
[31m    }[39m
[31m  }[39m
[31m}[39m

[31mArgument `currentQuantity`: Invalid value provided. Expected Float, provided String. [39m
[31mInvalid `prisma.inventory.create()` invocation:[39m

[31m{[39m
[31m  data: {[39m
[31m    type: "FEED",[39m
[31m    name: "Premium Cattle Feed",[39m
[31m    currentQuantity: "100.00",[39m
[31m                     ~~~~~~~~[39m
[31m    purchasePrice: "2.50",[39m
[31m    reorderPoint: "20",[39m
[31m    supplier: "AgroSupplies",[39m
[31m    notes: "Initial stock",[39m
[31m    mediaUrls: [[39m
[31m      "/uploads/1753359557872-cattle feed.jpeg"[39m
[31m    ],[39m
[31m    records: {[39m
[31m      create: {[39m
[31m        recordType: "NEW",[39m
[31m        quantity: "100.00",[39m
[31m        pricePerUnit: "2.50",[39m
[31m        totalCost: "250.00",[39m
[31m        date: "2025-01-02",[39m
[31m        notes: "Initial stock",[39m
[31m        mediaUrls: [[39m
[31m          "/uploads/1753359557872-cattle feed.jpeg"[39m
[31m        ],[39m
[31m        recordedById: "cmcnjxm6s0000t1p8rcay1eoq"[39m
[31m      }[39m
[31m    }[39m
[31m  },[39m
[31m  include: {[39m
[31m    records: {[39m
[31m      orderBy: {[39m
[31m        createdAt: "desc"[39m
[31m      },[39m
[31m      take: 1[39m
[31m    }[39m
[31m  }[39m
[31m}[39m

[31mArgument `currentQuantity`: Invalid value provided. Expected Float, provided String.[39m
2025-07-24 13:19:17 [32minfo[39m [32mPOST /api/v1/inventory/records/NEW 422 307.662 ms - 1034[39m
[32m[39m
2025-07-24 13:20:47 [32minfo[39m [32mPOST /api/v1/inventory/records/NEW 500 661.297 ms - 324[39m
[32m[39m
2025-07-24 13:20:56 [31merror[39m [31mDatabase validation error: [39m
[31mInvalid `prisma.inventory.create()` invocation:[39m

[31m{[39m
[31m  data: {[39m
[31m    type: "FEED",[39m
[31m    name: "Premium Cattle Feed",[39m
[31m    currentQuantity: "100.0",[39m
[31m                     ~~~~~~~[39m
[31m    purchasePrice: "2.50",[39m
[31m    reorderPoint: "20",[39m
[31m    supplier: "AgroSupplies",[39m
[31m    notes: "Initial stock",[39m
[31m    mediaUrls: [[39m
[31m      "/uploads/1753359656821-cattle feed.jpeg"[39m
[31m    ],[39m
[31m    records: {[39m
[31m      create: {[39m
[31m        recordType: "NEW",[39m
[31m        quantity: "100.0",[39m
[31m        pricePerUnit: "2.50",[39m
[31m        totalCost: "250.00",[39m
[31m        date: "2025-01-02",[39m
[31m        notes: "Initial stock",[39m
[31m        mediaUrls: [[39m
[31m          "/uploads/1753359656821-cattle feed.jpeg"[39m
[31m        ],[39m
[31m        recordedById: "cmcnjxm6s0000t1p8rcay1eoq"[39m
[31m      }[39m
[31m    }[39m
[31m  },[39m
[31m  include: {[39m
[31m    records: {[39m
[31m      orderBy: {[39m
[31m        createdAt: "desc"[39m
[31m      },[39m
[31m      take: 1[39m
[31m    }[39m
[31m  }[39m
[31m}[39m

[31mArgument `currentQuantity`: Invalid value provided. Expected Float, provided String. [39m
[31mInvalid `prisma.inventory.create()` invocation:[39m

[31m{[39m
[31m  data: {[39m
[31m    type: "FEED",[39m
[31m    name: "Premium Cattle Feed",[39m
[31m    currentQuantity: "100.0",[39m
[31m                     ~~~~~~~[39m
[31m    purchasePrice: "2.50",[39m
[31m    reorderPoint: "20",[39m
[31m    supplier: "AgroSupplies",[39m
[31m    notes: "Initial stock",[39m
[31m    mediaUrls: [[39m
[31m      "/uploads/1753359656821-cattle feed.jpeg"[39m
[31m    ],[39m
[31m    records: {[39m
[31m      create: {[39m
[31m        recordType: "NEW",[39m
[31m        quantity: "100.0",[39m
[31m        pricePerUnit: "2.50",[39m
[31m        totalCost: "250.00",[39m
[31m        date: "2025-01-02",[39m
[31m        notes: "Initial stock",[39m
[31m        mediaUrls: [[39m
[31m          "/uploads/1753359656821-cattle feed.jpeg"[39m
[31m        ],[39m
[31m        recordedById: "cmcnjxm6s0000t1p8rcay1eoq"[39m
[31m      }[39m
[31m    }[39m
[31m  },[39m
[31m  include: {[39m
[31m    records: {[39m
[31m      orderBy: {[39m
[31m        createdAt: "desc"[39m
[31m      },[39m
[31m      take: 1[39m
[31m    }[39m
[31m  }[39m
[31m}[39m

[31mArgument `currentQuantity`: Invalid value provided. Expected Float, provided String.[39m
2025-07-24 13:20:56 [32minfo[39m [32mPOST /api/v1/inventory/records/NEW 422 3939.436 ms - 1031[39m
[32m[39m
2025-07-24 13:21:13 [31merror[39m [31mDatabase validation error: [39m
[31mInvalid `prisma.inventory.create()` invocation:[39m

[31m{[39m
[31m  data: {[39m
[31m    type: "FEED",[39m
[31m    name: "Premium Cattle Feed",[39m
[31m    currentQuantity: "100",[39m
[31m                     ~~~~~[39m
[31m    purchasePrice: "2.50",[39m
[31m    reorderPoint: "20",[39m
[31m    supplier: "AgroSupplies",[39m
[31m    notes: "Initial stock",[39m
[31m    mediaUrls: [[39m
[31m      "/uploads/1753359673278-cattle feed.jpeg"[39m
[31m    ],[39m
[31m    records: {[39m
[31m      create: {[39m
[31m        recordType: "NEW",[39m
[31m        quantity: "100",[39m
[31m        pricePerUnit: "2.50",[39m
[31m        totalCost: "250.00",[39m
[31m        date: "2025-01-02",[39m
[31m        notes: "Initial stock",[39m
[31m        mediaUrls: [[39m
[31m          "/uploads/1753359673278-cattle feed.jpeg"[39m
[31m        ],[39m
[31m        recordedById: "cmcnjxm6s0000t1p8rcay1eoq"[39m
[31m      }[39m
[31m    }[39m
[31m  },[39m
[31m  include: {[39m
[31m    records: {[39m
[31m      orderBy: {[39m
[31m        createdAt: "desc"[39m
[31m      },[39m
[31m      take: 1[39m
[31m    }[39m
[31m  }[39m
[31m}[39m

[31mArgument `currentQuantity`: Invalid value provided. Expected Float, provided String. [39m
[31mInvalid `prisma.inventory.create()` invocation:[39m

[31m{[39m
[31m  data: {[39m
[31m    type: "FEED",[39m
[31m    name: "Premium Cattle Feed",[39m
[31m    currentQuantity: "100",[39m
[31m                     ~~~~~[39m
[31m    purchasePrice: "2.50",[39m
[31m    reorderPoint: "20",[39m
[31m    supplier: "AgroSupplies",[39m
[31m    notes: "Initial stock",[39m
[31m    mediaUrls: [[39m
[31m      "/uploads/1753359673278-cattle feed.jpeg"[39m
[31m    ],[39m
[31m    records: {[39m
[31m      create: {[39m
[31m        recordType: "NEW",[39m
[31m        quantity: "100",[39m
[31m        pricePerUnit: "2.50",[39m
[31m        totalCost: "250.00",[39m
[31m        date: "2025-01-02",[39m
[31m        notes: "Initial stock",[39m
[31m        mediaUrls: [[39m
[31m          "/uploads/1753359673278-cattle feed.jpeg"[39m
[31m        ],[39m
[31m        recordedById: "cmcnjxm6s0000t1p8rcay1eoq"[39m
[31m      }[39m
[31m    }[39m
[31m  },[39m
[31m  include: {[39m
[31m    records: {[39m
[31m      orderBy: {[39m
[31m        createdAt: "desc"[39m
[31m      },[39m
[31m      take: 1[39m
[31m    }[39m
[31m  }[39m
[31m}[39m

[31mArgument `currentQuantity`: Invalid value provided. Expected Float, provided String.[39m
2025-07-24 13:21:13 [32minfo[39m [32mPOST /api/v1/inventory/records/NEW 422 1207.922 ms - 1025[39m
[32m[39m
2025-07-24 13:22:36 [31merror[39m [31mDatabase validation error: [39m
[31mInvalid `prisma.inventory.create()` invocation:[39m

[31m{[39m
[31m  data: {[39m
[31m    type: "FEED",[39m
[31m    name: "Premium Cattle Feed",[39m
[31m    currentQuantity: 100,[39m
[31m    purchasePrice: 2.5,[39m
[31m    reorderPoint: 20,[39m
[31m    supplier: "AgroSupplies",[39m
[31m    notes: "Initial stock",[39m
[31m    mediaUrls: [[39m
[31m      "/uploads/1753359756291-cattle feed.jpeg"[39m
[31m    ],[39m
[31m    records: {[39m
[31m      create: {[39m
[31m        recordType: "NEW",[39m
[31m        quantity: 100,[39m
[31m        pricePerUnit: 2.5,[39m
[31m        totalCost: 250,[39m
[31m        date: new Date("Invalid Date"),[39m
[31m              ~~~~~~~~~~~~~~~~~~~~~~~~[39m
[31m        notes: "Initial stock",[39m
[31m        mediaUrls: [[39m
[31m          "/uploads/1753359756291-cattle feed.jpeg"[39m
[31m        ],[39m
[31m        recordedById: "cmcnjxm6s0000t1p8rcay1eoq"[39m
[31m      }[39m
[31m    }[39m
[31m  },[39m
[31m  include: {[39m
[31m    records: {[39m
[31m      orderBy: {[39m
[31m        createdAt: "desc"[39m
[31m      },[39m
[31m      take: 1[39m
[31m    }[39m
[31m  }[39m
[31m}[39m

[31mInvalid value for argument `date`: Provided Date object is invalid. Expected Date. [39m
[31mInvalid `prisma.inventory.create()` invocation:[39m

[31m{[39m
[31m  data: {[39m
[31m    type: "FEED",[39m
[31m    name: "Premium Cattle Feed",[39m
[31m    currentQuantity: 100,[39m
[31m    purchasePrice: 2.5,[39m
[31m    reorderPoint: 20,[39m
[31m    supplier: "AgroSupplies",[39m
[31m    notes: "Initial stock",[39m
[31m    mediaUrls: [[39m
[31m      "/uploads/1753359756291-cattle feed.jpeg"[39m
[31m    ],[39m
[31m    records: {[39m
[31m      create: {[39m
[31m        recordType: "NEW",[39m
[31m        quantity: 100,[39m
[31m        pricePerUnit: 2.5,[39m
[31m        totalCost: 250,[39m
[31m        date: new Date("Invalid Date"),[39m
[31m              ~~~~~~~~~~~~~~~~~~~~~~~~[39m
[31m        notes: "Initial stock",[39m
[31m        mediaUrls: [[39m
[31m          "/uploads/1753359756291-cattle feed.jpeg"[39m
[31m        ],[39m
[31m        recordedById: "cmcnjxm6s0000t1p8rcay1eoq"[39m
[31m      }[39m
[31m    }[39m
[31m  },[39m
[31m  include: {[39m
[31m    records: {[39m
[31m      orderBy: {[39m
[31m        createdAt: "desc"[39m
[31m      },[39m
[31m      take: 1[39m
[31m    }[39m
[31m  }[39m
[31m}[39m

[31mInvalid value for argument `date`: Provided Date object is invalid. Expected Date.[39m
2025-07-24 13:22:36 [32minfo[39m [32mPOST /api/v1/inventory/records/NEW 422 3010.438 ms - 1018[39m
[32m[39m
2025-07-24 13:25:56 [31merror[39m [31mDatabase validation error: [39m
[31mInvalid `prisma.inventory.create()` invocation:[39m

[31m{[39m
[31m  data: {[39m
[31m    type: "FEED",[39m
[31m    name: "Premium Cattle Feed",[39m
[31m    currentQuantity: 100,[39m
[31m    purchasePrice: 2.5,[39m
[31m    reorderPoint: 20,[39m
[31m    supplier: "AgroSupplies",[39m
[31m    notes: "Initial stock",[39m
[31m    mediaUrls: [[39m
[31m      "/uploads/1753359956020-cattle feed.jpeg"[39m
[31m    ],[39m
[31m    records: {[39m
[31m      create: {[39m
[31m        recordType: "NEW",[39m
[31m        quantity: 100,[39m
[31m        pricePerUnit: 2.5,[39m
[31m        totalCost: 250,[39m
[31m        date: "2025-01-02",[39m
[31m              ~~~~~~~~~~~~[39m
[31m        notes: "Initial stock",[39m
[31m        mediaUrls: [[39m
[31m          "/uploads/1753359956020-cattle feed.jpeg"[39m
[31m        ],[39m
[31m        recordedById: "cmcnjxm6s0000t1p8rcay1eoq"[39m
[31m      }[39m
[31m    }[39m
[31m  },[39m
[31m  include: {[39m
[31m    records: {[39m
[31m      orderBy: {[39m
[31m        createdAt: "desc"[39m
[31m      },[39m
[31m      take: 1[39m
[31m    }[39m
[31m  }[39m
[31m}[39m

[31mInvalid value for argument `date`: premature end of input. Expected ISO-8601 DateTime. [39m
[31mInvalid `prisma.inventory.create()` invocation:[39m

[31m{[39m
[31m  data: {[39m
[31m    type: "FEED",[39m
[31m    name: "Premium Cattle Feed",[39m
[31m    currentQuantity: 100,[39m
[31m    purchasePrice: 2.5,[39m
[31m    reorderPoint: 20,[39m
[31m    supplier: "AgroSupplies",[39m
[31m    notes: "Initial stock",[39m
[31m    mediaUrls: [[39m
[31m      "/uploads/1753359956020-cattle feed.jpeg"[39m
[31m    ],[39m
[31m    records: {[39m
[31m      create: {[39m
[31m        recordType: "NEW",[39m
[31m        quantity: 100,[39m
[31m        pricePerUnit: 2.5,[39m
[31m        totalCost: 250,[39m
[31m        date: "2025-01-02",[39m
[31m              ~~~~~~~~~~~~[39m
[31m        notes: "Initial stock",[39m
[31m        mediaUrls: [[39m
[31m          "/uploads/1753359956020-cattle feed.jpeg"[39m
[31m        ],[39m
[31m        recordedById: "cmcnjxm6s0000t1p8rcay1eoq"[39m
[31m      }[39m
[31m    }[39m
[31m  },[39m
[31m  include: {[39m
[31m    records: {[39m
[31m      orderBy: {[39m
[31m        createdAt: "desc"[39m
[31m      },[39m
[31m      take: 1[39m
[31m    }[39m
[31m  }[39m
[31m}[39m

[31mInvalid value for argument `date`: premature end of input. Expected ISO-8601 DateTime.[39m
2025-07-24 13:25:56 [32minfo[39m [32mPOST /api/v1/inventory/records/NEW 422 3718.725 ms - 998[39m
[32m[39m
2025-07-24 13:27:04 [31merror[39m [31mDatabase validation error: [39m
[31mInvalid `prisma.inventory.update()` invocation:[39m

[31m{[39m
[31m  where: {[39m
[31m    id: undefined[39m
[31m  },[39m
[31m  data: {[39m
[31m    currentQuantity: {[39m
[31m      increment: NaN[39m
[31m    },[39m
[31m    reorderPoint: 20,[39m
[31m    records: {[39m
[31m      create: {[39m
[31m        recordType: "ITEM",[39m
[31m        quantity: NaN,[39m
[31m        pricePerUnit: 2.5,[39m
[31m        totalCost: 250,[39m
[31m        date: new Date("Invalid Date"),[39m
[31m              ~~~~~~~~~~~~~~~~~~~~~~~~[39m
[31m        notes: "Initial stock",[39m
[31m        mediaUrls: [[39m
[31m          "/uploads/1753360021200-cattle feed.jpeg"[39m
[31m        ],[39m
[31m        recordedById: "cmcnjxm6s0000t1p8rcay1eoq"[39m
[31m      }[39m
[31m    }[39m
[31m  },[39m
[31m  include: {[39m
[31m    records: {[39m
[31m      orderBy: {[39m
[31m        createdAt: "desc"[39m
[31m      },[39m
[31m      take: 1[39m
[31m    }[39m
[31m  }[39m
[31m}[39m

[31mInvalid value for argument `date`: Provided Date object is invalid. Expected Date. [39m
[31mInvalid `prisma.inventory.update()` invocation:[39m

[31m{[39m
[31m  where: {[39m
[31m    id: undefined[39m
[31m  },[39m
[31m  data: {[39m
[31m    currentQuantity: {[39m
[31m      increment: NaN[39m
[31m    },[39m
[31m    reorderPoint: 20,[39m
[31m    records: {[39m
[31m      create: {[39m
[31m        recordType: "ITEM",[39m
[31m        quantity: NaN,[39m
[31m        pricePerUnit: 2.5,[39m
[31m        totalCost: 250,[39m
[31m        date: new Date("Invalid Date"),[39m
[31m              ~~~~~~~~~~~~~~~~~~~~~~~~[39m
[31m        notes: "Initial stock",[39m
[31m        mediaUrls: [[39m
[31m          "/uploads/1753360021200-cattle feed.jpeg"[39m
[31m        ],[39m
[31m        recordedById: "cmcnjxm6s0000t1p8rcay1eoq"[39m
[31m      }[39m
[31m    }[39m
[31m  },[39m
[31m  include: {[39m
[31m    records: {[39m
[31m      orderBy: {[39m
[31m        createdAt: "desc"[39m
[31m      },[39m
[31m      take: 1[39m
[31m    }[39m
[31m  }[39m
[31m}[39m

[31mInvalid value for argument `date`: Provided Date object is invalid. Expected Date.[39m
2025-07-24 13:27:04 [32minfo[39m [32mPOST /api/v1/inventory/records/NEW 422 7016.534 ms - 822[39m
[32m[39m
2025-07-24 13:31:23 [32minfo[39m [32mPOST /api/v1/inventory/records/NEW 422 555.714 ms - 325[39m
[32m[39m
2025-07-24 13:32:01 [31merror[39m [31mDatabase validation error: [39m
[31mInvalid `prisma.inventory.update()` invocation:[39m

[31m{[39m
[31m  where: {[39m
[31m    id: undefined[39m
[31m  },[39m
[31m  data: {[39m
[31m    currentQuantity: {[39m
[31m      increment: NaN[39m
[31m    },[39m
[31m    reorderPoint: 20,[39m
[31m    records: {[39m
[31m      create: {[39m
[31m        recordType: "ITEM",[39m
[31m        quantity: NaN,[39m
[31m        pricePerUnit: 45.5,[39m
[31m        totalCost: 650,[39m
[31m        date: new Date("Invalid Date"),[39m
[31m              ~~~~~~~~~~~~~~~~~~~~~~~~[39m
[31m        notes: "Initial stock",[39m
[31m        mediaUrls: [[39m
[31m          "/uploads/1753360319758-cattle feed.jpeg"[39m
[31m        ],[39m
[31m        recordedById: "cmcnjxm6s0000t1p8rcay1eoq"[39m
[31m      }[39m
[31m    }[39m
[31m  },[39m
[31m  include: {[39m
[31m    records: {[39m
[31m      orderBy: {[39m
[31m        createdAt: "desc"[39m
[31m      },[39m
[31m      take: 1[39m
[31m    }[39m
[31m  }[39m
[31m}[39m

[31mInvalid value for argument `date`: Provided Date object is invalid. Expected Date. [39m
[31mInvalid `prisma.inventory.update()` invocation:[39m

[31m{[39m
[31m  where: {[39m
[31m    id: undefined[39m
[31m  },[39m
[31m  data: {[39m
[31m    currentQuantity: {[39m
[31m      increment: NaN[39m
[31m    },[39m
[31m    reorderPoint: 20,[39m
[31m    records: {[39m
[31m      create: {[39m
[31m        recordType: "ITEM",[39m
[31m        quantity: NaN,[39m
[31m        pricePerUnit: 45.5,[39m
[31m        totalCost: 650,[39m
[31m        date: new Date("Invalid Date"),[39m
[31m              ~~~~~~~~~~~~~~~~~~~~~~~~[39m
[31m        notes: "Initial stock",[39m
[31m        mediaUrls: [[39m
[31m          "/uploads/1753360319758-cattle feed.jpeg"[39m
[31m        ],[39m
[31m        recordedById: "cmcnjxm6s0000t1p8rcay1eoq"[39m
[31m      }[39m
[31m    }[39m
[31m  },[39m
[31m  include: {[39m
[31m    records: {[39m
[31m      orderBy: {[39m
[31m        createdAt: "desc"[39m
[31m      },[39m
[31m      take: 1[39m
[31m    }[39m
[31m  }[39m
[31m}[39m

[31mInvalid value for argument `date`: Provided Date object is invalid. Expected Date.[39m
2025-07-24 13:32:01 [32minfo[39m [32mPOST /api/v1/inventory/records/NEW 422 2360.013 ms - 832[39m
[32m[39m
2025-07-24 14:08:35 [32minfo[39m [32mPOST /api/v1/inventory/records/NEW 404 5.983 ms - 133[39m
[32m[39m
2025-07-24 14:29:13 [32minfo[39m [32mPOST /api/v1/inventory/records 401 27.257 ms - 64[39m
[32m[39m
2025-07-24 14:29:32 [32minfo[39m [32mPOST /api/v1/auth/login 200 4200.798 ms - 507[39m
[32m[39m
2025-07-24 14:30:02 [31merror[39m [31mInternal Server Error Unexpected field[39m
2025-07-24 14:30:02 [32minfo[39m [32mPOST /api/v1/inventory/records 500 881.653 ms - 49[39m
[32m[39m
2025-07-24 14:30:09 [31merror[39m [31mInternal Server Error Unexpected field[39m
2025-07-24 14:30:09 [32minfo[39m [32mPOST /api/v1/inventory/records 500 336.794 ms - 49[39m
[32m[39m
2025-07-24 14:30:24 [32minfo[39m [32mPOST /api/v1/auth/login 200 1629.220 ms - 507[39m
[32m[39m
2025-07-24 14:30:48 [31merror[39m [31mInternal Server Error Unexpected field[39m
2025-07-24 14:30:48 [32minfo[39m [32mPOST /api/v1/inventory/records 500 694.933 ms - 49[39m
[32m[39m
2025-07-24 14:30:50 [31merror[39m [31mInternal Server Error Unexpected field[39m
2025-07-24 14:30:50 [32minfo[39m [32mPOST /api/v1/inventory/records 500 298.455 ms - 49[39m
[32m[39m
2025-07-24 14:31:38 [31merror[39m [31mInternal Server Error Unexpected field[39m
2025-07-24 14:31:38 [32minfo[39m [32mPOST /api/v1/inventory/records 500 749.402 ms - 49[39m
[32m[39m
2025-07-24 14:32:24 [32minfo[39m [32mPOST /api/v1/inventory/records 422 3975.237 ms - 481[39m
[32m[39m
2025-07-24 14:33:15 [32minfo[39m [32mPOST /api/v1/inventory/records 422 724.007 ms - 481[39m
[32m[39m
2025-07-24 14:35:56 [32minfo[39m [32mPOST /api/v1/inventory/records 422 2627.336 ms - 481[39m
[32m[39m
2025-07-24 14:38:26 [32minfo[39m [32mPOST /api/v1/inventory/records 422 3524.760 ms - 481[39m
[32m[39m
2025-07-24 14:45:03 [32minfo[39m [32mPOST /api/v1/inventory/records 422 3034.423 ms - 235[39m
[32m[39m
2025-07-24 14:46:24 [31merror[39m [31mDatabase validation error: [39m
[31mInvalid `prisma.inventory.create()` invocation:[39m

[31m{[39m
[31m  data: {[39m
[31m    type: "MEDICINE",[39m
[31m    name: "Premium Cattle Feed",[39m
[31m    currentQuantity: "300",[39m
[31m                     ~~~~~[39m
[31m    purchasePrice: "45.50",[39m
[31m    reorderPoint: "20",[39m
[31m    supplier: "AgroSupplies LTD",[39m
[31m    notes: "Initial stock",[39m
[31m    mediaUrls: [[39m
[31m      "/uploads/1753364784821-cattle feed.jpeg"[39m
[31m    ],[39m
[31m    records: {[39m
[31m      create: {[39m
[31m        recordType: "NEW",[39m
[31m        quantity: "300",[39m
[31m        pricePerUnit: "45.50",[39m
[31m        totalCost: 13650,[39m
[31m        date: new Date("2025-06-04T00:00:00.000Z"),[39m
[31m        notes: "Initial stock",[39m
[31m        mediaUrls: [[39m
[31m          "/uploads/1753364784821-cattle feed.jpeg"[39m
[31m        ],[39m
[31m        recordedById: "cmcnjxm6s0000t1p8rcay1eoq"[39m
[31m      }[39m
[31m    }[39m
[31m  },[39m
[31m  include: {[39m
[31m    records: true[39m
[31m  }[39m
[31m}[39m

[31mArgument `currentQuantity`: Invalid value provided. Expected Float, provided String. [39m
[31mInvalid `prisma.inventory.create()` invocation:[39m

[31m{[39m
[31m  data: {[39m
[31m    type: "MEDICINE",[39m
[31m    name: "Premium Cattle Feed",[39m
[31m    currentQuantity: "300",[39m
[31m                     ~~~~~[39m
[31m    purchasePrice: "45.50",[39m
[31m    reorderPoint: "20",[39m
[31m    supplier: "AgroSupplies LTD",[39m
[31m    notes: "Initial stock",[39m
[31m    mediaUrls: [[39m
[31m      "/uploads/1753364784821-cattle feed.jpeg"[39m
[31m    ],[39m
[31m    records: {[39m
[31m      create: {[39m
[31m        recordType: "NEW",[39m
[31m        quantity: "300",[39m
[31m        pricePerUnit: "45.50",[39m
[31m        totalCost: 13650,[39m
[31m        date: new Date("2025-06-04T00:00:00.000Z"),[39m
[31m        notes: "Initial stock",[39m
[31m        mediaUrls: [[39m
[31m          "/uploads/1753364784821-cattle feed.jpeg"[39m
[31m        ],[39m
[31m        recordedById: "cmcnjxm6s0000t1p8rcay1eoq"[39m
[31m      }[39m
[31m    }[39m
[31m  },[39m
[31m  include: {[39m
[31m    records: true[39m
[31m  }[39m
[31m}[39m

[31mArgument `currentQuantity`: Invalid value provided. Expected Float, provided String.[39m
2025-07-24 14:46:24 [32minfo[39m [32mPOST /api/v1/inventory/records 422 3055.797 ms - 978[39m
[32m[39m
2025-07-24 14:46:55 [31merror[39m [31mDatabase validation error: [39m
[31mInvalid `prisma.inventory.create()` invocation:[39m

[31m{[39m
[31m  data: {[39m
[31m    type: "MEDICINE",[39m
[31m    name: "Premium Cattle Feed",[39m
[31m    currentQuantity: "300",[39m
[31m                     ~~~~~[39m
[31m    purchasePrice: "45.50",[39m
[31m    reorderPoint: "20",[39m
[31m    supplier: "AgroSupplies LTD",[39m
[31m    notes: "Initial stock",[39m
[31m    mediaUrls: [[39m
[31m      "/uploads/1753364815895-cattle feed.jpeg"[39m
[31m    ],[39m
[31m    records: {[39m
[31m      create: {[39m
[31m        recordType: "NEW",[39m
[31m        quantity: "300",[39m
[31m        pricePerUnit: "45.50",[39m
[31m        totalCost: 13650,[39m
[31m        date: new Date("2025-06-04T00:00:00.000Z"),[39m
[31m        notes: "Initial stock",[39m
[31m        mediaUrls: [[39m
[31m          "/uploads/1753364815895-cattle feed.jpeg"[39m
[31m        ],[39m
[31m        recordedById: "cmcnjxm6s0000t1p8rcay1eoq"[39m
[31m      }[39m
[31m    }[39m
[31m  },[39m
[31m  include: {[39m
[31m    records: true[39m
[31m  }[39m
[31m}[39m

[31mArgument `currentQuantity`: Invalid value provided. Expected Float, provided String. [39m
[31mInvalid `prisma.inventory.create()` invocation:[39m

[31m{[39m
[31m  data: {[39m
[31m    type: "MEDICINE",[39m
[31m    name: "Premium Cattle Feed",[39m
[31m    currentQuantity: "300",[39m
[31m                     ~~~~~[39m
[31m    purchasePrice: "45.50",[39m
[31m    reorderPoint: "20",[39m
[31m    supplier: "AgroSupplies LTD",[39m
[31m    notes: "Initial stock",[39m
[31m    mediaUrls: [[39m
[31m      "/uploads/1753364815895-cattle feed.jpeg"[39m
[31m    ],[39m
[31m    records: {[39m
[31m      create: {[39m
[31m        recordType: "NEW",[39m
[31m        quantity: "300",[39m
[31m        pricePerUnit: "45.50",[39m
[31m        totalCost: 13650,[39m
[31m        date: new Date("2025-06-04T00:00:00.000Z"),[39m
[31m        notes: "Initial stock",[39m
[31m        mediaUrls: [[39m
[31m          "/uploads/1753364815895-cattle feed.jpeg"[39m
[31m        ],[39m
[31m        recordedById: "cmcnjxm6s0000t1p8rcay1eoq"[39m
[31m      }[39m
[31m    }[39m
[31m  },[39m
[31m  include: {[39m
[31m    records: true[39m
[31m  }[39m
[31m}[39m

[31mArgument `currentQuantity`: Invalid value provided. Expected Float, provided String.[39m
2025-07-24 14:46:55 [32minfo[39m [32mPOST /api/v1/inventory/records 422 2904.691 ms - 978[39m
[32m[39m
2025-07-24 14:47:35 [31merror[39m [31mDatabase validation error: [39m
[31mInvalid `prisma.inventory.create()` invocation:[39m

[31m{[39m
[31m  data: {[39m
[31m    type: "MEDICINE",[39m
[31m    name: "Premium Cattle Feed",[39m
[31m    currentQuantity: "300",[39m
[31m                     ~~~~~[39m
[31m    purchasePrice: "45.50",[39m
[31m    reorderPoint: "20",[39m
[31m    supplier: "AgroSupplies LTD",[39m
[31m    notes: "Initial stock",[39m
[31m    mediaUrls: [[39m
[31m      "/uploads/1753364855275-cattle feed.jpeg"[39m
[31m    ],[39m
[31m    records: {[39m
[31m      create: {[39m
[31m        recordType: "NEW",[39m
[31m        quantity: "300",[39m
[31m        pricePerUnit: "45.50",[39m
[31m        totalCost: 13650,[39m
[31m        date: new Date("2025-06-04T00:00:00.000Z"),[39m
[31m        notes: "Initial stock",[39m
[31m        mediaUrls: [[39m
[31m          "/uploads/1753364855275-cattle feed.jpeg"[39m
[31m        ],[39m
[31m        recordedById: "cmcnjxm6s0000t1p8rcay1eoq"[39m
[31m      }[39m
[31m    }[39m
[31m  },[39m
[31m  include: {[39m
[31m    records: true[39m
[31m  }[39m
[31m}[39m

[31mArgument `currentQuantity`: Invalid value provided. Expected Float, provided String. [39m
[31mInvalid `prisma.inventory.create()` invocation:[39m

[31m{[39m
[31m  data: {[39m
[31m    type: "MEDICINE",[39m
[31m    name: "Premium Cattle Feed",[39m
[31m    currentQuantity: "300",[39m
[31m                     ~~~~~[39m
[31m    purchasePrice: "45.50",[39m
[31m    reorderPoint: "20",[39m
[31m    supplier: "AgroSupplies LTD",[39m
[31m    notes: "Initial stock",[39m
[31m    mediaUrls: [[39m
[31m      "/uploads/1753364855275-cattle feed.jpeg"[39m
[31m    ],[39m
[31m    records: {[39m
[31m      create: {[39m
[31m        recordType: "NEW",[39m
[31m        quantity: "300",[39m
[31m        pricePerUnit: "45.50",[39m
[31m        totalCost: 13650,[39m
[31m        date: new Date("2025-06-04T00:00:00.000Z"),[39m
[31m        notes: "Initial stock",[39m
[31m        mediaUrls: [[39m
[31m          "/uploads/1753364855275-cattle feed.jpeg"[39m
[31m        ],[39m
[31m        recordedById: "cmcnjxm6s0000t1p8rcay1eoq"[39m
[31m      }[39m
[31m    }[39m
[31m  },[39m
[31m  include: {[39m
[31m    records: true[39m
[31m  }[39m
[31m}[39m

[31mArgument `currentQuantity`: Invalid value provided. Expected Float, provided String.[39m
2025-07-24 14:47:35 [32minfo[39m [32mPOST /api/v1/inventory/records 422 2935.824 ms - 978[39m
[32m[39m
2025-07-24 14:49:31 [31merror[39m [31mDatabase validation error: [39m
[31mInvalid `prisma.inventory.create()` invocation:[39m

[31m{[39m
[31m  data: {[39m
[31m    type: "MEDICINE",[39m
[31m    name: "Premium Cattle Feed",[39m
[31m    currentQuantity: "300",[39m
[31m                     ~~~~~[39m
[31m    purchasePrice: "45.50",[39m
[31m    reorderPoint: 20,[39m
[31m    supplier: "AgroSupplies LTD",[39m
[31m    notes: "Initial stock",[39m
[31m    mediaUrls: [[39m
[31m      "/uploads/1753364971674-cattle feed.jpeg"[39m
[31m    ],[39m
[31m    records: {[39m
[31m      create: {[39m
[31m        recordType: "NEW",[39m
[31m        quantity: "300",[39m
[31m        pricePerUnit: "45.50",[39m
[31m        totalCost: 13650,[39m
[31m        date: new Date("2025-06-04T00:00:00.000Z"),[39m
[31m        notes: "Initial stock",[39m
[31m        mediaUrls: [[39m
[31m          "/uploads/1753364971674-cattle feed.jpeg"[39m
[31m        ],[39m
[31m        recordedById: "cmcnjxm6s0000t1p8rcay1eoq"[39m
[31m      }[39m
[31m    }[39m
[31m  },[39m
[31m  include: {[39m
[31m    records: true[39m
[31m  }[39m
[31m}[39m

[31mArgument `currentQuantity`: Invalid value provided. Expected Float, provided String. [39m
[31mInvalid `prisma.inventory.create()` invocation:[39m

[31m{[39m
[31m  data: {[39m
[31m    type: "MEDICINE",[39m
[31m    name: "Premium Cattle Feed",[39m
[31m    currentQuantity: "300",[39m
[31m                     ~~~~~[39m
[31m    purchasePrice: "45.50",[39m
[31m    reorderPoint: 20,[39m
[31m    supplier: "AgroSupplies LTD",[39m
[31m    notes: "Initial stock",[39m
[31m    mediaUrls: [[39m
[31m      "/uploads/1753364971674-cattle feed.jpeg"[39m
[31m    ],[39m
[31m    records: {[39m
[31m      create: {[39m
[31m        recordType: "NEW",[39m
[31m        quantity: "300",[39m
[31m        pricePerUnit: "45.50",[39m
[31m        totalCost: 13650,[39m
[31m        date: new Date("2025-06-04T00:00:00.000Z"),[39m
[31m        notes: "Initial stock",[39m
[31m        mediaUrls: [[39m
[31m          "/uploads/1753364971674-cattle feed.jpeg"[39m
[31m        ],[39m
[31m        recordedById: "cmcnjxm6s0000t1p8rcay1eoq"[39m
[31m      }[39m
[31m    }[39m
[31m  },[39m
[31m  include: {[39m
[31m    records: true[39m
[31m  }[39m
[31m}[39m

[31mArgument `currentQuantity`: Invalid value provided. Expected Float, provided String.[39m
2025-07-24 14:49:31 [32minfo[39m [32mPOST /api/v1/inventory/records 422 2916.313 ms - 974[39m
[32m[39m
2025-07-24 14:49:41 [31merror[39m [31mDatabase validation error: [39m
[31mInvalid `prisma.inventory.create()` invocation:[39m

[31m{[39m
[31m  data: {[39m
[31m    type: "MEDICINE",[39m
[31m    name: "Premium Cattle Feed",[39m
[31m    currentQuantity: "300",[39m
[31m                     ~~~~~[39m
[31m    purchasePrice: "45.50",[39m
[31m    reorderPoint: 20,[39m
[31m    supplier: "AgroSupplies LTD",[39m
[31m    notes: "Initial stock",[39m
[31m    mediaUrls: [[39m
[31m      "/uploads/1753364981178-cattle feed.jpeg"[39m
[31m    ],[39m
[31m    records: {[39m
[31m      create: {[39m
[31m        recordType: "NEW",[39m
[31m        quantity: "300",[39m
[31m        pricePerUnit: "45.50",[39m
[31m        totalCost: 13650,[39m
[31m        date: new Date("2025-06-04T00:00:00.000Z"),[39m
[31m        notes: "Initial stock",[39m
[31m        mediaUrls: [[39m
[31m          "/uploads/1753364981178-cattle feed.jpeg"[39m
[31m        ],[39m
[31m        recordedById: "cmcnjxm6s0000t1p8rcay1eoq"[39m
[31m      }[39m
[31m    }[39m
[31m  },[39m
[31m  include: {[39m
[31m    records: true[39m
[31m  }[39m
[31m}[39m

[31mArgument `currentQuantity`: Invalid value provided. Expected Float, provided String. [39m
[31mInvalid `prisma.inventory.create()` invocation:[39m

[31m{[39m
[31m  data: {[39m
[31m    type: "MEDICINE",[39m
[31m    name: "Premium Cattle Feed",[39m
[31m    currentQuantity: "300",[39m
[31m                     ~~~~~[39m
[31m    purchasePrice: "45.50",[39m
[31m    reorderPoint: 20,[39m
[31m    supplier: "AgroSupplies LTD",[39m
[31m    notes: "Initial stock",[39m
[31m    mediaUrls: [[39m
[31m      "/uploads/1753364981178-cattle feed.jpeg"[39m
[31m    ],[39m
[31m    records: {[39m
[31m      create: {[39m
[31m        recordType: "NEW",[39m
[31m        quantity: "300",[39m
[31m        pricePerUnit: "45.50",[39m
[31m        totalCost: 13650,[39m
[31m        date: new Date("2025-06-04T00:00:00.000Z"),[39m
[31m        notes: "Initial stock",[39m
[31m        mediaUrls: [[39m
[31m          "/uploads/1753364981178-cattle feed.jpeg"[39m
[31m        ],[39m
[31m        recordedById: "cmcnjxm6s0000t1p8rcay1eoq"[39m
[31m      }[39m
[31m    }[39m
[31m  },[39m
[31m  include: {[39m
[31m    records: true[39m
[31m  }[39m
[31m}[39m

[31mArgument `currentQuantity`: Invalid value provided. Expected Float, provided String.[39m
2025-07-24 14:49:41 [32minfo[39m [32mPOST /api/v1/inventory/records 422 322.571 ms - 974[39m
[32m[39m
2025-07-24 14:49:47 [31merror[39m [31mDatabase validation error: [39m
[31mInvalid `prisma.inventory.create()` invocation:[39m

[31m{[39m
[31m  data: {[39m
[31m    type: "MEDICINE",[39m
[31m    name: "Premium Cattle Feed",[39m
[31m    currentQuantity: "300",[39m
[31m                     ~~~~~[39m
[31m    purchasePrice: "45.50",[39m
[31m    reorderPoint: 20,[39m
[31m    supplier: "AgroSupplies LTD",[39m
[31m    notes: "Initial stock",[39m
[31m    mediaUrls: [[39m
[31m      "/uploads/1753364987036-cattle feed.jpeg"[39m
[31m    ],[39m
[31m    records: {[39m
[31m      create: {[39m
[31m        recordType: "NEW",[39m
[31m        quantity: "300",[39m
[31m        pricePerUnit: "45.50",[39m
[31m        totalCost: 13650,[39m
[31m        date: new Date("2025-06-04T00:00:00.000Z"),[39m
[31m        notes: "Initial stock",[39m
[31m        mediaUrls: [[39m
[31m          "/uploads/1753364987036-cattle feed.jpeg"[39m
[31m        ],[39m
[31m        recordedById: "cmcnjxm6s0000t1p8rcay1eoq"[39m
[31m      }[39m
[31m    }[39m
[31m  },[39m
[31m  include: {[39m
[31m    records: true[39m
[31m  }[39m
[31m}[39m

[31mArgument `currentQuantity`: Invalid value provided. Expected Float, provided String. [39m
[31mInvalid `prisma.inventory.create()` invocation:[39m

[31m{[39m
[31m  data: {[39m
[31m    type: "MEDICINE",[39m
[31m    name: "Premium Cattle Feed",[39m
[31m    currentQuantity: "300",[39m
[31m                     ~~~~~[39m
[31m    purchasePrice: "45.50",[39m
[31m    reorderPoint: 20,[39m
[31m    supplier: "AgroSupplies LTD",[39m
[31m    notes: "Initial stock",[39m
[31m    mediaUrls: [[39m
[31m      "/uploads/1753364987036-cattle feed.jpeg"[39m
[31m    ],[39m
[31m    records: {[39m
[31m      create: {[39m
[31m        recordType: "NEW",[39m
[31m        quantity: "300",[39m
[31m        pricePerUnit: "45.50",[39m
[31m        totalCost: 13650,[39m
[31m        date: new Date("2025-06-04T00:00:00.000Z"),[39m
[31m        notes: "Initial stock",[39m
[31m        mediaUrls: [[39m
[31m          "/uploads/1753364987036-cattle feed.jpeg"[39m
[31m        ],[39m
[31m        recordedById: "cmcnjxm6s0000t1p8rcay1eoq"[39m
[31m      }[39m
[31m    }[39m
[31m  },[39m
[31m  include: {[39m
[31m    records: true[39m
[31m  }[39m
[31m}[39m

[31mArgument `currentQuantity`: Invalid value provided. Expected Float, provided String.[39m
2025-07-24 14:49:47 [32minfo[39m [32mPOST /api/v1/inventory/records 422 644.370 ms - 974[39m
[32m[39m
2025-07-24 14:49:49 [31merror[39m [31mDatabase validation error: [39m
[31mInvalid `prisma.inventory.create()` invocation:[39m

[31m{[39m
[31m  data: {[39m
[31m    type: "MEDICINE",[39m
[31m    name: "Premium Cattle Feed",[39m
[31m    currentQuantity: "300",[39m
[31m                     ~~~~~[39m
[31m    purchasePrice: "45.50",[39m
[31m    reorderPoint: 20,[39m
[31m    supplier: "AgroSupplies LTD",[39m
[31m    notes: "Initial stock",[39m
[31m    mediaUrls: [[39m
[31m      "/uploads/1753364989069-cattle feed.jpeg"[39m
[31m    ],[39m
[31m    records: {[39m
[31m      create: {[39m
[31m        recordType: "NEW",[39m
[31m        quantity: "300",[39m
[31m        pricePerUnit: "45.50",[39m
[31m        totalCost: 13650,[39m
[31m        date: new Date("2025-06-04T00:00:00.000Z"),[39m
[31m        notes: "Initial stock",[39m
[31m        mediaUrls: [[39m
[31m          "/uploads/1753364989069-cattle feed.jpeg"[39m
[31m        ],[39m
[31m        recordedById: "cmcnjxm6s0000t1p8rcay1eoq"[39m
[31m      }[39m
[31m    }[39m
[31m  },[39m
[31m  include: {[39m
[31m    records: true[39m
[31m  }[39m
[31m}[39m

[31mArgument `currentQuantity`: Invalid value provided. Expected Float, provided String. [39m
[31mInvalid `prisma.inventory.create()` invocation:[39m

[31m{[39m
[31m  data: {[39m
[31m    type: "MEDICINE",[39m
[31m    name: "Premium Cattle Feed",[39m
[31m    currentQuantity: "300",[39m
[31m                     ~~~~~[39m
[31m    purchasePrice: "45.50",[39m
[31m    reorderPoint: 20,[39m
[31m    supplier: "AgroSupplies LTD",[39m
[31m    notes: "Initial stock",[39m
[31m    mediaUrls: [[39m
[31m      "/uploads/1753364989069-cattle feed.jpeg"[39m
[31m    ],[39m
[31m    records: {[39m
[31m      create: {[39m
[31m        recordType: "NEW",[39m
[31m        quantity: "300",[39m
[31m        pricePerUnit: "45.50",[39m
[31m        totalCost: 13650,[39m
[31m        date: new Date("2025-06-04T00:00:00.000Z"),[39m
[31m        notes: "Initial stock",[39m
[31m        mediaUrls: [[39m
[31m          "/uploads/1753364989069-cattle feed.jpeg"[39m
[31m        ],[39m
[31m        recordedById: "cmcnjxm6s0000t1p8rcay1eoq"[39m
[31m      }[39m
[31m    }[39m
[31m  },[39m
[31m  include: {[39m
[31m    records: true[39m
[31m  }[39m
[31m}[39m

[31mArgument `currentQuantity`: Invalid value provided. Expected Float, provided String.[39m
2025-07-24 14:49:49 [32minfo[39m [32mPOST /api/v1/inventory/records 422 340.747 ms - 974[39m
[32m[39m
2025-07-24 14:49:50 [31merror[39m [31mDatabase validation error: [39m
[31mInvalid `prisma.inventory.create()` invocation:[39m

[31m{[39m
[31m  data: {[39m
[31m    type: "MEDICINE",[39m
[31m    name: "Premium Cattle Feed",[39m
[31m    currentQuantity: "300",[39m
[31m                     ~~~~~[39m
[31m    purchasePrice: "45.50",[39m
[31m    reorderPoint: 20,[39m
[31m    supplier: "AgroSupplies LTD",[39m
[31m    notes: "Initial stock",[39m
[31m    mediaUrls: [[39m
[31m      "/uploads/1753364990475-cattle feed.jpeg"[39m
[31m    ],[39m
[31m    records: {[39m
[31m      create: {[39m
[31m        recordType: "NEW",[39m
[31m        quantity: "300",[39m
[31m        pricePerUnit: "45.50",[39m
[31m        totalCost: 13650,[39m
[31m        date: new Date("2025-06-04T00:00:00.000Z"),[39m
[31m        notes: "Initial stock",[39m
[31m        mediaUrls: [[39m
[31m          "/uploads/1753364990475-cattle feed.jpeg"[39m
[31m        ],[39m
[31m        recordedById: "cmcnjxm6s0000t1p8rcay1eoq"[39m
[31m      }[39m
[31m    }[39m
[31m  },[39m
[31m  include: {[39m
[31m    records: true[39m
[31m  }[39m
[31m}[39m

[31mArgument `currentQuantity`: Invalid value provided. Expected Float, provided String. [39m
[31mInvalid `prisma.inventory.create()` invocation:[39m

[31m{[39m
[31m  data: {[39m
[31m    type: "MEDICINE",[39m
[31m    name: "Premium Cattle Feed",[39m
[31m    currentQuantity: "300",[39m
[31m                     ~~~~~[39m
[31m    purchasePrice: "45.50",[39m
[31m    reorderPoint: 20,[39m
[31m    supplier: "AgroSupplies LTD",[39m
[31m    notes: "Initial stock",[39m
[31m    mediaUrls: [[39m
[31m      "/uploads/1753364990475-cattle feed.jpeg"[39m
[31m    ],[39m
[31m    records: {[39m
[31m      create: {[39m
[31m        recordType: "NEW",[39m
[31m        quantity: "300",[39m
[31m        pricePerUnit: "45.50",[39m
[31m        totalCost: 13650,[39m
[31m        date: new Date("2025-06-04T00:00:00.000Z"),[39m
[31m        notes: "Initial stock",[39m
[31m        mediaUrls: [[39m
[31m          "/uploads/1753364990475-cattle feed.jpeg"[39m
[31m        ],[39m
[31m        recordedById: "cmcnjxm6s0000t1p8rcay1eoq"[39m
[31m      }[39m
[31m    }[39m
[31m  },[39m
[31m  include: {[39m
[31m    records: true[39m
[31m  }[39m
[31m}[39m

[31mArgument `currentQuantity`: Invalid value provided. Expected Float, provided String.[39m
2025-07-24 14:49:50 [32minfo[39m [32mPOST /api/v1/inventory/records 422 343.947 ms - 974[39m
[32m[39m
2025-07-24 14:50:11 [31merror[39m [31mDatabase validation error: [39m
[31mInvalid `prisma.inventory.create()` invocation:[39m

[31m{[39m
[31m  data: {[39m
[31m    type: "MEDICINE",[39m
[31m    name: "Premium Cattle Feed",[39m
[31m    currentQuantity: "300",[39m
[31m                     ~~~~~[39m
[31m    purchasePrice: "45.50",[39m
[31m    reorderPoint: "20",[39m
[31m    supplier: "AgroSupplies LTD",[39m
[31m    notes: "Initial stock",[39m
[31m    mediaUrls: [[39m
[31m      "/uploads/1753365011508-cattle feed.jpeg"[39m
[31m    ],[39m
[31m    records: {[39m
[31m      create: {[39m
[31m        recordType: "NEW",[39m
[31m        quantity: "300",[39m
[31m        pricePerUnit: "45.50",[39m
[31m        totalCost: 13650,[39m
[31m        date: new Date("2025-06-04T00:00:00.000Z"),[39m
[31m        notes: "Initial stock",[39m
[31m        mediaUrls: [[39m
[31m          "/uploads/1753365011508-cattle feed.jpeg"[39m
[31m        ],[39m
[31m        recordedById: "cmcnjxm6s0000t1p8rcay1eoq"[39m
[31m      }[39m
[31m    }[39m
[31m  },[39m
[31m  include: {[39m
[31m    records: true[39m
[31m  }[39m
[31m}[39m

[31mArgument `currentQuantity`: Invalid value provided. Expected Float, provided String. [39m
[31mInvalid `prisma.inventory.create()` invocation:[39m

[31m{[39m
[31m  data: {[39m
[31m    type: "MEDICINE",[39m
[31m    name: "Premium Cattle Feed",[39m
[31m    currentQuantity: "300",[39m
[31m                     ~~~~~[39m
[31m    purchasePrice: "45.50",[39m
[31m    reorderPoint: "20",[39m
[31m    supplier: "AgroSupplies LTD",[39m
[31m    notes: "Initial stock",[39m
[31m    mediaUrls: [[39m
[31m      "/uploads/1753365011508-cattle feed.jpeg"[39m
[31m    ],[39m
[31m    records: {[39m
[31m      create: {[39m
[31m        recordType: "NEW",[39m
[31m        quantity: "300",[39m
[31m        pricePerUnit: "45.50",[39m
[31m        totalCost: 13650,[39m
[31m        date: new Date("2025-06-04T00:00:00.000Z"),[39m
[31m        notes: "Initial stock",[39m
[31m        mediaUrls: [[39m
[31m          "/uploads/1753365011508-cattle feed.jpeg"[39m
[31m        ],[39m
[31m        recordedById: "cmcnjxm6s0000t1p8rcay1eoq"[39m
[31m      }[39m
[31m    }[39m
[31m  },[39m
[31m  include: {[39m
[31m    records: true[39m
[31m  }[39m
[31m}[39m

[31mArgument `currentQuantity`: Invalid value provided. Expected Float, provided String.[39m
2025-07-24 14:50:11 [32minfo[39m [32mPOST /api/v1/inventory/records 422 3135.993 ms - 978[39m
[32m[39m
2025-07-24 14:50:57 [31merror[39m [31mDatabase validation error: [39m
[31mInvalid `prisma.inventory.create()` invocation:[39m

[31m{[39m
[31m  data: {[39m
[31m    type: "MEDICINE",[39m
[31m    name: "Premium Cattle Feed",[39m
[31m    currentQuantity: "300",[39m
[31m                     ~~~~~[39m
[31m    purchasePrice: "45.50",[39m
[31m    reorderPoint: "20",[39m
[31m    supplier: "AgroSupplies LTD",[39m
[31m    notes: "Initial stock",[39m
[31m    mediaUrls: [[39m
[31m      "/uploads/1753365057664-cattle feed.jpeg"[39m
[31m    ],[39m
[31m    records: {[39m
[31m      create: {[39m
[31m        recordType: "NEW",[39m
[31m        quantity: "300",[39m
[31m        pricePerUnit: "45.50",[39m
[31m        totalCost: 13650,[39m
[31m        date: new Date("2025-06-04T00:00:00.000Z"),[39m
[31m        notes: "Initial stock",[39m
[31m        mediaUrls: [[39m
[31m          "/uploads/1753365057664-cattle feed.jpeg"[39m
[31m        ],[39m
[31m        recordedById: "cmcnjxm6s0000t1p8rcay1eoq"[39m
[31m      }[39m
[31m    }[39m
[31m  },[39m
[31m  include: {[39m
[31m    records: true[39m
[31m  }[39m
[31m}[39m

[31mArgument `currentQuantity`: Invalid value provided. Expected Float, provided String. [39m
[31mInvalid `prisma.inventory.create()` invocation:[39m

[31m{[39m
[31m  data: {[39m
[31m    type: "MEDICINE",[39m
[31m    name: "Premium Cattle Feed",[39m
[31m    currentQuantity: "300",[39m
[31m                     ~~~~~[39m
[31m    purchasePrice: "45.50",[39m
[31m    reorderPoint: "20",[39m
[31m    supplier: "AgroSupplies LTD",[39m
[31m    notes: "Initial stock",[39m
[31m    mediaUrls: [[39m
[31m      "/uploads/1753365057664-cattle feed.jpeg"[39m
[31m    ],[39m
[31m    records: {[39m
[31m      create: {[39m
[31m        recordType: "NEW",[39m
[31m        quantity: "300",[39m
[31m        pricePerUnit: "45.50",[39m
[31m        totalCost: 13650,[39m
[31m        date: new Date("2025-06-04T00:00:00.000Z"),[39m
[31m        notes: "Initial stock",[39m
[31m        mediaUrls: [[39m
[31m          "/uploads/1753365057664-cattle feed.jpeg"[39m
[31m        ],[39m
[31m        recordedById: "cmcnjxm6s0000t1p8rcay1eoq"[39m
[31m      }[39m
[31m    }[39m
[31m  },[39m
[31m  include: {[39m
[31m    records: true[39m
[31m  }[39m
[31m}[39m

[31mArgument `currentQuantity`: Invalid value provided. Expected Float, provided String.[39m
2025-07-24 14:50:57 [32minfo[39m [32mPOST /api/v1/inventory/records 422 2633.179 ms - 978[39m
[32m[39m
2025-07-24 14:59:10 [32minfo[39m [32mPOST /api/v1/inventory/records 201 12582.233 ms - 816[39m
[32m[39m
2025-07-24 14:59:10 [31merror[39m [31mDatabase validation error: [39m
[31mInvalid `prisma.inventory.update()` invocation:[39m

[31m{[39m
[31m  where: {[39m
[31m    id: undefined[39m
[31m  },[39m
[31m  data: {[39m
[31m    currentQuantity: {[39m
[31m      increment: undefined[39m
[31m    },[39m
[31m    ~~~~~~~~~~~~~~~~~~~~~~[39m
[31m    supplier: "AgroSupplies LTD",[39m
[31m    records: {[39m
[31m      create: {[39m
[31m        recordType: "NEW",[39m
[31m        quantity: undefined,[39m
[31m        pricePerUnit: "45.50",[39m
[31m        totalCost: NaN,[39m
[31m        date: new Date("2025-06-04T00:00:00.000Z"),[39m
[31m        notes: "Initial stock",[39m
[31m        mediaUrls: [[39m
[31m          "/uploads/1753365542228-cattle feed.jpeg"[39m
[31m        ],[39m
[31m        recordedById: "cmcnjxm6s0000t1p8rcay1eoq"[39m
[31m      }[39m
[31m    }[39m
[31m  },[39m
[31m  include: {[39m
[31m    records: true[39m
[31m  }[39m
[31m}[39m

[31mArgument `currentQuantity`: Invalid value provided. Expected Float, provided Object. [39m
[31mInvalid `prisma.inventory.update()` invocation:[39m

[31m{[39m
[31m  where: {[39m
[31m    id: undefined[39m
[31m  },[39m
[31m  data: {[39m
[31m    currentQuantity: {[39m
[31m      increment: undefined[39m
[31m    },[39m
[31m    ~~~~~~~~~~~~~~~~~~~~~~[39m
[31m    supplier: "AgroSupplies LTD",[39m
[31m    records: {[39m
[31m      create: {[39m
[31m        recordType: "NEW",[39m
[31m        quantity: undefined,[39m
[31m        pricePerUnit: "45.50",[39m
[31m        totalCost: NaN,[39m
[31m        date: new Date("2025-06-04T00:00:00.000Z"),[39m
[31m        notes: "Initial stock",[39m
[31m        mediaUrls: [[39m
[31m          "/uploads/1753365542228-cattle feed.jpeg"[39m
[31m        ],[39m
[31m        recordedById: "cmcnjxm6s0000t1p8rcay1eoq"[39m
[31m      }[39m
[31m    }[39m
[31m  },[39m
[31m  include: {[39m
[31m    records: true[39m
[31m  }[39m
[31m}[39m

[31mArgument `currentQuantity`: Invalid value provided. Expected Float, provided Object.[39m
2025-07-24 15:31:26 [32minfo[39m [32mPOST /api/v1/inventory/records 401 29.253 ms - 64[39m
[32m[39m
2025-07-24 15:31:34 [32minfo[39m [32mPOST /api/v1/auth/login 200 4168.986 ms - 507[39m
[32m[39m
2025-07-24 15:32:03 [31merror[39m [31mDatabase validation error: [39m
[31mInvalid `prisma.inventory.update()` invocation:[39m

[31m{[39m
[31m  where: {[39m
[31m    id: "MEDICINE"[39m
[31m  },[39m
[31m  data: {[39m
[31m    currentQuantity: {[39m
[31m      increment: "300"[39m
[31m                 ~~~~~[39m
[31m    },[39m
[31m    supplier: "AgroSupplies LTD",[39m
[31m    records: {[39m
[31m      create: {[39m
[31m        recordType: "ITEM",[39m
[31m        quantity: "300",[39m
[31m        pricePerUnit: "45.50",[39m
[31m        totalCost: 13650,[39m
[31m        date: new Date("2025-01-04T00:00:00.000Z"),[39m
[31m        notes: undefined,[39m
[31m        mediaUrls: [[39m
[31m          "/uploads/1753367523109-cattle feed.jpeg"[39m
[31m        ],[39m
[31m        recordedById: "cmcnjxm6s0000t1p8rcay1eoq"[39m
[31m      }[39m
[31m    }[39m
[31m  },[39m
[31m  include: {[39m
[31m    records: true[39m
[31m  }[39m
[31m}[39m

[31mArgument `increment`: Invalid value provided. Expected Float, provided String. [39m
[31mInvalid `prisma.inventory.update()` invocation:[39m

[31m{[39m
[31m  where: {[39m
[31m    id: "MEDICINE"[39m
[31m  },[39m
[31m  data: {[39m
[31m    currentQuantity: {[39m
[31m      increment: "300"[39m
[31m                 ~~~~~[39m
[31m    },[39m
[31m    supplier: "AgroSupplies LTD",[39m
[31m    records: {[39m
[31m      create: {[39m
[31m        recordType: "ITEM",[39m
[31m        quantity: "300",[39m
[31m        pricePerUnit: "45.50",[39m
[31m        totalCost: 13650,[39m
[31m        date: new Date("2025-01-04T00:00:00.000Z"),[39m
[31m        notes: undefined,[39m
[31m        mediaUrls: [[39m
[31m          "/uploads/1753367523109-cattle feed.jpeg"[39m
[31m        ],[39m
[31m        recordedById: "cmcnjxm6s0000t1p8rcay1eoq"[39m
[31m      }[39m
[31m    }[39m
[31m  },[39m
[31m  include: {[39m
[31m    records: true[39m
[31m  }[39m
[31m}[39m

[31mArgument `increment`: Invalid value provided. Expected Float, provided String.[39m
2025-07-24 15:32:03 [32minfo[39m [32mPOST /api/v1/inventory/records 422 1264.796 ms - 801[39m
[32m[39m
2025-07-24 15:32:24 [31merror[39m [31mDatabase validation error: [39m
[31mInvalid `prisma.inventory.update()` invocation:[39m

[31m{[39m
[31m  where: {[39m
[31m    id: "MEDICINE"[39m
[31m  },[39m
[31m  data: {[39m
[31m    currentQuantity: {[39m
[31m      increment: "300"[39m
[31m                 ~~~~~[39m
[31m    },[39m
[31m    supplier: "AgroSupplies LTD",[39m
[31m    records: {[39m
[31m      create: {[39m
[31m        recordType: "ITEM",[39m
[31m        quantity: "300",[39m
[31m        pricePerUnit: "45.50",[39m
[31m        totalCost: 13650,[39m
[31m        date: new Date("2025-01-04T00:00:00.000Z"),[39m
[31m        notes: undefined,[39m
[31m        mediaUrls: [[39m
[31m          "/uploads/1753367544307-cattle feed.jpeg"[39m
[31m        ],[39m
[31m        recordedById: "cmcnjxm6s0000t1p8rcay1eoq"[39m
[31m      }[39m
[31m    }[39m
[31m  },[39m
[31m  include: {[39m
[31m    records: true[39m
[31m  }[39m
[31m}[39m

[31mArgument `increment`: Invalid value provided. Expected Float, provided String. [39m
[31mInvalid `prisma.inventory.update()` invocation:[39m

[31m{[39m
[31m  where: {[39m
[31m    id: "MEDICINE"[39m
[31m  },[39m
[31m  data: {[39m
[31m    currentQuantity: {[39m
[31m      increment: "300"[39m
[31m                 ~~~~~[39m
[31m    },[39m
[31m    supplier: "AgroSupplies LTD",[39m
[31m    records: {[39m
[31m      create: {[39m
[31m        recordType: "ITEM",[39m
[31m        quantity: "300",[39m
[31m        pricePerUnit: "45.50",[39m
[31m        totalCost: 13650,[39m
[31m        date: new Date("2025-01-04T00:00:00.000Z"),[39m
[31m        notes: undefined,[39m
[31m        mediaUrls: [[39m
[31m          "/uploads/1753367544307-cattle feed.jpeg"[39m
[31m        ],[39m
[31m        recordedById: "cmcnjxm6s0000t1p8rcay1eoq"[39m
[31m      }[39m
[31m    }[39m
[31m  },[39m
[31m  include: {[39m
[31m    records: true[39m
[31m  }[39m
[31m}[39m

[31mArgument `increment`: Invalid value provided. Expected Float, provided String.[39m
2025-07-24 15:32:24 [32minfo[39m [32mPOST /api/v1/inventory/records 422 966.948 ms - 801[39m
[32m[39m
2025-07-24 15:32:38 [31merror[39m [31mDatabase validation error: [39m
[31mInvalid `prisma.inventory.update()` invocation:[39m

[31m{[39m
[31m  where: {[39m
[31m    id: "MEDICINE"[39m
[31m  },[39m
[31m  data: {[39m
[31m    currentQuantity: {[39m
[31m      increment: "300"[39m
[31m                 ~~~~~[39m
[31m    },[39m
[31m    supplier: "AgroSupplies LTD",[39m
[31m    records: {[39m
[31m      create: {[39m
[31m        recordType: "ITEM",[39m
[31m        quantity: "300",[39m
[31m        pricePerUnit: "45.50",[39m
[31m        totalCost: 13650,[39m
[31m        date: new Date("2025-01-04T00:00:00.000Z"),[39m
[31m        notes: undefined,[39m
[31m        mediaUrls: [[39m
[31m          "/uploads/1753367558881-cattle feed.jpeg"[39m
[31m        ],[39m
[31m        recordedById: "cmcnjxm6s0000t1p8rcay1eoq"[39m
[31m      }[39m
[31m    }[39m
[31m  },[39m
[31m  include: {[39m
[31m    records: true[39m
[31m  }[39m
[31m}[39m

[31mArgument `increment`: Invalid value provided. Expected Float, provided String. [39m
[31mInvalid `prisma.inventory.update()` invocation:[39m

[31m{[39m
[31m  where: {[39m
[31m    id: "MEDICINE"[39m
[31m  },[39m
[31m  data: {[39m
[31m    currentQuantity: {[39m
[31m      increment: "300"[39m
[31m                 ~~~~~[39m
[31m    },[39m
[31m    supplier: "AgroSupplies LTD",[39m
[31m    records: {[39m
[31m      create: {[39m
[31m        recordType: "ITEM",[39m
[31m        quantity: "300",[39m
[31m        pricePerUnit: "45.50",[39m
[31m        totalCost: 13650,[39m
[31m        date: new Date("2025-01-04T00:00:00.000Z"),[39m
[31m        notes: undefined,[39m
[31m        mediaUrls: [[39m
[31m          "/uploads/1753367558881-cattle feed.jpeg"[39m
[31m        ],[39m
[31m        recordedById: "cmcnjxm6s0000t1p8rcay1eoq"[39m
[31m      }[39m
[31m    }[39m
[31m  },[39m
[31m  include: {[39m
[31m    records: true[39m
[31m  }[39m
[31m}[39m

[31mArgument `increment`: Invalid value provided. Expected Float, provided String.[39m
2025-07-24 15:32:38 [32minfo[39m [32mPOST /api/v1/inventory/records 422 478.933 ms - 801[39m
[32m[39m
2025-07-24 15:33:13 [31merror[39m [31mDatabase validation error: [39m
[31mInvalid `prisma.inventory.update()` invocation:[39m

[31m{[39m
[31m  where: {[39m
[31m    id: "MEDICINE"[39m
[31m  },[39m
[31m  data: {[39m
[31m    currentQuantity: {[39m
[31m      increment: "300"[39m
[31m                 ~~~~~[39m
[31m    },[39m
[31m    supplier: "AgroSupplies LTD",[39m
[31m    records: {[39m
[31m      create: {[39m
[31m        recordType: "ITEM",[39m
[31m        quantity: "300",[39m
[31m        pricePerUnit: "45.50",[39m
[31m        totalCost: 13650,[39m
[31m        date: new Date("2025-01-04T00:00:00.000Z"),[39m
[31m        notes: "Initial stock",[39m
[31m        mediaUrls: [[39m
[31m          "/uploads/1753367593594-cattle feed.jpeg"[39m
[31m        ],[39m
[31m        recordedById: "cmcnjxm6s0000t1p8rcay1eoq"[39m
[31m      }[39m
[31m    }[39m
[31m  },[39m
[31m  include: {[39m
[31m    records: true[39m
[31m  }[39m
[31m}[39m

[31mArgument `increment`: Invalid value provided. Expected Float, provided String. [39m
[31mInvalid `prisma.inventory.update()` invocation:[39m

[31m{[39m
[31m  where: {[39m
[31m    id: "MEDICINE"[39m
[31m  },[39m
[31m  data: {[39m
[31m    currentQuantity: {[39m
[31m      increment: "300"[39m
[31m                 ~~~~~[39m
[31m    },[39m
[31m    supplier: "AgroSupplies LTD",[39m
[31m    records: {[39m
[31m      create: {[39m
[31m        recordType: "ITEM",[39m
[31m        quantity: "300",[39m
[31m        pricePerUnit: "45.50",[39m
[31m        totalCost: 13650,[39m
[31m        date: new Date("2025-01-04T00:00:00.000Z"),[39m
[31m        notes: "Initial stock",[39m
[31m        mediaUrls: [[39m
[31m          "/uploads/1753367593594-cattle feed.jpeg"[39m
[31m        ],[39m
[31m        recordedById: "cmcnjxm6s0000t1p8rcay1eoq"[39m
[31m      }[39m
[31m    }[39m
[31m  },[39m
[31m  include: {[39m
[31m    records: true[39m
[31m  }[39m
[31m}[39m

[31mArgument `increment`: Invalid value provided. Expected Float, provided String.[39m
2025-07-24 15:33:13 [32minfo[39m [32mPOST /api/v1/inventory/records 422 540.791 ms - 809[39m
[32m[39m
2025-07-24 15:33:37 [31merror[39m [31mDatabase validation error: [39m
[31mInvalid `prisma.inventory.update()` invocation:[39m

[31m{[39m
[31m  where: {[39m
[31m    id: "inv123"[39m
[31m  },[39m
[31m  data: {[39m
[31m    currentQuantity: {[39m
[31m      increment: "300"[39m
[31m                 ~~~~~[39m
[31m    },[39m
[31m    supplier: "AgroSupplies LTD",[39m
[31m    records: {[39m
[31m      create: {[39m
[31m        recordType: "ITEM",[39m
[31m        quantity: "300",[39m
[31m        pricePerUnit: "45.50",[39m
[31m        totalCost: 13650,[39m
[31m        date: new Date("2025-01-04T00:00:00.000Z"),[39m
[31m        notes: "Initial stock",[39m
[31m        mediaUrls: [[39m
[31m          "/uploads/1753367617817-cattle feed.jpeg"[39m
[31m        ],[39m
[31m        recordedById: "cmcnjxm6s0000t1p8rcay1eoq"[39m
[31m      }[39m
[31m    }[39m
[31m  },[39m
[31m  include: {[39m
[31m    records: true[39m
[31m  }[39m
[31m}[39m

[31mArgument `increment`: Invalid value provided. Expected Float, provided String. [39m
[31mInvalid `prisma.inventory.update()` invocation:[39m

[31m{[39m
[31m  where: {[39m
[31m    id: "inv123"[39m
[31m  },[39m
[31m  data: {[39m
[31m    currentQuantity: {[39m
[31m      increment: "300"[39m
[31m                 ~~~~~[39m
[31m    },[39m
[31m    supplier: "AgroSupplies LTD",[39m
[31m    records: {[39m
[31m      create: {[39m
[31m        recordType: "ITEM",[39m
[31m        quantity: "300",[39m
[31m        pricePerUnit: "45.50",[39m
[31m        totalCost: 13650,[39m
[31m        date: new Date("2025-01-04T00:00:00.000Z"),[39m
[31m        notes: "Initial stock",[39m
[31m        mediaUrls: [[39m
[31m          "/uploads/1753367617817-cattle feed.jpeg"[39m
[31m        ],[39m
[31m        recordedById: "cmcnjxm6s0000t1p8rcay1eoq"[39m
[31m      }[39m
[31m    }[39m
[31m  },[39m
[31m  include: {[39m
[31m    records: true[39m
[31m  }[39m
[31m}[39m

[31mArgument `increment`: Invalid value provided. Expected Float, provided String.[39m
2025-07-24 15:33:37 [32minfo[39m [32mPOST /api/v1/inventory/records 422 631.678 ms - 807[39m
[32m[39m
2025-07-24 15:34:11 [31merror[39m [31mDatabase validation error: [39m
[31mInvalid `prisma.inventory.update()` invocation:[39m

[31m{[39m
[31m  where: {[39m
[31m    id: "inv123"[39m
[31m  },[39m
[31m  data: {[39m
[31m    currentQuantity: {[39m
[31m      increment: "300"[39m
[31m                 ~~~~~[39m
[31m    },[39m
[31m    supplier: "AgroSupplies LTD",[39m
[31m    records: {[39m
[31m      create: {[39m
[31m        recordType: "ITEM",[39m
[31m        quantity: "300",[39m
[31m        pricePerUnit: "45.50",[39m
[31m        totalCost: 13650,[39m
[31m        date: new Date("2025-01-04T00:00:00.000Z"),[39m
[31m        notes: undefined,[39m
[31m        mediaUrls: [[39m
[31m          "/uploads/1753367651346-cattle feed.jpeg"[39m
[31m        ],[39m
[31m        recordedById: "cmcnjxm6s0000t1p8rcay1eoq"[39m
[31m      }[39m
[31m    }[39m
[31m  },[39m
[31m  include: {[39m
[31m    records: true[39m
[31m  }[39m
[31m}[39m

[31mArgument `increment`: Invalid value provided. Expected Float, provided String. [39m
[31mInvalid `prisma.inventory.update()` invocation:[39m

[31m{[39m
[31m  where: {[39m
[31m    id: "inv123"[39m
[31m  },[39m
[31m  data: {[39m
[31m    currentQuantity: {[39m
[31m      increment: "300"[39m
[31m                 ~~~~~[39m
[31m    },[39m
[31m    supplier: "AgroSupplies LTD",[39m
[31m    records: {[39m
[31m      create: {[39m
[31m        recordType: "ITEM",[39m
[31m        quantity: "300",[39m
[31m        pricePerUnit: "45.50",[39m
[31m        totalCost: 13650,[39m
[31m        date: new Date("2025-01-04T00:00:00.000Z"),[39m
[31m        notes: undefined,[39m
[31m        mediaUrls: [[39m
[31m          "/uploads/1753367651346-cattle feed.jpeg"[39m
[31m        ],[39m
[31m        recordedById: "cmcnjxm6s0000t1p8rcay1eoq"[39m
[31m      }[39m
[31m    }[39m
[31m  },[39m
[31m  include: {[39m
[31m    records: true[39m
[31m  }[39m
[31m}[39m

[31mArgument `increment`: Invalid value provided. Expected Float, provided String.[39m
2025-07-24 15:34:11 [32minfo[39m [32mPOST /api/v1/inventory/records 422 761.781 ms - 799[39m
[32m[39m
2025-07-24 15:37:09 [31merror[39m [31mDatabase validation error: [39m
[31mInvalid `prisma.inventory.update()` invocation:[39m

[31m{[39m
[31m  where: {[39m
[31m    id: "inv123"[39m
[31m  },[39m
[31m  data: {[39m
[31m    currentQuantity: {[39m
[31m      increment: "300"[39m
[31m                 ~~~~~[39m
[31m    },[39m
[31m    supplier: "AgroSupplies LTD",[39m
[31m    records: {[39m
[31m      create: {[39m
[31m        recordType: "ITEM",[39m
[31m        quantity: 300,[39m
[31m        pricePerUnit: 45.5,[39m
[31m        totalCost: 13650,[39m
[31m        date: new Date("2025-01-04T00:00:00.000Z"),[39m
[31m        notes: undefined,[39m
[31m        mediaUrls: [[39m
[31m          "/uploads/1753367829053-cattle feed.jpeg"[39m
[31m        ],[39m
[31m        recordedById: "cmcnjxm6s0000t1p8rcay1eoq"[39m
[31m      }[39m
[31m    }[39m
[31m  },[39m
[31m  include: {[39m
[31m    records: true[39m
[31m  }[39m
[31m}[39m

[31mArgument `increment`: Invalid value provided. Expected Float, provided String. [39m
[31mInvalid `prisma.inventory.update()` invocation:[39m

[31m{[39m
[31m  where: {[39m
[31m    id: "inv123"[39m
[31m  },[39m
[31m  data: {[39m
[31m    currentQuantity: {[39m
[31m      increment: "300"[39m
[31m                 ~~~~~[39m
[31m    },[39m
[31m    supplier: "AgroSupplies LTD",[39m
[31m    records: {[39m
[31m      create: {[39m
[31m        recordType: "ITEM",[39m
[31m        quantity: 300,[39m
[31m        pricePerUnit: 45.5,[39m
[31m        totalCost: 13650,[39m
[31m        date: new Date("2025-01-04T00:00:00.000Z"),[39m
[31m        notes: undefined,[39m
[31m        mediaUrls: [[39m
[31m          "/uploads/1753367829053-cattle feed.jpeg"[39m
[31m        ],[39m
[31m        recordedById: "cmcnjxm6s0000t1p8rcay1eoq"[39m
[31m      }[39m
[31m    }[39m
[31m  },[39m
[31m  include: {[39m
[31m    records: true[39m
[31m  }[39m
[31m}[39m

[31mArgument `increment`: Invalid value provided. Expected Float, provided String.[39m
2025-07-24 15:37:09 [32minfo[39m [32mPOST /api/v1/inventory/records 422 4167.297 ms - 790[39m
[32m[39m
2025-07-24 15:40:13 [31merror[39m [31mDatabase validation error: [39m
[31mInvalid `prisma.inventory.update()` invocation:[39m

[31m{[39m
[31m  where: {[39m
[31m    id: "inv123"[39m
[31m  },[39m
[31m  data: {[39m
[31m    currentQuantity: {[39m
[31m      increment: "300"[39m
[31m                 ~~~~~[39m
[31m    },[39m
[31m    supplier: "AgroSupplies LTD",[39m
[31m    records: {[39m
[31m      create: {[39m
[31m        recordType: "ITEM",[39m
[31m        quantity: 300,[39m
[31m        pricePerUnit: 45.5,[39m
[31m        totalCost: 13650,[39m
[31m        date: new Date("2025-01-04T00:00:00.000Z"),[39m
[31m        notes: undefined,[39m
[31m        mediaUrls: [[39m
[31m          "/uploads/1753368013470-cattle feed.jpeg"[39m
[31m        ],[39m
[31m        recordedById: "cmcnjxm6s0000t1p8rcay1eoq"[39m
[31m      }[39m
[31m    }[39m
[31m  },[39m
[31m  include: {[39m
[31m    records: true[39m
[31m  }[39m
[31m}[39m

[31mArgument `increment`: Invalid value provided. Expected Float, provided String. [39m
[31mInvalid `prisma.inventory.update()` invocation:[39m

[31m{[39m
[31m  where: {[39m
[31m    id: "inv123"[39m
[31m  },[39m
[31m  data: {[39m
[31m    currentQuantity: {[39m
[31m      increment: "300"[39m
[31m                 ~~~~~[39m
[31m    },[39m
[31m    supplier: "AgroSupplies LTD",[39m
[31m    records: {[39m
[31m      create: {[39m
[31m        recordType: "ITEM",[39m
[31m        quantity: 300,[39m
[31m        pricePerUnit: 45.5,[39m
[31m        totalCost: 13650,[39m
[31m        date: new Date("2025-01-04T00:00:00.000Z"),[39m
[31m        notes: undefined,[39m
[31m        mediaUrls: [[39m
[31m          "/uploads/1753368013470-cattle feed.jpeg"[39m
[31m        ],[39m
[31m        recordedById: "cmcnjxm6s0000t1p8rcay1eoq"[39m
[31m      }[39m
[31m    }[39m
[31m  },[39m
[31m  include: {[39m
[31m    records: true[39m
[31m  }[39m
[31m}[39m

[31mArgument `increment`: Invalid value provided. Expected Float, provided String.[39m
2025-07-24 15:40:13 [32minfo[39m [32mPOST /api/v1/inventory/records 422 2716.283 ms - 790[39m
[32m[39m
2025-07-24 15:41:58 [32minfo[39m [32mPOST /api/v1/inventory/records 422 636.182 ms - 221[39m
[32m[39m
2025-07-24 15:42:37 [32minfo[39m [32mPOST /api/v1/inventory/records 201 3712.193 ms - 812[39m
[32m[39m
2025-07-24 15:43:11 [32minfo[39m [32mPOST /api/v1/inventory/records 201 3103.693 ms - 812[39m
[32m[39m
2025-07-24 15:47:20 [31merror[39m [31mDatabase validation error: [39m
[31mInvalid `prisma.inventory.update()` invocation:[39m

[31m{[39m
[31m  where: {[39m
[31m    id: "inv123"[39m
[31m  },[39m
[31m  data: {[39m
[31m    currentQuantity: {[39m
[31m      increment: "50"[39m
[31m                 ~~~~[39m
[31m    },[39m
[31m    supplier: "AgroSupplies",[39m
[31m    records: {[39m
[31m      create: {[39m
[31m        recordType: "ITEM",[39m
[31m        quantity: 50,[39m
[31m        pricePerUnit: 2.75,[39m
[31m        totalCost: 137.5,[39m
[31m        date: new Date("2025-01-15T00:00:00.000Z"),[39m
[31m        notes: undefined,[39m
[31m        mediaUrls: [[39m
[31m          "/uploads/1753368440011-cattle feed.jpeg"[39m
[31m        ],[39m
[31m        recordedById: "cmcnjxm6s0000t1p8rcay1eoq"[39m
[31m      }[39m
[31m    }[39m
[31m  },[39m
[31m  include: {[39m
[31m    records: true[39m
[31m  }[39m
[31m}[39m

[31mArgument `increment`: Invalid value provided. Expected Float, provided String. [39m
[31mInvalid `prisma.inventory.update()` invocation:[39m

[31m{[39m
[31m  where: {[39m
[31m    id: "inv123"[39m
[31m  },[39m
[31m  data: {[39m
[31m    currentQuantity: {[39m
[31m      increment: "50"[39m
[31m                 ~~~~[39m
[31m    },[39m
[31m    supplier: "AgroSupplies",[39m
[31m    records: {[39m
[31m      create: {[39m
[31m        recordType: "ITEM",[39m
[31m        quantity: 50,[39m
[31m        pricePerUnit: 2.75,[39m
[31m        totalCost: 137.5,[39m
[31m        date: new Date("2025-01-15T00:00:00.000Z"),[39m
[31m        notes: undefined,[39m
[31m        mediaUrls: [[39m
[31m          "/uploads/1753368440011-cattle feed.jpeg"[39m
[31m        ],[39m
[31m        recordedById: "cmcnjxm6s0000t1p8rcay1eoq"[39m
[31m      }[39m
[31m    }[39m
[31m  },[39m
[31m  include: {[39m
[31m    records: true[39m
[31m  }[39m
[31m}[39m

[31mArgument `increment`: Invalid value provided. Expected Float, provided String.[39m
2025-07-24 15:47:20 [32minfo[39m [32mPOST /api/v1/inventory/records 422 3362.827 ms - 783[39m
[32m[39m
2025-07-24 15:56:20 [32minfo[39m [32mPOST /api/v1/inventory/records 201 5463.898 ms - 812[39m
[32m[39m
2025-07-24 15:56:52 [31merror[39m [31mDatabase validation error: [39m
[31mInvalid `prisma.inventory.update()` invocation:[39m

[31m{[39m
[31m  where: {[39m
[31m    id: "inv123"[39m
[31m  },[39m
[31m  data: {[39m
[31m    currentQuantity: {[39m
[31m      increment: "50"[39m
[31m                 ~~~~[39m
[31m    },[39m
[31m    supplier: "AgroSupplies",[39m
[31m    records: {[39m
[31m      create: {[39m
[31m        recordType: "ITEM",[39m
[31m        quantity: 50,[39m
[31m        pricePerUnit: 2.75,[39m
[31m        totalCost: 137.5,[39m
[31m        date: new Date("2025-01-15T00:00:00.000Z"),[39m
[31m        notes: undefined,[39m
[31m        mediaUrls: [[39m
[31m          "/uploads/1753369012801-cattle feed.jpeg"[39m
[31m        ],[39m
[31m        recordedById: "cmcnjxm6s0000t1p8rcay1eoq"[39m
[31m      }[39m
[31m    }[39m
[31m  },[39m
[31m  include: {[39m
[31m    records: true[39m
[31m  }[39m
[31m}[39m

[31mArgument `increment`: Invalid value provided. Expected Float, provided String. [39m
[31mInvalid `prisma.inventory.update()` invocation:[39m

[31m{[39m
[31m  where: {[39m
[31m    id: "inv123"[39m
[31m  },[39m
[31m  data: {[39m
[31m    currentQuantity: {[39m
[31m      increment: "50"[39m
[31m                 ~~~~[39m
[31m    },[39m
[31m    supplier: "AgroSupplies",[39m
[31m    records: {[39m
[31m      create: {[39m
[31m        recordType: "ITEM",[39m
[31m        quantity: 50,[39m
[31m        pricePerUnit: 2.75,[39m
[31m        totalCost: 137.5,[39m
[31m        date: new Date("2025-01-15T00:00:00.000Z"),[39m
[31m        notes: undefined,[39m
[31m        mediaUrls: [[39m
[31m          "/uploads/1753369012801-cattle feed.jpeg"[39m
[31m        ],[39m
[31m        recordedById: "cmcnjxm6s0000t1p8rcay1eoq"[39m
[31m      }[39m
[31m    }[39m
[31m  },[39m
[31m  include: {[39m
[31m    records: true[39m
[31m  }[39m
[31m}[39m

[31mArgument `increment`: Invalid value provided. Expected Float, provided String.[39m
2025-07-24 15:56:52 [32minfo[39m [32mPOST /api/v1/inventory/records 422 637.872 ms - 783[39m
[32m[39m
2025-07-24 15:59:38 [31merror[39m [31mDatabase validation error: [39m
[31mInvalid `prisma.inventory.update()` invocation:[39m

[31m{[39m
[31m  where: {[39m
[31m    id: "inv123"[39m
[31m  },[39m
[31m  data: {[39m
[31m    currentQuantity: {[39m
[31m      increment: "50"[39m
[31m                 ~~~~[39m
[31m    },[39m
[31m    supplier: "AgroSupplies",[39m
[31m    records: {[39m
[31m      create: {[39m
[31m        recordType: "ITEM",[39m
[31m        quantity: 50,[39m
[31m        pricePerUnit: 2.75,[39m
[31m        totalCost: 137.5,[39m
[31m        date: new Date("2025-01-15T00:00:00.000Z"),[39m
[31m        notes: undefined,[39m
[31m        mediaUrls: [[39m
[31m          "/uploads/1753369178179-cattle feed.jpeg"[39m
[31m        ],[39m
[31m        recordedById: "cmcnjxm6s0000t1p8rcay1eoq"[39m
[31m      }[39m
[31m    }[39m
[31m  },[39m
[31m  include: {[39m
[31m    records: true[39m
[31m  }[39m
[31m}[39m

[31mArgument `increment`: Invalid value provided. Expected Float, provided String. [39m
[31mInvalid `prisma.inventory.update()` invocation:[39m

[31m{[39m
[31m  where: {[39m
[31m    id: "inv123"[39m
[31m  },[39m
[31m  data: {[39m
[31m    currentQuantity: {[39m
[31m      increment: "50"[39m
[31m                 ~~~~[39m
[31m    },[39m
[31m    supplier: "AgroSupplies",[39m
[31m    records: {[39m
[31m      create: {[39m
[31m        recordType: "ITEM",[39m
[31m        quantity: 50,[39m
[31m        pricePerUnit: 2.75,[39m
[31m        totalCost: 137.5,[39m
[31m        date: new Date("2025-01-15T00:00:00.000Z"),[39m
[31m        notes: undefined,[39m
[31m        mediaUrls: [[39m
[31m          "/uploads/1753369178179-cattle feed.jpeg"[39m
[31m        ],[39m
[31m        recordedById: "cmcnjxm6s0000t1p8rcay1eoq"[39m
[31m      }[39m
[31m    }[39m
[31m  },[39m
[31m  include: {[39m
[31m    records: true[39m
[31m  }[39m
[31m}[39m

[31mArgument `increment`: Invalid value provided. Expected Float, provided String.[39m
2025-07-24 15:59:38 [32minfo[39m [32mPOST /api/v1/inventory/records 422 2742.606 ms - 783[39m
[32m[39m
2025-07-24 16:00:12 [32minfo[39m [32mPOST /api/v1/inventory/records/this%20is%20for%20new 404 8.165 ms - 151[39m
[32m[39m
2025-07-24 16:00:20 [31merror[39m [31mDatabase validation error: [39m
[31mInvalid `prisma.inventory.update()` invocation:[39m

[31m{[39m
[31m  where: {[39m
[31m    id: "inv123"[39m
[31m  },[39m
[31m  data: {[39m
[31m    currentQuantity: {[39m
[31m      increment: "50"[39m
[31m                 ~~~~[39m
[31m    },[39m
[31m    supplier: "AgroSupplies",[39m
[31m    records: {[39m
[31m      create: {[39m
[31m        recordType: "ITEM",[39m
[31m        quantity: 50,[39m
[31m        pricePerUnit: 2.75,[39m
[31m        totalCost: 137.5,[39m
[31m        date: new Date("2025-01-15T00:00:00.000Z"),[39m
[31m        notes: undefined,[39m
[31m        mediaUrls: [[39m
[31m          "/uploads/1753369220739-cattle feed.jpeg"[39m
[31m        ],[39m
[31m        recordedById: "cmcnjxm6s0000t1p8rcay1eoq"[39m
[31m      }[39m
[31m    }[39m
[31m  },[39m
[31m  include: {[39m
[31m    records: true[39m
[31m  }[39m
[31m}[39m

[31mArgument `increment`: Invalid value provided. Expected Float, provided String. [39m
[31mInvalid `prisma.inventory.update()` invocation:[39m

[31m{[39m
[31m  where: {[39m
[31m    id: "inv123"[39m
[31m  },[39m
[31m  data: {[39m
[31m    currentQuantity: {[39m
[31m      increment: "50"[39m
[31m                 ~~~~[39m
[31m    },[39m
[31m    supplier: "AgroSupplies",[39m
[31m    records: {[39m
[31m      create: {[39m
[31m        recordType: "ITEM",[39m
[31m        quantity: 50,[39m
[31m        pricePerUnit: 2.75,[39m
[31m        totalCost: 137.5,[39m
[31m        date: new Date("2025-01-15T00:00:00.000Z"),[39m
[31m        notes: undefined,[39m
[31m        mediaUrls: [[39m
[31m          "/uploads/1753369220739-cattle feed.jpeg"[39m
[31m        ],[39m
[31m        recordedById: "cmcnjxm6s0000t1p8rcay1eoq"[39m
[31m      }[39m
[31m    }[39m
[31m  },[39m
[31m  include: {[39m
[31m    records: true[39m
[31m  }[39m
[31m}[39m

[31mArgument `increment`: Invalid value provided. Expected Float, provided String.[39m
2025-07-24 16:00:20 [32minfo[39m [32mPOST /api/v1/inventory/records 422 2483.601 ms - 783[39m
[32m[39m
2025-07-24 16:02:34 [31merror[39m [31mDatabase validation error: [39m
[31mInvalid `prisma.inventory.update()` invocation:[39m

[31m{[39m
[31m  where: {[39m
[31m    id: "inv123"[39m
[31m  },[39m
[31m  data: {[39m
[31m    currentQuantity: {[39m
[31m      increment: "50"[39m
[31m                 ~~~~[39m
[31m    },[39m
[31m    supplier: "AgroSupplies",[39m
[31m    records: {[39m
[31m      create: {[39m
[31m        recordType: "ITEM",[39m
[31m        quantity: 50,[39m
[31m        pricePerUnit: 2.75,[39m
[31m        totalCost: 137.5,[39m
[31m        date: new Date("2025-01-15T00:00:00.000Z"),[39m
[31m        notes: undefined,[39m
[31m        mediaUrls: [[39m
[31m          "/uploads/1753369354771-cattle feed.jpeg"[39m
[31m        ],[39m
[31m        recordedById: "cmcnjxm6s0000t1p8rcay1eoq"[39m
[31m      }[39m
[31m    }[39m
[31m  },[39m
[31m  include: {[39m
[31m    records: true[39m
[31m  }[39m
[31m}[39m

[31mArgument `increment`: Invalid value provided. Expected Float, provided String. [39m
[31mInvalid `prisma.inventory.update()` invocation:[39m

[31m{[39m
[31m  where: {[39m
[31m    id: "inv123"[39m
[31m  },[39m
[31m  data: {[39m
[31m    currentQuantity: {[39m
[31m      increment: "50"[39m
[31m                 ~~~~[39m
[31m    },[39m
[31m    supplier: "AgroSupplies",[39m
[31m    records: {[39m
[31m      create: {[39m
[31m        recordType: "ITEM",[39m
[31m        quantity: 50,[39m
[31m        pricePerUnit: 2.75,[39m
[31m        totalCost: 137.5,[39m
[31m        date: new Date("2025-01-15T00:00:00.000Z"),[39m
[31m        notes: undefined,[39m
[31m        mediaUrls: [[39m
[31m          "/uploads/1753369354771-cattle feed.jpeg"[39m
[31m        ],[39m
[31m        recordedById: "cmcnjxm6s0000t1p8rcay1eoq"[39m
[31m      }[39m
[31m    }[39m
[31m  },[39m
[31m  include: {[39m
[31m    records: true[39m
[31m  }[39m
[31m}[39m

[31mArgument `increment`: Invalid value provided. Expected Float, provided String.[39m
2025-07-24 16:02:34 [32minfo[39m [32mPOST /api/v1/inventory/records 422 2689.126 ms - 783[39m
[32m[39m
2025-07-24 16:07:20 [31merror[39m [31mPrisma error: [39m
[31mInvalid `prisma.inventory.update()` invocation:[39m


[31mAn operation failed because it depends on one or more records that were required but not found. No 'Inventory' record (needed to inline the relation on 'Inventory' record(s)) was found for a nested create on one-to-many relation 'InventoryToInventoryRecord'. [39m
[31mInvalid `prisma.inventory.update()` invocation:[39m


[31mAn operation failed because it depends on one or more records that were required but not found. No 'Inventory' record (needed to inline the relation on 'Inventory' record(s)) was found for a nested create on one-to-many relation 'InventoryToInventoryRecord'.[39m
2025-07-24 16:07:20 [32minfo[39m [32mPOST /api/v1/inventory/records 400 5134.124 ms - 355[39m
[32m[39m
2025-07-24 16:08:56 [31merror[39m [31mPrisma error: [39m
[31mInvalid `prisma.inventory.update()` invocation:[39m


[31mAn operation failed because it depends on one or more records that were required but not found. No 'Inventory' record (needed to inline the relation on 'Inventory' record(s)) was found for a nested create on one-to-many relation 'InventoryToInventoryRecord'. [39m
[31mInvalid `prisma.inventory.update()` invocation:[39m


[31mAn operation failed because it depends on one or more records that were required but not found. No 'Inventory' record (needed to inline the relation on 'Inventory' record(s)) was found for a nested create on one-to-many relation 'InventoryToInventoryRecord'.[39m
2025-07-24 16:08:56 [32minfo[39m [32mPOST /api/v1/inventory/records 400 1448.543 ms - 355[39m
[32m[39m
2025-07-24 16:10:00 [31merror[39m [31mPrisma error: [39m
[31mInvalid `prisma.inventory.update()` invocation:[39m


[31mAn operation failed because it depends on one or more records that were required but not found. No 'Inventory' record (needed to inline the relation on 'Inventory' record(s)) was found for a nested create on one-to-many relation 'InventoryToInventoryRecord'. [39m
[31mInvalid `prisma.inventory.update()` invocation:[39m


[31mAn operation failed because it depends on one or more records that were required but not found. No 'Inventory' record (needed to inline the relation on 'Inventory' record(s)) was found for a nested create on one-to-many relation 'InventoryToInventoryRecord'.[39m
2025-07-24 16:10:00 [32minfo[39m [32mPOST /api/v1/inventory/records 400 1473.972 ms - 355[39m
[32m[39m
2025-07-24 16:13:22 [32minfo[39m [32mPOST /api/v1/inventory/records/ 201 7570.764 ms - 812[39m
[32m[39m
2025-07-24 16:16:10 [32minfo[39m [32mPOST /api/v1/inventory/records 200 2823.194 ms - 1182[39m
[32m[39m
2025-07-24 16:21:16 [31merror[39m [31mDatabase validation error: [39m
[31mInvalid `prisma.inventory.update()` invocation:[39m

[31m{[39m
[31m  where: {[39m
[31m    id: "cmdhj85ih0006t198bjhg51x2"[39m
[31m  },[39m
[31m  data: {[39m
[31m    currentQuantity: {[39m
[31m      decrement: undefined[39m
[31m    },[39m
[31m    ~~~~~~~~~~~~~~~~~~~~~~[39m
[31m    records: {[39m
[31m      create: {[39m
[31m        recordType: "USE",[39m
[31m        quantity: undefined,[39m
[31m        movementType: "FEEDING",[39m
[31m        date: new Date("2025-01-20T00:00:00.000Z"),[39m
[31m        relatedAnimals: "Cow001,Cow002",[39m
[31m        notes: undefined,[39m
[31m        mediaUrls: [[39m
[31m          "/uploads/1753370476707-cow445.jpeg"[39m
[31m        ],[39m
[31m        recordedById: "cmcnjxm6s0000t1p8rcay1eoq"[39m
[31m      }[39m
[31m    }[39m
[31m  },[39m
[31m  include: {[39m
[31m    records: true[39m
[31m  }[39m
[31m}[39m

[31mArgument `currentQuantity`: Invalid value provided. Expected Float, provided Object. [39m
[31mInvalid `prisma.inventory.update()` invocation:[39m

[31m{[39m
[31m  where: {[39m
[31m    id: "cmdhj85ih0006t198bjhg51x2"[39m
[31m  },[39m
[31m  data: {[39m
[31m    currentQuantity: {[39m
[31m      decrement: undefined[39m
[31m    },[39m
[31m    ~~~~~~~~~~~~~~~~~~~~~~[39m
[31m    records: {[39m
[31m      create: {[39m
[31m        recordType: "USE",[39m
[31m        quantity: undefined,[39m
[31m        movementType: "FEEDING",[39m
[31m        date: new Date("2025-01-20T00:00:00.000Z"),[39m
[31m        relatedAnimals: "Cow001,Cow002",[39m
[31m        notes: undefined,[39m
[31m        mediaUrls: [[39m
[31m          "/uploads/1753370476707-cow445.jpeg"[39m
[31m        ],[39m
[31m        recordedById: "cmcnjxm6s0000t1p8rcay1eoq"[39m
[31m      }[39m
[31m    }[39m
[31m  },[39m
[31m  include: {[39m
[31m    records: true[39m
[31m  }[39m
[31m}[39m

[31mArgument `currentQuantity`: Invalid value provided. Expected Float, provided Object.[39m
2025-07-24 16:21:16 [32minfo[39m [32mPOST /api/v1/inventory/records 422 2736.007 ms - 808[39m
[32m[39m
2025-07-24 16:25:10 [32minfo[39m [32mPOST /api/v1/inventory/records 200 5576.845 ms - 1572[39m
[32m[39m
2025-07-24 23:42:25 [32minfo[39m [32mPOST /api/v1/auth/login 200 15950.022 ms - 507[39m
[32m[39m
2025-07-25 05:33:34 [32minfo[39m [32mPOST /api/v1/auth/login 200 4942.571 ms - 507[39m
[32m[39m
2025-07-25 05:34:11 [32minfo[39m [32mGET /api/v1/inventory/records/ 200 4659.128 ms - 5054[39m
[32m[39m
2025-07-25 05:35:18 [32minfo[39m [32mPOST /api/v1/auth/finance/transactions 404 2.012 ms - 137[39m
[32m[39m
2025-07-25 05:35:53 [32minfo[39m [32mPOST /api/v1/finance/transactions 401 1.458 ms - 66[39m
[32m[39m
2025-07-25 05:36:28 [32minfo[39m [32mPOST /api/v1/finance/transactions 201 3014.617 ms - 565[39m
[32m[39m
2025-07-25 05:54:30 [32minfo[39m [32mPOST /api/v1/finance/transactions 201 6476.215 ms - 553[39m
[32m[39m
2025-07-26 06:03:41 [32minfo[39m [32mPOST /api/v1/auth/login 200 5306.705 ms - 507[39m
[32m[39m
2025-07-26 06:04:13 [32minfo[39m [32mPOST /api/v1/inventory/records 422 1395.284 ms - 245[39m
[32m[39m
2025-07-26 06:17:36 [32minfo[39m [32mGET /api/v1/inventory/records 500 5021.556 ms - 324[39m
[32m[39m
2025-07-26 06:17:47 [32minfo[39m [32mGET /api/v1/inventory/records 200 4991.520 ms - 5545[39m
[32m[39m
2025-07-26 09:19:41 [32minfo[39m [32mPOST /api/v1/auth/login 200 4452.176 ms - 507[39m
[32m[39m
2025-07-26 09:22:31 [32minfo[39m [32mGET /api/v1/inventory/records 200 4400.158 ms - 5376[39m
[32m[39m
2025-07-26 09:23:11 [32minfo[39m [32mGET /api/v1/inventory/records 200 2711.897 ms - 5376[39m
[32m[39m
2025-07-26 09:23:19 [32minfo[39m [32mGET /api/v1/inventory/records 200 1135.381 ms - 5376[39m
[32m[39m
2025-07-26 12:11:33 [32minfo[39m [32mGET /api/v1/inventory/records 401 19.969 ms - 64[39m
[32m[39m
2025-07-26 12:11:45 [32minfo[39m [32mPOST /api/v1/auth/login 200 6849.070 ms - 507[39m
[32m[39m
2025-07-26 12:12:14 [32minfo[39m [32mGET /api/v1/inventory/records 200 5315.305 ms - 5221[39m
[32m[39m
2025-07-26 14:18:19 [32minfo[39m [32mGET /api/v1/inventory/records 401 10.928 ms - 64[39m
[32m[39m
2025-07-26 14:18:30 [32minfo[39m [32mPOST /api/v1/auth/login 200 5959.035 ms - 507[39m
[32m[39m
2025-07-26 14:18:54 [32minfo[39m [32mGET /api/v1/inventory/records 200 3306.262 ms - 5285[39m
[32m[39m
2025-07-26 15:21:12 [32minfo[39m [32mPOST /api/v1/auth/login 200 4055.897 ms - 507[39m
[32m[39m
2025-07-26 15:21:39 [32minfo[39m [32mGET /api/v1/inventory/items 200 3497.121 ms - 7136[39m
[32m[39m
2025-07-26 15:51:59 [32minfo[39m [32mGET /api/v1/inventory/records 401 3.487 ms - 64[39m
[32m[39m
2025-07-26 15:52:19 [32minfo[39m [32mGET /api/v1/inventory/records 200 5648.876 ms - 5296[39m
[32m[39m
2025-07-26 15:53:31 [32minfo[39m [32mGET /api/v1/inventory/records 200 4910.013 ms - 5747[39m
[32m[39m
2025-07-26 16:08:30 [32minfo[39m [32mGET /api/v1/inventory/records 200 4818.420 ms - 5686[39m
[32m[39m
2025-07-27 10:31:21 [32minfo[39m [32mPOST /api/v1/auth/login 200 5829.102 ms - 507[39m
[32m[39m
2025-07-27 10:31:47 [32minfo[39m [32mGET /api/v1/finance/transactions 200 5175.187 ms - 1869[39m
[32m[39m
2025-09-15 09:36:35 [31merror[39m [31mInternal Server Error [39m
[31mInvalid `prisma.user.findFirst()` invocation:[39m


[31mServer has closed the connection.[39m
2025-09-15 09:36:35 [32minfo[39m [32mPOST /api/v1/auth/login 500 1807.156 ms - 49[39m
[32m[39m
2025-09-15 09:39:14 [31merror[39m [31mUser not found User not found[39m
2025-09-15 09:39:14 [32minfo[39m [32mPOST /api/v1/auth/login 404 952.405 ms - 42[39m
[32m[39m
2025-09-15 09:40:07 [32minfo[39m [32mPOST /api/v1/auth/login 200 204.942 ms - 504[39m
[32m[39m
2025-10-07 14:42:14 [32minfo[39m [32mPOST /api/v1/auth/login 200 1260.571 ms - 504[39m
[32m[39m
2025-10-07 14:49:32 [31merror[39m [31mPrisma error: [39m
[31mInvalid `prisma.livestock.findMany()` invocation in[39m
[31mC:\Users\DoBUY\Agritech-Backend\src\contollers\livestock.controller.ts:92:46[39m

[31m  89   ...(type && { type: String(type) }) [39m
[31m  90 };[39m
[31m  91 [39m
[31m→ 92 const livestock = await prisma.livestock.findMany([39m
[31mThe column `Livestock.isDeleted` does not exist in the current database. [39m
[31mInvalid `prisma.livestock.findMany()` invocation in[39m
[31mC:\Users\DoBUY\Agritech-Backend\src\contollers\livestock.controller.ts:92:46[39m

[31m  89   ...(type && { type: String(type) }) [39m
[31m  90 };[39m
[31m  91 [39m
[31m→ 92 const livestock = await prisma.livestock.findMany([39m
[31mThe column `Livestock.isDeleted` does not exist in the current database.[39m
2025-10-07 14:49:32 [32minfo[39m [32mGET /api/v1/livestock 400 194.089 ms - 375[39m
[32m[39m
2025-10-07 14:49:46 [31merror[39m [31mPrisma error: [39m
[31mInvalid `prisma.livestock.findMany()` invocation in[39m
[31mC:\Users\DoBUY\Agritech-Backend\src\contollers\livestock.controller.ts:92:46[39m

[31m  89   ...(type && { type: String(type) }) [39m
[31m  90 };[39m
[31m  91 [39m
[31m→ 92 const livestock = await prisma.livestock.findMany([39m
[31mThe column `Livestock.isDeleted` does not exist in the current database. [39m
[31mInvalid `prisma.livestock.findMany()` invocation in[39m
[31mC:\Users\DoBUY\Agritech-Backend\src\contollers\livestock.controller.ts:92:46[39m

[31m  89   ...(type && { type: String(type) }) [39m
[31m  90 };[39m
[31m  91 [39m
[31m→ 92 const livestock = await prisma.livestock.findMany([39m
[31mThe column `Livestock.isDeleted` does not exist in the current database.[39m
2025-10-07 14:49:46 [32minfo[39m [32mGET /api/v1/livestock 400 19.636 ms - 375[39m
[32m[39m
2025-10-07 14:50:03 [31merror[39m [31mPrisma error: [39m
[31mInvalid `prisma.livestock.count()` invocation in[39m
[31mC:\Users\DoBUY\Agritech-Backend\src\contollers\livestock.controller.ts:150:24[39m

[31m  147     isDeleted: false[39m
[31m  148   }[39m
[31m  149 }),[39m
[31m→ 150 prisma.livestock.count([39m
[31mThe column `Livestock.isDeleted` does not exist in the current database. [39m
[31mInvalid `prisma.livestock.count()` invocation in[39m
[31mC:\Users\DoBUY\Agritech-Backend\src\contollers\livestock.controller.ts:150:24[39m

[31m  147     isDeleted: false[39m
[31m  148   }[39m
[31m  149 }),[39m
[31m→ 150 prisma.livestock.count([39m
[31mThe column `Livestock.isDeleted` does not exist in the current database.[39m
2025-10-07 14:50:03 [32minfo[39m [32mGET /api/v1/livestock/counts 400 46.664 ms - 336[39m
[32m[39m
2025-10-07 14:50:50 [32minfo[39m [32mGET /api/v1/users/profile 200 9.548 ms - 326[39m
[32m[39m
2025-10-07 14:56:24 [31merror[39m [31mExpected double-quoted property name in JSON at position 290 (line 11 column 1) Expected double-quoted property name in JSON at position 290 (line 11 column 1)[39m
2025-10-07 14:56:38 [31merror[39m [31mPrisma error: [39m
[31mInvalid `prisma.livestock.create()` invocation in[39m
[31mC:\Users\DoBUY\Agritech-Backend\src\contollers\livestock.controller.ts:28:46[39m

[31m  25 [39m
[31m  26 const addedById = (req.user as any).id;[39m
[31m  27 [39m
[31m→ 28 const livestock = await prisma.livestock.create([39m
[31mThe column `isDeleted` does not exist in the current database. [39m
[31mInvalid `prisma.livestock.create()` invocation in[39m
[31mC:\Users\DoBUY\Agritech-Backend\src\contollers\livestock.controller.ts:28:46[39m

[31m  25 [39m
[31m  26 const addedById = (req.user as any).id;[39m
[31m  27 [39m
[31m→ 28 const livestock = await prisma.livestock.create([39m
[31mThe column `isDeleted` does not exist in the current database.[39m
2025-10-07 14:56:38 [32minfo[39m [32mPOST /api/v1/livestock 400 221.705 ms - 360[39m
[32m[39m
2025-10-07 14:59:16 [32minfo[39m [32mPOST /api/v1/livestock 201 194.299 ms - 833[39m
[32m[39m
2025-10-07 14:59:27 [32minfo[39m [32mGET /api/v1/livestock 200 60.741 ms - 2401[39m
[32m[39m
2025-10-18 12:49:59 [32minfo[39m [32mGET /api/v1/tasks/cmguqbie3000zlx01lklxw9nq 401 19.780 ms - 70[39m
[32m[39m
2025-10-18 12:50:34 [32minfo[39m [32mPOST /api/v1/auth/login 200 1649.798 ms - 504[39m
[32m[39m
2025-10-18 12:50:57 [31merror[39m [31mTask not found or you do not have permission to view it Task not found or you do not have permission to view it[39m
2025-10-18 12:50:57 [32minfo[39m [32mGET /api/v1/tasks/cmguqbie3000zlx01lklxw9nq 404 60.210 ms - 83[39m
[32m[39m
2025-10-18 12:51:04 [31merror[39m [31mTask not found or you do not have permission to view it Task not found or you do not have permission to view it[39m
2025-10-18 12:51:04 [32minfo[39m [32mGET /api/v1/tasks/cmguqbie3000zlx01lklxw9nq 404 155.868 ms - 83[39m
[32m[39m
2025-10-18 13:06:09 [31merror[39m [31mTask not found Task not found[39m
2025-10-18 13:06:09 [32minfo[39m [32mGET /api/v1/tasks/cmguqbie3000zlx01lklxw9nq 404 707.919 ms - 42[39m
[32m[39m
2025-10-18 13:25:52 [32minfo[39m [32mPOST /api/v1/auth/login 200 594.957 ms - 504[39m
[32m[39m
2025-10-18 14:54:25 [32minfo[39m [32mPOST /api/v1/tasks 401 21.924 ms - 70[39m
[32m[39m
2025-10-18 14:54:39 [32minfo[39m [32mPOST /api/v1/auth/login 200 502.830 ms - 504[39m
[32m[39m
2025-10-18 14:54:56 [32minfo[39m [32mPOST /api/v1/tasks 201 56.215 ms - 948[39m
[32m[39m
2025-10-18 14:55:38 [32minfo[39m [32mGET /api/v1/tasks/cmgwcamxb0001t1mskstiohad 200 15.497 ms - 950[39m
[32m[39m
2025-10-18 15:25:50 [32minfo[39m [32mGET /api/v1/tasks/cmgwcamxb0001t1mskstiohad 200 143.909 ms - 950[39m
[32m[39m
2025-10-26 11:05:31 [32minfo[39m [32mPOST /api/v1/auth/login 200 1271.754 ms - 504[39m
[32m[39m
2025-10-26 11:15:04 [32minfo[39m [32mPOST /api/v1/auth/login 200 343.366 ms - 504[39m
[32m[39m
2025-10-26 11:17:44 [32minfo[39m [32mPOST /api/v1/auth/login 200 179.023 ms - 504[39m
[32m[39m
2025-10-26 11:17:46 [32minfo[39m [32mGET /api/v1/livestock/counts 200 123.605 ms - 101[39m
[32m[39m
2025-10-26 11:17:47 [32minfo[39m [32mGET /api/v1/tasks/my-tasks 200 25.546 ms - 132[39m
[32m[39m
2025-10-26 11:18:02 [32minfo[39m [32mGET /api/v1/livestock?page=1&limit=10 200 42.409 ms - 2401[39m
[32m[39m
2025-10-26 11:18:17 [32minfo[39m [32mGET /api/v1/tasks/my-tasks 304 8.277 ms - -[39m
[32m[39m
2025-10-26 11:18:27 [32minfo[39m [32mGET /api/v1/livestock/counts 304 8.712 ms - -[39m
[32m[39m
2025-10-26 11:18:29 [32minfo[39m [32mGET /api/v1/tasks/my-tasks 304 7.165 ms - -[39m
[32m[39m
2025-10-26 11:18:31 [32minfo[39m [32mGET /api/v1/tasks/my-tasks 304 15.319 ms - -[39m
[32m[39m
2025-10-26 11:18:35 [32minfo[39m [32mGET /api/v1/tasks/my-tasks 304 7.269 ms - -[39m
[32m[39m
2025-10-26 11:24:26 [32minfo[39m [32mGET /api/v1/tasks/my-tasks 304 151.396 ms - -[39m
[32m[39m
2025-10-26 11:24:28 [32minfo[39m [32mGET /api/v1/livestock/counts 304 14.758 ms - -[39m
[32m[39m
2025-10-26 11:24:29 [32minfo[39m [32mGET /api/v1/livestock?page=1&limit=10 304 23.736 ms - -[39m
[32m[39m
2025-10-26 11:24:31 [32minfo[39m [32mGET /api/v1/tasks/my-tasks 304 20.103 ms - -[39m
[32m[39m
2025-10-26 11:30:17 [32minfo[39m [32mGET /api/v1/livestock?page=1&limit=10 304 84.860 ms - -[39m
[32m[39m
2025-10-26 11:30:17 [32minfo[39m [32mGET /api/v1/livestock/counts 304 76.034 ms - -[39m
[32m[39m
2025-10-26 11:30:19 [32minfo[39m [32mGET /api/v1/livestock?page=1&limit=10 304 18.995 ms - -[39m
[32m[39m
2025-10-26 11:30:19 [32minfo[39m [32mGET /api/v1/tasks/my-tasks 304 14.709 ms - -[39m
[32m[39m
2025-10-26 11:36:37 [32minfo[39m [32mPOST /api/v1/auth/login 200 220.276 ms - 504[39m
[32m[39m
2025-10-26 11:40:46 [32minfo[39m [32mPOST /api/v1/auth/login 200 170.328 ms - 485[39m
[32m[39m
2025-10-26 15:40:34 [31merror[39m [31mUser not found User not found[39m
2025-10-26 15:40:34 [32minfo[39m [32mPOST /api/v1/auth/login 404 368.914 ms - 42[39m
[32m[39m
2025-10-27 13:13:11 [32minfo[39m [32mPOST /api/v1/auth/register 401 15.577 ms - 70[39m
[32m[39m
2025-10-27 13:13:37 [32minfo[39m [32mPOST //api/v1/auth/login 404 0.859 ms - 123[39m
[32m[39m
2025-10-27 13:13:47 [32minfo[39m [32mPOST /api/v1/auth/login 200 1190.791 ms - 543[39m
[32m[39m
2025-10-27 13:14:06 [32minfo[39m [32mPOST /api/v1/auth/login 200 182.443 ms - 543[39m
[32m[39m
2025-10-27 13:15:15 [32minfo[39m [32mPOST /api/v1/auth/login 200 160.067 ms - 543[39m
[32m[39m
2025-10-27 13:15:34 [32minfo[39m [32mPOST /api/v1/auth/register 422 9.276 ms - 297[39m
[32m[39m
2025-10-27 13:17:44 [31merror[39m [31mInternal Server Error User already exists with this email[39m
2025-10-27 13:17:44 [32minfo[39m [32mPOST /api/v1/auth/vet-reg 500 34.757 ms - 49[39m
[32m[39m
2025-10-27 13:18:23 [31merror[39m [31mInternal Server Error User already exists with this email[39m
2025-10-27 13:18:23 [32minfo[39m [32mPOST /api/v1/auth/vet-reg 500 4.865 ms - 49[39m
[32m[39m
2025-10-27 13:20:42 [32minfo[39m [32mPOST /api/v1/auth/vet-reg 201 354.015 ms - 95[39m
[32m[39m
2025-10-27 13:20:45 [32minfo[39m [32mError sending message to vetcare@example.com[39m
2025-10-27 13:20:45 [31merror[39m [31mError sending email: Invalid login: 535 Authentication failed[39m
2025-10-27 13:25:45 [32minfo[39m [32mPUT /api/v1/auth/verify 200 194.217 ms - 70[39m
[32m[39m
2025-10-27 13:25:47 [32minfo[39m [32mError sending message to vetcare@example.com[39m
2025-10-27 13:25:47 [31merror[39m [31mError sending email: Invalid login: 535 Authentication failed[39m
2025-10-27 13:31:44 [31merror[39m [31mInternal Server Error User already exists with this email and phone[39m
2025-10-27 13:31:44 [32minfo[39m [32mPOST /api/v1/auth/vet-reg 500 181.132 ms - 49[39m
[32m[39m
2025-10-27 13:32:10 [31merror[39m [31mInternal Server Error User already exists with this email and phone[39m
2025-10-27 13:32:10 [32minfo[39m [32mPOST /api/v1/auth/vet-reg 500 135.820 ms - 49[39m
[32m[39m
2025-10-27 13:36:14 [31merror[39m [31mInternal Server Error User already exists with this email and phone[39m
2025-10-27 13:36:14 [32minfo[39m [32mPOST /api/v1/auth/vet-reg 500 259.784 ms - 49[39m
[32m[39m
2025-10-27 13:43:23 [31merror[39m [31mUser already exists with this credentials User already exists with this credentials[39m
2025-10-27 13:43:23 [32minfo[39m [32mPOST /api/v1/auth/vet-reg 403 136.448 ms - 69[39m
[32m[39m
2025-10-27 14:59:52 [32minfo[39m [32mPOST /api/v1/auth/vet-login 200 451.343 ms - 560[39m
[32m[39m
2025-10-27 15:04:48 [31merror[39m [31mVet account not found Vet account not found[39m
2025-10-27 15:04:48 [32minfo[39m [32mPOST /api/v1/auth/vet-login 404 47.177 ms - 49[39m
[32m[39m
2025-10-27 15:05:08 [31merror[39m [31mVet account not found Vet account not found[39m
2025-10-27 15:05:08 [32minfo[39m [32mPOST /api/v1/auth/vet-login 404 87.837 ms - 49[39m
[32m[39m
2025-10-27 15:05:26 [31merror[39m [31mInvalid credentials Invalid credentials[39m
2025-10-27 15:05:26 [32minfo[39m [32mPOST /api/v1/auth/vet-login 401 122.786 ms - 47[39m
[32m[39m
2025-10-27 15:06:01 [31merror[39m [31mInvalid credentials Invalid credentials[39m
2025-10-27 15:06:01 [32minfo[39m [32mPOST /api/v1/auth/vet-login 401 129.727 ms - 47[39m
[32m[39m
2025-10-27 15:06:40 [31merror[39m [31mInvalid credentials Invalid credentials[39m
2025-10-27 15:06:40 [32minfo[39m [32mPOST /api/v1/auth/vet-login 401 136.059 ms - 47[39m
[32m[39m
2025-10-27 15:09:24 [31merror[39m [31mInvalid credentials Invalid credentials[39m
2025-10-27 15:09:24 [32minfo[39m [32mPOST /api/v1/auth/vet-login 401 226.512 ms - 47[39m
[32m[39m
2025-10-27 15:10:04 [31merror[39m [31mInvalid credentials Invalid credentials[39m
2025-10-27 15:10:04 [32minfo[39m [32mPOST /api/v1/auth/vet-login 401 262.097 ms - 47[39m
[32m[39m
2025-10-27 15:11:17 [31merror[39m [31mInvalid credentials Invalid credentials[39m
2025-10-27 15:11:17 [32minfo[39m [32mPOST /api/v1/auth/vet-login 401 388.463 ms - 47[39m
[32m[39m
2025-10-27 15:12:14 [31merror[39m [31mInvalid credentials Invalid credentials[39m
2025-10-27 15:12:14 [32minfo[39m [32mPOST /api/v1/auth/vet-login 400 507.621 ms - 47[39m
[32m[39m
2025-10-27 15:13:11 [31merror[39m [31mInvalid credentials Invalid credentials[39m
2025-10-27 15:13:11 [32minfo[39m [32mPOST /api/v1/auth/vet-login 400 151.481 ms - 47[39m
[32m[39m
2025-10-27 15:13:35 [32minfo[39m [32mPOST /api/v1/auth/vet-login 200 190.595 ms - 560[39m
[32m[39m
2025-10-27 15:13:38 [32minfo[39m [32mGET /api/v1/livestock/counts 304 98.267 ms - -[39m
[32m[39m
2025-10-27 15:13:40 [32minfo[39m [32mGET /api/v1/tasks/my-tasks 304 15.086 ms - -[39m
[32m[39m
2025-10-27 15:23:49 [31merror[39m [31mInvalid credentials Invalid credentials[39m
2025-10-27 15:23:49 [32minfo[39m [32mPOST /api/v1/auth/login 401 224.219 ms - 47[39m
[32m[39m
2025-10-27 15:24:38 [32minfo[39m [32mPOST /api/v1/auth/login 200 164.627 ms - 543[39m
[32m[39m
2025-10-27 15:26:14 [32minfo[39m [32mPOST /api/v1/auth/vet-login 200 348.559 ms - 560[39m
[32m[39m
2025-10-27 15:27:03 [31merror[39m [31mFarm keepers can only assign tasks to coworkers Farm keepers can only assign tasks to coworkers[39m
2025-10-27 15:27:03 [32minfo[39m [32mPOST /api/v1/tasks 403 31.851 ms - 75[39m
[32m[39m
2025-10-27 16:21:35 [32minfo[39m [32mPOST /api/v1/tasks 201 316.238 ms - 1103[39m
[32m[39m
2025-10-27 16:23:25 [32minfo[39m [32mPOST /api/v1/tasks 201 21.932 ms - 1101[39m
[32m[39m
2025-10-27 16:24:08 [32minfo[39m [32mPOST /api/v1/tasks 201 25.774 ms - 1099[39m
[32m[39m
2025-10-27 16:24:28 [31merror[39m [31mDatabase validation error: [39m
[31mInvalid `prisma.task.create()` invocation in[39m
[31mC:\Users\DoBUY\Agritech-Backend\src\contollers\task.controller.ts:57:36[39m

[31m  54 }[39m
[31m  55 [39m
[31m  56 [39m
[31m→ 57 const task = await prisma.task.create({[39m
[31m       data: {[39m
[31m         name: "Fever Treatment",[39m
[31m         description: "Give two Malaria 2ml for the next one week untill the animal is 5 weeks old",[39m
[31m         priority: "HIGH",[39m
[31m         dueDate: new Date("Invalid Date"),[39m
[31m                  ~~~~~~~~~~~~~~~~~~~~~~~~[39m
[31m         status: "PENDING",[39m
[31m         assignedToId: "cmh93w4d20000t1tggcs12hvi",[39m
[31m         assignedById: "cmcnjxm6s0000t1p8rcay1eoq"[39m
[31m       },[39m
[31m       include: {[39m
[31m         assignedTo: {[39m
[31m           select: {[39m
[31m             id: true,[39m
[31m             fullName: true,[39m
[31m             email: true,[39m
[31m             phone: true,[39m
[31m             role: true,[39m
[31m             isVerified: true,[39m
[31m             avatar: true,[39m
[31m             location: true,[39m
[31m             createdAt: true,[39m
[31m             updatedAt: true,[39m
[31m             lastLogin: true[39m
[31m           }[39m
[31m         },[39m
[31m         assignedBy: {[39m
[31m           select: {[39m
[31m             id: true,[39m
[31m             fullName: true,[39m
[31m             email: true,[39m
[31m             phone: true,[39m
[31m             role: true,[39m
[31m             isVerified: true,[39m
[31m             avatar: true,[39m
[31m             location: true,[39m
[31m             createdAt: true,[39m
[31m             updatedAt: true,[39m
[31m             lastLogin: true[39m
[31m           }[39m
[31m         }[39m
[31m       }[39m
[31m     })[39m

[31mInvalid value for argument `dueDate`: Provided Date object is invalid. Expected Date. [39m
[31mInvalid `prisma.task.create()` invocation in[39m
[31mC:\Users\DoBUY\Agritech-Backend\src\contollers\task.controller.ts:57:36[39m

[31m  54 }[39m
[31m  55 [39m
[31m  56 [39m
[31m→ 57 const task = await prisma.task.create({[39m
[31m       data: {[39m
[31m         name: "Fever Treatment",[39m
[31m         description: "Give two Malaria 2ml for the next one week untill the animal is 5 weeks old",[39m
[31m         priority: "HIGH",[39m
[31m         dueDate: new Date("Invalid Date"),[39m
[31m                  ~~~~~~~~~~~~~~~~~~~~~~~~[39m
[31m         status: "PENDING",[39m
[31m         assignedToId: "cmh93w4d20000t1tggcs12hvi",[39m
[31m         assignedById: "cmcnjxm6s0000t1p8rcay1eoq"[39m
[31m       },[39m
[31m       include: {[39m
[31m         assignedTo: {[39m
[31m           select: {[39m
[31m             id: true,[39m
[31m             fullName: true,[39m
[31m             email: true,[39m
[31m             phone: true,[39m
[31m             role: true,[39m
[31m             isVerified: true,[39m
[31m             avatar: true,[39m
[31m             location: true,[39m
[31m             createdAt: true,[39m
[31m             updatedAt: true,[39m
[31m             lastLogin: true[39m
[31m           }[39m
[31m         },[39m
[31m         assignedBy: {[39m
[31m           select: {[39m
[31m             id: true,[39m
[31m             fullName: true,[39m
[31m             email: true,[39m
[31m             phone: true,[39m
[31m             role: true,[39m
[31m             isVerified: true,[39m
[31m             avatar: true,[39m
[31m             location: true,[39m
[31m             createdAt: true,[39m
[31m             updatedAt: true,[39m
[31m             lastLogin: true[39m
[31m           }[39m
[31m         }[39m
[31m       }[39m
[31m     })[39m

[31mInvalid value for argument `dueDate`: Provided Date object is invalid. Expected Date.[39m
2025-10-27 16:24:28 [32minfo[39m [32mPOST /api/v1/tasks 422 78.086 ms - 1585[39m
[32m[39m
2025-10-27 16:25:04 [32minfo[39m [32mPOST /api/v1/tasks 401 3.241 ms - 64[39m
[32m[39m
2025-10-27 16:25:19 [32minfo[39m [32mPOST /api/v1/auth/login 200 218.351 ms - 543[39m
[32m[39m
2025-10-27 16:25:37 [32minfo[39m [32mPOST /api/v1/tasks 201 25.179 ms - 1097[39m
[32m[39m
2025-10-27 16:25:47 [32minfo[39m [32mPOST /api/v1/tasks 201 20.481 ms - 1097[39m
[32m[39m
2025-10-27 16:26:08 [32minfo[39m [32mPOST /api/v1/tasks 201 16.043 ms - 1091[39m
[32m[39m
2025-10-27 16:26:15 [32minfo[39m [32mPOST /api/v1/tasks 201 19.165 ms - 1091[39m
[32m[39m
2025-10-27 16:26:22 [32minfo[39m [32mPOST /api/v1/tasks 201 14.617 ms - 1091[39m
[32m[39m
2025-10-27 16:27:57 [32minfo[39m [32mPOST /api/v1/auth/vet-login 200 274.938 ms - 560[39m
[32m[39m
2025-10-27 16:30:15 [32minfo[39m [32mGET /api/v1/tasks/assigned/all 401 8.509 ms - 64[39m
[32m[39m
2025-10-27 16:31:01 [32minfo[39m [32mGET /api/v1/tasks/assigned/all 401 10.536 ms - 64[39m
[32m[39m
2025-10-27 16:31:20 [32minfo[39m [32mPOST /api/v1/auth/vet-login 200 322.591 ms - 560[39m
[32m[39m
2025-10-27 16:33:06 [32minfo[39m [32mPOST /api/v1/auth/login 200 436.006 ms - 543[39m
[32m[39m
2025-10-27 16:33:33 [32minfo[39m [32mGET /api/v1/tasks/assigned/all 200 216.220 ms - 5213[39m
[32m[39m
2025-10-29 13:06:29 [32minfo[39m [32mPOST /api/v1/auth/cvet-login 404 6.637 ms - 127[39m
[32m[39m
2025-10-29 13:06:38 [32minfo[39m [32mPOST /api/v1/auth/vet-login 200 1133.110 ms - 560[39m
[32m[39m
2025-10-29 13:07:21 [32minfo[39m [32mPOST /api/v1/auth/vet-login 200 169.523 ms - 560[39m
[32m[39m
2025-10-29 13:08:08 [32minfo[39m [32mGET /api/v1/tasks/assigned/all 403 10.261 ms - 86[39m
[32m[39m
2025-10-29 13:10:05 [31merror[39m [31mTask not found Task not found[39m
2025-10-29 13:10:05 [32minfo[39m [32mGET /api/v1/tasks/cmgupquce000xlx01yhgz539a 404 49.936 ms - 42[39m
[32m[39m
2025-10-29 13:10:34 [31merror[39m [31mTask not found Task not found[39m
2025-10-29 13:10:34 [32minfo[39m [32mGET /api/v1/tasks/cmh93w4d20000t1tggcs12hvi 404 9.937 ms - 42[39m
[32m[39m
2025-10-29 13:11:15 [31merror[39m [31mTask not found Task not found[39m
2025-10-29 13:11:15 [32minfo[39m [32mGET /api/v1/tasks/cmh93w4d20000t1tggcs12hvi 404 186.414 ms - 42[39m
[32m[39m
2025-10-29 13:12:03 [32minfo[39m [32mGET /api/v1/tasks/my-tasks 200 291.614 ms - 3981[39m
[32m[39m
2025-10-29 14:44:29 [31merror[39m [31mUser not found User not found[39m
2025-10-29 14:44:29 [32minfo[39m [32mPOST /api/v1/auth/login 404 224.211 ms - 42[39m
[32m[39m
2025-10-29 14:44:53 [32minfo[39m [32mPOST /api/v1/auth/login 200 202.955 ms - 543[39m
[32m[39m
2025-10-29 14:46:32 [31merror[39m [31mUser not found User not found[39m
2025-10-29 14:46:32 [32minfo[39m [32mPATCH /api/v1/users/profile 404 24.562 ms - 42[39m
[32m[39m
2025-10-29 14:47:06 [31merror[39m [31mUser not found User not found[39m
2025-10-29 14:47:06 [32minfo[39m [32mPATCH /api/v1/users/profile 404 11.958 ms - 42[39m
[32m[39m
2025-10-29 14:47:42 [32minfo[39m [32mPATCH /api/v1/users/update 200 73.163 ms - 375[39m
[32m[39m
2025-10-29 14:58:12 [32minfo[39m [32mPOST /api/v1/auth/login 200 354.437 ms - 562[39m
[32m[39m
2025-10-29 22:45:41 [32minfo[39m [32mPOST /api/v1/auth/login 200 329.682 ms - 574[39m
[32m[39m
2025-10-29 22:52:33 [32minfo[39m [32mPOST /api/v1/auth/login 200 284.028 ms - 555[39m
[32m[39m
2025-10-29 22:55:21 [32minfo[39m [32mPOST /api/v1/auth/login 200 175.582 ms - 555[39m
[32m[39m
2025-10-29 22:57:09 [32minfo[39m [32mPOST /api/v1/auth/register 201 196.111 ms - 65[39m
[32m[39m
2025-10-29 22:57:41 [32minfo[39m [32mPOST /api/v1/auth/login 200 377.049 ms - 573[39m
[32m[39m
2025-10-29 22:59:15 [32minfo[39m [32mPOST /api/v1/auth/login 200 185.343 ms - 587[39m
[32m[39m
2025-10-29 23:00:02 [32minfo[39m [32mGET /api/v1/tasks/my-tasks 200 125.756 ms - 3981[39m
[32m[39m
2025-10-29 23:22:29 [32minfo[39m [32mGET /api/v1/tasks/my-tasks 200 258.029 ms - 4229[39m
[32m[39m
2025-10-29 23:58:17 [32minfo[39m [32mPOST /api/v1/auth/vet-login 200 321.412 ms - 591[39m
[32m[39m
2025-10-29 23:58:19 [32minfo[39m [32mGET /api/v1/tasks/my-tasks 200 87.281 ms - 4229[39m
[32m[39m
2025-10-30 00:00:24 [32minfo[39m [32mGET /api/v1/tasks/my-tasks 304 26.031 ms - -[39m
[32m[39m
2025-10-30 00:06:23 [32minfo[39m [32mPOST /api/v1/auth/vet-login 200 306.593 ms - 591[39m
[32m[39m
2025-10-30 00:06:25 [32minfo[39m [32mGET /api/v1/tasks/my-tasks 304 91.974 ms - -[39m
[32m[39m
2025-10-30 01:00:21 [32minfo[39m [32mPOST /api/v1/auth/vet-login 200 240.327 ms - 591[39m
[32m[39m
2025-10-30 01:00:23 [32minfo[39m [32mGET /api/v1/tasks/my-tasks 304 96.560 ms - -[39m
[32m[39m
2025-10-30 01:05:10 [32minfo[39m [32mGET /api/v1/tasks/my-tasks 304 253.838 ms - -[39m
[32m[39m
2025-10-30 01:05:58 [32minfo[39m [32mPOST /api/v1/auth/vet-login 200 205.437 ms - 591[39m
[32m[39m
2025-10-30 01:06:00 [32minfo[39m [32mGET /api/v1/tasks/my-tasks 304 93.007 ms - -[39m
[32m[39m
2025-10-30 01:07:20 [32minfo[39m [32mGET /api/v1/tasks/my-tasks 304 14.473 ms - -[39m
[32m[39m
2025-10-30 01:07:31 [32minfo[39m [32mGET /api/v1/tasks/my-tasks 304 31.896 ms - -[39m
[32m[39m
2025-10-30 01:07:32 [32minfo[39m [32mGET /api/v1/tasks/my-tasks 304 10.232 ms - -[39m
[32m[39m
2025-10-30 01:07:35 [32minfo[39m [32mGET /api/v1/tasks/my-tasks 304 59.767 ms - -[39m
[32m[39m
2025-10-30 01:07:38 [32minfo[39m [32mGET /api/v1/tasks/my-tasks 304 145.484 ms - -[39m
[32m[39m
2025-10-30 01:07:40 [32minfo[39m [32mGET /api/v1/tasks/my-tasks 304 10.154 ms - -[39m
[32m[39m
2025-10-30 01:07:46 [32minfo[39m [32mGET /api/v1/tasks/my-tasks 304 9.506 ms - -[39m
[32m[39m
2025-10-30 01:07:48 [32minfo[39m [32mGET /api/v1/tasks/my-tasks 304 236.048 ms - -[39m
[32m[39m
2025-10-30 01:07:49 [32minfo[39m [32mGET /api/v1/tasks/my-tasks 304 32.275 ms - -[39m
[32m[39m
2025-10-30 01:07:51 [32minfo[39m [32mGET /api/v1/tasks/my-tasks 304 8.862 ms - -[39m
[32m[39m
2025-10-30 01:08:00 [32minfo[39m [32mGET /api/v1/tasks/my-tasks 304 17.269 ms - -[39m
[32m[39m
2025-10-30 01:08:30 [32minfo[39m [32mGET /api/v1/tasks/my-tasks 304 16.621 ms - -[39m
[32m[39m
2025-10-30 01:08:40 [32minfo[39m [32mGET /api/v1/tasks/my-tasks 304 12.898 ms - -[39m
[32m[39m
2025-10-30 01:08:47 [32minfo[39m [32mGET /api/v1/tasks/my-tasks 304 19.527 ms - -[39m
[32m[39m
2025-10-30 01:08:50 [32minfo[39m [32mGET /api/v1/tasks/my-tasks 304 23.219 ms - -[39m
[32m[39m
2025-10-30 01:08:53 [32minfo[39m [32mGET /api/v1/tasks/my-tasks 304 33.575 ms - -[39m
[32m[39m
2025-10-30 01:09:34 [32minfo[39m [32mGET /api/v1/tasks/my-tasks 304 9.212 ms - -[39m
[32m[39m
2025-10-30 01:10:57 [32minfo[39m [32mGET /api/v1/tasks/my-tasks 304 20.665 ms - -[39m
[32m[39m
2025-10-30 01:11:37 [32minfo[39m [32mPOST /api/v1/auth/vet-login 200 291.783 ms - 591[39m
[32m[39m
2025-10-30 01:11:40 [32minfo[39m [32mGET /api/v1/tasks/my-tasks 200 78.260 ms - 4229[39m
[32m[39m
2025-10-30 01:14:32 [32minfo[39m [32mGET /api/v1/tasks/my-tasks 304 16.358 ms - -[39m
[32m[39m
2025-10-30 01:15:04 [32minfo[39m [32mGET /api/v1/tasks/my-tasks 304 30.111 ms - -[39m
[32m[39m
2025-10-30 01:18:15 [32minfo[39m [32mGET /api/v1/tasks/my-tasks 304 498.049 ms - -[39m
[32m[39m
2025-10-30 01:18:15 [32minfo[39m [32mGET /api/v1/tasks/my-tasks 304 11.482 ms - -[39m
[32m[39m
2025-10-30 01:18:20 [32minfo[39m [32mGET /api/v1/tasks/my-tasks 304 10.141 ms - -[39m
[32m[39m
2025-10-30 01:18:24 [32minfo[39m [32mGET /api/v1/tasks/my-tasks 304 24.976 ms - -[39m
[32m[39m
2025-10-30 01:18:31 [32minfo[39m [32mGET /api/v1/tasks/my-tasks 304 15.468 ms - -[39m
[32m[39m
2025-10-30 01:18:35 [32minfo[39m [32mGET /api/v1/tasks/my-tasks 304 45.515 ms - -[39m
[32m[39m
2025-10-30 01:19:19 [32minfo[39m [32mPOST /api/v1/auth/vet-login 200 120.177 ms - 591[39m
[32m[39m
2025-10-30 01:19:20 [32minfo[39m [32mGET /api/v1/tasks/my-tasks 304 9.378 ms - -[39m
[32m[39m
2025-10-30 01:19:52 [32minfo[39m [32mPOST /api/v1/auth/vet-login 200 112.210 ms - 591[39m
[32m[39m
2025-10-30 01:19:54 [32minfo[39m [32mGET /api/v1/tasks/my-tasks 304 8.091 ms - -[39m
[32m[39m
2025-10-30 01:20:07 [32minfo[39m [32mGET /api/v1/tasks/my-tasks 304 22.543 ms - -[39m
[32m[39m
2025-10-30 01:28:13 [32minfo[39m [32mPOST /api/v1/auth/vet-login 200 284.465 ms - 591[39m
[32m[39m
2025-10-30 01:28:15 [32minfo[39m [32mGET /api/v1/tasks/my-tasks 304 85.170 ms - -[39m
[32m[39m
2025-10-30 01:28:44 [32minfo[39m [32mPOST /api/v1/auth/vet-login 200 112.869 ms - 591[39m
[32m[39m
2025-10-30 01:28:47 [32minfo[39m [32mGET /api/v1/tasks/my-tasks 304 9.912 ms - -[39m
[32m[39m
2025-10-30 01:29:34 [32minfo[39m [32mGET /api/v1/tasks/my-tasks 304 23.963 ms - -[39m
[32m[39m
2025-10-30 01:29:55 [32minfo[39m [32mGET /api/v1/tasks/my-tasks 304 10.688 ms - -[39m
[32m[39m
2025-10-30 01:30:34 [32minfo[39m [32mPOST /api/v1/auth/vet-login 200 116.799 ms - 591[39m
[32m[39m
2025-10-30 01:30:36 [32minfo[39m [32mGET /api/v1/tasks/my-tasks 304 7.899 ms - -[39m
[32m[39m
2025-10-30 01:44:25 [32minfo[39m [32mPOST /api/v1/auth/vet-login 200 224.597 ms - 591[39m
[32m[39m
2025-10-30 01:44:28 [32minfo[39m [32mGET /api/v1/tasks/my-tasks 304 187.439 ms - -[39m
[32m[39m
2025-10-30 01:47:47 [32minfo[39m [32mPOST /api/v1/auth/vet-login 200 107.291 ms - 591[39m
[32m[39m
2025-10-30 01:47:49 [32minfo[39m [32mGET /api/v1/tasks/my-tasks 304 16.241 ms - -[39m
[32m[39m
2025-10-30 01:48:19 [32minfo[39m [32mPOST /api/v1/auth/vet-login 200 109.842 ms - 591[39m
[32m[39m
2025-10-30 01:48:22 [32minfo[39m [32mGET /api/v1/tasks/my-tasks 304 7.772 ms - -[39m
[32m[39m
2025-10-30 01:50:00 [32minfo[39m [32mGET /api/v1/tasks/my-tasks 304 1681.834 ms - -[39m
[32m[39m
2025-10-30 01:50:14 [32minfo[39m [32mGET /api/v1/tasks/my-tasks 304 1330.665 ms - -[39m
[32m[39m
2025-10-30 01:50:24 [32minfo[39m [32mGET /api/v1/tasks/my-tasks 304 1373.887 ms - -[39m
[32m[39m
2025-10-30 01:50:52 [32minfo[39m [32mGET /api/v1/tasks/my-tasks 304 76.583 ms - -[39m
[32m[39m
2025-10-30 01:51:01 [32minfo[39m [32mGET /api/v1/tasks/my-tasks 304 572.294 ms - -[39m
[32m[39m
2025-10-30 01:51:53 [32minfo[39m [32mGET /api/v1/tasks/my-tasks 304 504.358 ms - -[39m
[32m[39m
2025-10-30 01:51:59 [32minfo[39m [32mGET /api/v1/tasks/my-tasks 304 513.401 ms - -[39m
[32m[39m
2025-10-30 01:52:06 [32minfo[39m [32mGET /api/v1/tasks/my-tasks 304 60.641 ms - -[39m
[32m[39m
2025-10-30 01:52:10 [32minfo[39m [32mGET /api/v1/tasks/my-tasks 304 658.694 ms - -[39m
[32m[39m
2025-10-30 01:52:12 [32minfo[39m [32mGET /api/v1/tasks/my-tasks 304 522.416 ms - -[39m
[32m[39m
2025-10-30 01:52:26 [32minfo[39m [32mGET /api/v1/tasks/my-tasks 304 474.835 ms - -[39m
[32m[39m
2025-10-30 01:52:32 [32minfo[39m [32mGET /api/v1/tasks/my-tasks 304 449.994 ms - -[39m
[32m[39m
2025-10-30 01:52:35 [32minfo[39m [32mGET /api/v1/tasks/my-tasks 304 419.119 ms - -[39m
[32m[39m
2025-10-30 01:52:39 [32minfo[39m [32mGET /api/v1/tasks/my-tasks 304 211.882 ms - -[39m
[32m[39m
2025-10-30 01:52:41 [32minfo[39m [32mGET /api/v1/tasks/my-tasks 304 208.860 ms - -[39m
[32m[39m
2025-10-30 01:52:44 [32minfo[39m [32mGET /api/v1/tasks/my-tasks 304 72.154 ms - -[39m
[32m[39m
2025-10-30 01:53:00 [32minfo[39m [32mGET /api/v1/tasks/my-tasks 304 162.046 ms - -[39m
[32m[39m
2025-10-30 01:53:21 [32minfo[39m [32mGET /api/v1/tasks/my-tasks 304 1233.223 ms - -[39m
[32m[39m
2025-10-30 01:59:18 [32minfo[39m [32mPOST /api/v1/auth/vet-login 200 217.104 ms - 591[39m
[32m[39m
2025-10-30 01:59:20 [32minfo[39m [32mGET /api/v1/tasks/my-tasks 304 76.383 ms - -[39m
[32m[39m
2025-10-30 01:59:55 [31merror[39m [31mInvalid credentials Invalid credentials[39m
2025-10-30 01:59:55 [32minfo[39m [32mPOST /api/v1/auth/vet-login 400 181.863 ms - 47[39m
[32m[39m
2025-10-30 02:00:04 [32minfo[39m [32mPOST /api/v1/auth/vet-login 200 103.618 ms - 591[39m
[32m[39m
2025-10-30 02:00:07 [32minfo[39m [32mGET /api/v1/tasks/my-tasks 304 9.435 ms - -[39m
[32m[39m
2025-10-30 02:00:33 [31merror[39m [31mInvalid credentials Invalid credentials[39m
2025-10-30 02:00:33 [32minfo[39m [32mPOST /api/v1/auth/vet-login 400 97.612 ms - 47[39m
[32m[39m
2025-10-30 02:00:41 [32minfo[39m [32mPOST /api/v1/auth/vet-login 200 112.429 ms - 591[39m
[32m[39m
2025-10-30 02:00:43 [32minfo[39m [32mGET /api/v1/tasks/my-tasks 304 7.692 ms - -[39m
[32m[39m
2025-10-30 02:03:02 [32minfo[39m [32mGET /api/v1/livestock?page=1&limit=10 200 32.611 ms - 2541[39m
[32m[39m
2025-10-30 02:12:15 [32minfo[39m [32mGET /api/v1/tasks/my-tasks 304 256.337 ms - -[39m
[32m[39m
2025-10-30 02:17:36 [32minfo[39m [32mPATCH /api/v1/tasks/cmh9ahwws0007t1x8c4csfvfy/status 200 99.025 ms - 1170[39m
[32m[39m
2025-10-30 02:17:41 [32minfo[39m [32mGET /api/v1/tasks/my-tasks 200 79.320 ms - 4233[39m
[32m[39m
2025-10-30 02:17:43 [32minfo[39m [32mGET /api/v1/tasks/my-tasks 304 9.773 ms - -[39m
[32m[39m
2025-10-30 02:23:32 [32minfo[39m [32mGET /api/v1/tasks/my-tasks 304 364.912 ms - -[39m
[32m[39m
2025-11-02 07:18:41 [32minfo[39m [32mPOST /api/v1/auth/login 200 448.373 ms - 574[39m
[32m[39m
2025-11-02 07:19:34 [32minfo[39m [32mPOST /api/v1/auth/login 200 205.066 ms - 584[39m
[32m[39m
2025-11-02 07:20:00 [32minfo[39m [32mPOST /api/v1/auth/vet-login 200 242.448 ms - 588[39m
[32m[39m
2025-11-02 07:22:09 [32minfo[39m [32mGET /api/v1/users/vet/assigned-farms 404 5.043 ms - 136[39m
[32m[39m
2025-11-02 07:24:16 [32minfo[39m [32mGET /api/v1/users/vet/assigned-farms 404 0.915 ms - 136[39m
[32m[39m
2025-11-02 07:24:27 [32minfo[39m [32mGET /api/v1/users/vet/assigned-farms 404 6.655 ms - 136[39m
[32m[39m
2025-11-02 07:24:47 [32minfo[39m [32mGET /api/v1/users/vet/assigned-farms 404 1.101 ms - 136[39m
[32m[39m
2025-11-02 07:25:10 [32minfo[39m [32mGET /api/v1/users/vet/assigned-farms 404 5.360 ms - 136[39m
[32m[39m
2025-11-02 07:27:43 [32minfo[39m [32mGET /api/v1/users/vet/assigned-farms 404 4.670 ms - 136[39m
[32m[39m
2025-11-02 07:28:14 [32minfo[39m [32mGET /api/v1/users/vet/assigned-farms 404 1.490 ms - 136[39m
[32m[39m
2025-11-02 07:29:02 [31merror[39m [31mVet account not found Vet account not found[39m
2025-11-02 07:29:02 [32minfo[39m [32mPOST /api/v1/auth/vet-login 404 188.860 ms - 49[39m
[32m[39m
2025-11-02 07:29:21 [31merror[39m [31mVet account not found Vet account not found[39m
2025-11-02 07:29:21 [32minfo[39m [32mPOST /api/v1/auth/vet-login 404 7.185 ms - 49[39m
[32m[39m
2025-11-02 07:30:56 [32minfo[39m [32mPOST /api/v1/auth/vet-login 200 175.750 ms - 588[39m
[32m[39m
2025-11-02 07:30:58 [32minfo[39m [32mGET /api/v1/tasks/my-tasks 200 216.176 ms - 8887[39m
[32m[39m
2025-11-02 07:31:24 [32minfo[39m [32mGET /api/v1/livestock?page=1&limit=10 200 29.912 ms - 9150[39m
[32m[39m
2025-11-02 07:31:25 [32minfo[39m [32mGET /api/v1/tasks/my-tasks 304 17.250 ms - -[39m
[32m[39m
2025-11-02 07:31:44 [32minfo[39m [32mGET /api/v1/tasks/my-tasks 304 16.174 ms - -[39m
[32m[39m
2025-11-02 07:32:06 [32minfo[39m [32mGET /api/v1/livestock?page=1&limit=10 304 16.374 ms - -[39m
[32m[39m
2025-11-02 07:32:06 [32minfo[39m [32mGET /api/v1/livestock?page=3&limit=10 200 18.527 ms - 8964[39m
[32m[39m
2025-11-02 07:32:09 [32minfo[39m [32mGET /api/v1/tasks/my-tasks 304 12.312 ms - -[39m
[32m[39m
2025-11-02 07:33:05 [32minfo[39m [32mGET /api/v1/users/vet/assigned-farms 404 3.861 ms - 136[39m
[32m[39m
2025-11-02 07:34:27 [32minfo[39m [32mGET /api/v1/users/vet/farms/cmhh9gqno0000t19o3zuesovj 404 1.243 ms - 153[39m
[32m[39m
2025-11-02 07:34:54 [32minfo[39m [32mGET /api/v1/users/vet/farms/cmhh9gqno0000t19o3zuesovj 404 0.612 ms - 153[39m
[32m[39m
2025-11-02 07:34:59 [32minfo[39m [32mGET /api/v1/users/vet/farms/cmhh9gqno0000t19o3zuesovj 404 0.336 ms - 153[39m
[32m[39m
2025-11-02 07:35:00 [32minfo[39m [32mGET /api/v1/users/vet/farms/cmhh9gqno0000t19o3zuesovj 404 0.525 ms - 153[39m
[32m[39m
2025-11-02 07:35:01 [32minfo[39m [32mGET /api/v1/users/vet/farms/cmhh9gqno0000t19o3zuesovj 404 0.353 ms - 153[39m
[32m[39m
2025-11-02 07:35:04 [32minfo[39m [32mPOST /api/v1/users/vet/farms/cmhh9gqno0000t19o3zuesovj 404 0.578 ms - 153[39m
[32m[39m
2025-11-02 07:35:05 [32minfo[39m [32mPOST /api/v1/users/vet/farms/cmhh9gqno0000t19o3zuesovj 404 0.307 ms - 153[39m
[32m[39m
2025-11-02 07:35:08 [32minfo[39m [32mPUT /api/v1/users/vet/farms/cmhh9gqno0000t19o3zuesovj 404 0.577 ms - 153[39m
[32m[39m
2025-11-02 07:35:57 [32minfo[39m [32mGET /api/v1/livestock/vet/farm/cmhh9gqno0000t19o3zuesovj 200 296.903 ms - 16249[39m
[32m[39m
2025-11-02 07:36:13 [32minfo[39m [32mGET /api/v1/livestock/vet/farm/cmhh9gqno0000t19o3zuesovj 200 53.598 ms - 16249[39m
[32m[39m
2025-11-02 07:36:17 [32minfo[39m [32mGET /api/v1/livestock/vet/farm/cmhh9gqno0000t19o3zuesovj 200 27.037 ms - 16249[39m
[32m[39m
2025-11-02 07:38:43 [32minfo[39m [32mGET /api/v1/users/vet/assigned-farms 200 460.407 ms - 1132[39m
[32m[39m
2025-11-02 07:40:10 [32minfo[39m [32mGET /api/v1/livestock?page=1&limit=10 304 23.160 ms - -[39m
[32m[39m
2025-11-02 07:40:12 [32minfo[39m [32mGET /api/v1/livestock?page=5&limit=10 200 16.879 ms - 12201[39m
[32m[39m
2025-11-02 07:40:15 [32minfo[39m [32mGET /api/v1/tasks/my-tasks 304 96.434 ms - -[39m
[32m[39m
2025-11-02 08:05:15 [32minfo[39m [32mGET /api/v1/livestock?page=1&limit=10 304 152.696 ms - -[39m
[32m[39m
2025-11-02 08:05:17 [32minfo[39m [32mGET /api/v1/livestock?page=7&limit=10 200 45.828 ms - 2542[39m
[32m[39m
2025-11-02 08:35:52 [32minfo[39m [32mGET /api/v1/tasks/my-tasks 401 22.447 ms - 64[39m
[32m[39m
2025-11-02 08:37:47 [32minfo[39m [32mPOST /api/v1/auth/vet-login 200 323.579 ms - 588[39m
[32m[39m
2025-11-02 08:37:56 [32minfo[39m [32mGET /api/v1/tasks/my-tasks 200 102.447 ms - 8887[39m
[32m[39m
2025-11-02 08:40:35 [32minfo[39m [32mGET /api/v1/livestock?page=1&limit=10 304 29.946 ms - -[39m
[32m[39m
2025-11-02 08:40:39 [32minfo[39m [32mGET /api/v1/tasks/my-tasks 304 16.296 ms - -[39m
[32m[39m
2025-11-02 08:42:11 [31merror[39m [31mVet account not found Vet account not found[39m
2025-11-02 08:42:11 [32minfo[39m [32mPOST /api/v1/auth/vet-login 404 55.812 ms - 49[39m
[32m[39m
2025-11-02 08:42:35 [31merror[39m [31mInvalid credentials Invalid credentials[39m
2025-11-02 08:42:35 [32minfo[39m [32mPOST /api/v1/auth/vet-login 400 110.108 ms - 47[39m
[32m[39m
2025-11-02 08:42:46 [32minfo[39m [32mPOST /api/v1/auth/vet-login 200 120.516 ms - 588[39m
[32m[39m
2025-11-02 08:42:48 [32minfo[39m [32mGET /api/v1/tasks/my-tasks 304 83.650 ms - -[39m
[32m[39m
2025-11-02 08:42:54 [32minfo[39m [32mGET /api/v1/tasks/my-tasks 304 19.487 ms - -[39m
[32m[39m
2025-11-02 08:42:56 [32minfo[39m [32mGET /api/v1/users/vet/assigned-farms 200 24.112 ms - 1132[39m
[32m[39m
2025-11-02 08:43:27 [32minfo[39m [32mGET /api/v1/users/vet/assigned-farms 304 28.955 ms - -[39m
[32m[39m
2025-11-02 08:48:18 [32minfo[39m [32mPOST /api/v1/auth/vet-login 200 194.227 ms - 588[39m
[32m[39m
2025-11-02 08:48:20 [32minfo[39m [32mGET /api/v1/tasks/my-tasks 304 81.261 ms - -[39m
[32m[39m
2025-11-02 08:48:24 [32minfo[39m [32mGET /api/v1/users/vet/assigned-farms 304 10.483 ms - -[39m
[32m[39m
2025-11-02 08:48:40 [32minfo[39m [32mGET /api/v1/users/vet/assigned-farms 304 9.433 ms - -[39m
[32m[39m
2025-11-02 08:48:42 [32minfo[39m [32mGET /api/v1/users/vet/assigned-farms 304 8.293 ms - -[39m
[32m[39m
2025-11-02 08:49:30 [32minfo[39m [32mGET /api/v1/users/vet/assigned-farms 304 8.847 ms - -[39m
[32m[39m
2025-11-02 08:51:50 [32minfo[39m [32mGET /api/v1/tasks/my-tasks 304 15.649 ms - -[39m
[32m[39m
2025-11-02 08:51:57 [32minfo[39m [32mGET /api/v1/tasks/my-tasks 304 20.357 ms - -[39m
[32m[39m
2025-11-02 08:51:58 [32minfo[39m [32mGET /api/v1/tasks/my-tasks 304 9.048 ms - -[39m
[32m[39m
2025-11-02 08:51:59 [32minfo[39m [32mGET /api/v1/tasks/my-tasks 304 9.327 ms - -[39m
[32m[39m
2025-11-02 08:52:04 [32minfo[39m [32mGET /api/v1/users/vet/assigned-farms 304 8.929 ms - -[39m
[32m[39m
2025-11-02 08:54:04 [32minfo[39m [32mPOST /api/v1/auth/vet-login 200 185.355 ms - 588[39m
[32m[39m
2025-11-02 08:54:07 [32minfo[39m [32mGET /api/v1/tasks/my-tasks 304 127.869 ms - -[39m
[32m[39m
2025-11-02 08:57:54 [32minfo[39m [32mGET /api/v1/tasks/my-tasks 304 18.299 ms - -[39m
[32m[39m
2025-11-02 08:57:54 [32minfo[39m [32mGET /api/v1/tasks/my-tasks 304 125.730 ms - -[39m
[32m[39m
2025-11-02 08:57:55 [32minfo[39m [32mGET /api/v1/users/vet/assigned-farms 304 19.736 ms - -[39m
[32m[39m
2025-11-02 08:57:56 [32minfo[39m [32mGET /api/v1/tasks/my-tasks 304 26.792 ms - -[39m
[32m[39m
2025-11-02 08:57:57 [32minfo[39m [32mGET /api/v1/users/vet/assigned-farms 304 13.398 ms - -[39m
[32m[39m
2025-11-02 08:58:16 [32minfo[39m [32mGET /api/v1/users/vet/assigned-farms 304 9.776 ms - -[39m
[32m[39m
2025-11-02 08:58:17 [32minfo[39m [32mGET /api/v1/tasks/my-tasks 304 13.610 ms - -[39m
[32m[39m
2025-11-02 08:58:20 [32minfo[39m [32mGET /api/v1/tasks/my-tasks 304 10.008 ms - -[39m
[32m[39m
2025-11-02 08:58:20 [32minfo[39m [32mGET /api/v1/users/vet/assigned-farms 304 10.919 ms - -[39m
[32m[39m
2025-11-02 08:58:21 [32minfo[39m [32mGET /api/v1/users/vet/assigned-farms 304 8.821 ms - -[39m
[32m[39m
2025-11-02 08:58:21 [32minfo[39m [32mGET /api/v1/users/vet/assigned-farms 304 11.037 ms - -[39m
[32m[39m
2025-11-02 08:58:22 [32minfo[39m [32mGET /api/v1/tasks/my-tasks 304 11.599 ms - -[39m
[32m[39m
2025-11-02 08:58:22 [32minfo[39m [32mGET /api/v1/tasks/my-tasks 304 39.598 ms - -[39m
[32m[39m
2025-11-02 08:58:39 [32minfo[39m [32mGET /api/v1/tasks/my-tasks 304 11.570 ms - -[39m
[32m[39m
2025-11-02 08:58:42 [32minfo[39m [32mGET /api/v1/tasks/my-tasks 304 10.429 ms - -[39m
[32m[39m
2025-11-02 08:58:44 [32minfo[39m [32mGET /api/v1/tasks/my-tasks 304 11.970 ms - -[39m
[32m[39m
2025-11-02 08:58:48 [32minfo[39m [32mGET /api/v1/users/vet/assigned-farms 304 8.210 ms - -[39m
[32m[39m
2025-11-02 08:58:48 [32minfo[39m [32mGET /api/v1/tasks/my-tasks 304 10.157 ms - -[39m
[32m[39m
2025-11-02 08:58:49 [32minfo[39m [32mGET /api/v1/tasks/my-tasks 304 10.355 ms - -[39m
[32m[39m
2025-11-02 08:58:55 [32minfo[39m [32mGET /api/v1/tasks/my-tasks 304 15.317 ms - -[39m
[32m[39m
2025-11-02 08:58:59 [32minfo[39m [32mGET /api/v1/tasks/my-tasks 304 17.802 ms - -[39m
[32m[39m
2025-11-02 09:27:42 [32minfo[39m [32mGET /api/v1/tasks/my-tasks 304 162.861 ms - -[39m
[32m[39m
2025-11-02 09:27:44 [32minfo[39m [32mGET /api/v1/tasks/my-tasks 304 20.344 ms - -[39m
[32m[39m
2025-11-03 10:51:42 [32minfo[39m [32mPOST /api/v1/auth/vet-login 200 1324.482 ms - 588[39m
[32m[39m
2025-11-03 10:51:45 [32minfo[39m [32mGET /api/v1/tasks/my-tasks 304 105.460 ms - -[39m
[32m[39m
2025-11-03 10:51:56 [32minfo[39m [32mGET /api/v1/users/vet/assigned-farms 304 16.050 ms - -[39m
[32m[39m
2025-11-03 10:52:12 [32minfo[39m [32mGET /api/v1/users/vet/assigned-farms 304 19.920 ms - -[39m
[32m[39m
2025-11-03 10:52:44 [32minfo[39m [32mGET /api/v1/users/vet/assigned-farms 304 19.729 ms - -[39m
[32m[39m
2025-11-03 10:53:54 [32minfo[39m [32mGET /api/v1/users/vet/assigned-farms 304 14.428 ms - -[39m
[32m[39m
2025-11-03 10:54:45 [32minfo[39m [32mGET /api/v1/tasks/my-tasks 304 16.204 ms - -[39m
[32m[39m
2025-11-03 10:54:47 [32minfo[39m [32mGET /api/v1/users/vet/assigned-farms 304 9.911 ms - -[39m
[32m[39m
2025-11-03 10:54:47 [32minfo[39m [32mGET /api/v1/tasks/my-tasks 304 23.994 ms - -[39m
[32m[39m
2025-11-03 10:54:51 [32minfo[39m [32mGET /api/v1/users/vet/assigned-farms 304 45.576 ms - -[39m
[32m[39m
2025-11-03 10:55:16 [32minfo[39m [32mGET /api/v1/users/vet/assigned-farms 304 17.955 ms - -[39m
[32m[39m
2025-11-03 10:56:14 [32minfo[39m [32mGET /api/v1/users/vet/assigned-farms 304 104.512 ms - -[39m
[32m[39m
2025-11-03 10:56:21 [32minfo[39m [32mGET /api/v1/users/vet/assigned-farms 304 11.742 ms - -[39m
[32m[39m
2025-11-03 10:56:32 [32minfo[39m [32mGET /api/v1/users/vet/assigned-farms 304 616.803 ms - -[39m
[32m[39m
2025-11-03 10:56:43 [32minfo[39m [32mGET /api/v1/users/vet/assigned-farms 304 201.732 ms - -[39m
[32m[39m
2025-11-03 10:56:44 [32minfo[39m [32mGET /api/v1/users/vet/assigned-farms 304 19.061 ms - -[39m
[32m[39m
2025-11-03 10:57:14 [32minfo[39m [32mGET /api/v1/users/vet/assigned-farms 304 692.884 ms - -[39m
[32m[39m
2025-11-03 10:57:25 [32minfo[39m [32mGET /api/v1/users/vet/assigned-farms 304 197.249 ms - -[39m
[32m[39m
2025-11-03 10:57:28 [32minfo[39m [32mGET /api/v1/users/vet/assigned-farms 304 28.978 ms - -[39m
[32m[39m
2025-11-03 10:57:31 [32minfo[39m [32mGET /api/v1/users/vet/assigned-farms 304 13.566 ms - -[39m
[32m[39m
2025-11-03 10:57:34 [32minfo[39m [32mGET /api/v1/users/vet/assigned-farms 304 13.023 ms - -[39m
[32m[39m
2025-11-03 10:57:46 [32minfo[39m [32mGET /api/v1/users/vet/assigned-farms 304 13.377 ms - -[39m
[32m[39m
2025-11-03 10:58:05 [32minfo[39m [32mGET /api/v1/users/vet/assigned-farms 304 15.111 ms - -[39m
[32m[39m
2025-11-03 10:58:11 [32minfo[39m [32mGET /api/v1/users/vet/assigned-farms 304 8.114 ms - -[39m
[32m[39m
2025-11-03 10:58:44 [32minfo[39m [32mGET /api/v1/users/vet/assigned-farms 304 23.565 ms - -[39m
[32m[39m
2025-11-03 10:58:47 [32minfo[39m [32mGET /api/v1/users/vet/assigned-farms 304 238.522 ms - -[39m
[32m[39m
2025-11-03 10:58:59 [32minfo[39m [32mGET /api/v1/users/vet/assigned-farms 304 34.975 ms - -[39m
[32m[39m
2025-11-03 11:00:30 [32minfo[39m [32mGET /api/v1/users/vet/assigned-farms 304 12.726 ms - -[39m
[32m[39m
2025-11-03 11:00:40 [32minfo[39m [32mGET /api/v1/users/vet/assigned-farms 304 8.929 ms - -[39m
[32m[39m
2025-11-03 11:06:57 [32minfo[39m [32mPOST /api/v1/auth/vet-login 200 212.843 ms - 588[39m
[32m[39m
2025-11-03 11:06:59 [32minfo[39m [32mGET /api/v1/tasks/my-tasks 304 196.661 ms - -[39m
[32m[39m
2025-11-03 11:07:02 [32minfo[39m [32mGET /api/v1/users/vet/assigned-farms 304 9.508 ms - -[39m
[32m[39m
2025-11-03 11:07:23 [32minfo[39m [32mGET /api/v1/users/vet/assigned-farms 304 49.827 ms - -[39m
[32m[39m
2025-11-03 11:07:49 [32minfo[39m [32mGET /api/v1/users/vet/assigned-farms 304 187.995 ms - -[39m
[32m[39m
2025-11-03 11:09:01 [32minfo[39m [32mPOST /api/v1/auth/vet-login 200 114.867 ms - 588[39m
[32m[39m
2025-11-03 11:09:03 [32minfo[39m [32mGET /api/v1/tasks/my-tasks 304 14.262 ms - -[39m
[32m[39m
2025-11-03 11:09:07 [32minfo[39m [32mGET /api/v1/users/vet/assigned-farms 304 11.580 ms - -[39m
[32m[39m
2025-11-03 11:09:27 [32minfo[39m [32mGET /api/v1/users/vet/assigned-farms 304 15.487 ms - -[39m
[32m[39m
2025-11-03 11:09:30 [32minfo[39m [32mGET /api/v1/users/vet/assigned-farms 304 38.508 ms - -[39m
[32m[39m
2025-11-03 11:09:52 [32minfo[39m [32mGET /api/v1/users/vet/assigned-farms 304 21.900 ms - -[39m
[32m[39m
2025-11-03 11:09:58 [32minfo[39m [32mGET /api/v1/users/vet/assigned-farms 304 48.042 ms - -[39m
[32m[39m
2025-11-03 11:10:01 [32minfo[39m [32mGET /api/v1/users/vet/assigned-farms 304 7.847 ms - -[39m
[32m[39m
2025-11-03 11:10:08 [32minfo[39m [32mGET /api/v1/users/vet/assigned-farms 304 42.673 ms - -[39m
[32m[39m
2025-11-03 11:10:14 [32minfo[39m [32mGET /api/v1/users/vet/assigned-farms 304 94.724 ms - -[39m
[32m[39m
2025-11-03 11:10:20 [32minfo[39m [32mGET /api/v1/users/vet/assigned-farms 304 20.631 ms - -[39m
[32m[39m
2025-11-03 11:11:38 [32minfo[39m [32mPOST /api/v1/auth/vet-login 200 105.986 ms - 588[39m
[32m[39m
2025-11-03 11:11:40 [32minfo[39m [32mGET /api/v1/tasks/my-tasks 304 10.458 ms - -[39m
[32m[39m
2025-11-03 11:11:42 [32minfo[39m [32mGET /api/v1/users/vet/assigned-farms 304 15.771 ms - -[39m
[32m[39m
2025-11-03 11:12:13 [32minfo[39m [32mGET /api/v1/users/vet/assigned-farms 304 122.785 ms - -[39m
[32m[39m
2025-11-03 11:12:18 [32minfo[39m [32mGET /api/v1/users/vet/assigned-farms 304 335.163 ms - -[39m
[32m[39m
2025-11-03 11:12:21 [32minfo[39m [32mGET /api/v1/users/vet/assigned-farms 304 8.075 ms - -[39m
[32m[39m
2025-11-03 11:12:26 [32minfo[39m [32mGET /api/v1/users/vet/assigned-farms 304 8.837 ms - -[39m
[32m[39m
2025-11-03 11:12:29 [32minfo[39m [32mGET /api/v1/users/vet/assigned-farms 304 14.077 ms - -[39m
[32m[39m
2025-11-03 11:13:49 [32minfo[39m [32mGET /api/v1/users/vet/assigned-farms 304 15.713 ms - -[39m
[32m[39m
2025-11-09 14:51:36 [31merror[39m [31mInvalid credentials Invalid credentials[39m
2025-11-09 14:51:36 [32minfo[39m [32mPOST /api/v1/auth/vet-login 400 414.406 ms - 47[39m
[32m[39m
2025-11-09 14:51:52 [31merror[39m [31mInvalid credentials Invalid credentials[39m
2025-11-09 14:51:52 [32minfo[39m [32mPOST /api/v1/auth/vet-login 400 160.742 ms - 47[39m
[32m[39m
2025-11-09 14:52:03 [31merror[39m [31mInvalid credentials Invalid credentials[39m
2025-11-09 14:52:03 [32minfo[39m [32mPOST /api/v1/auth/vet-login 400 255.803 ms - 47[39m
[32m[39m
2025-11-09 14:52:18 [32minfo[39m [32mPOST /api/v1/auth/vet-login 200 148.839 ms - 588[39m
[32m[39m
2025-11-09 14:52:19 [32minfo[39m [32mGET /api/v1/tasks/my-tasks 304 110.549 ms - -[39m
[32m[39m
2025-11-09 14:52:35 [32minfo[39m [32mGET /api/v1/users/vet/assigned-farms 304 21.484 ms - -[39m
[32m[39m
2025-11-09 14:53:15 [31merror[39m [31mInvalid credentials Invalid credentials[39m
2025-11-09 14:53:15 [32minfo[39m [32mPOST /api/v1/auth/vet-login 400 128.467 ms - 47[39m
[32m[39m
2025-11-09 14:53:26 [32minfo[39m [32mPOST /api/v1/auth/vet-login 200 140.603 ms - 588[39m
[32m[39m
2025-11-09 14:53:28 [32minfo[39m [32mGET /api/v1/tasks/my-tasks 304 15.862 ms - -[39m
[32m[39m
2025-11-09 14:54:06 [32minfo[39m [32mGET /api/v1/users/vet/assigned-farms 304 12.617 ms - -[39m
[32m[39m
2025-11-09 14:54:08 [32minfo[39m [32mGET /api/v1/tasks/my-tasks 304 11.666 ms - -[39m
[32m[39m
2025-11-09 14:54:15 [32minfo[39m [32mGET /api/v1/users/vet/assigned-farms 304 8.776 ms - -[39m
[32m[39m
2025-11-09 14:54:16 [32minfo[39m [32mGET /api/v1/tasks/my-tasks 304 10.650 ms - -[39m
[32m[39m
2025-11-09 14:54:16 [32minfo[39m [32mGET /api/v1/users/vet/assigned-farms 304 10.490 ms - -[39m
[32m[39m
2025-11-09 15:08:57 [31merror[39m [31mInvalid credentials Invalid credentials[39m
2025-11-09 15:08:57 [32minfo[39m [32mPOST /api/v1/auth/vet-login 400 323.414 ms - 47[39m
[32m[39m
2025-11-09 15:09:10 [32minfo[39m [32mPOST /api/v1/auth/vet-login 200 167.815 ms - 588[39m
[32m[39m
2025-11-09 15:09:12 [32minfo[39m [32mGET /api/v1/tasks/my-tasks 304 130.264 ms - -[39m
[32m[39m
2025-11-09 15:09:14 [32minfo[39m [32mGET /api/v1/users/vet/assigned-farms 304 18.920 ms - -[39m
[32m[39m
2025-11-09 15:09:55 [32minfo[39m [32mPOST /api/v1/auth/vet-login 200 219.413 ms - 588[39m
[32m[39m
2025-11-09 15:09:56 [32minfo[39m [32mGET /api/v1/tasks/my-tasks 304 17.498 ms - -[39m
[32m[39m
2025-11-09 15:10:06 [32minfo[39m [32mGET /api/v1/users/vet/assigned-farms 304 9.351 ms - -[39m
[32m[39m
2025-11-09 15:10:15 [32minfo[39m [32mGET /api/v1/users/vet/assigned-farms 304 16.148 ms - -[39m
[32m[39m
2025-11-09 15:10:28 [32minfo[39m [32mGET /api/v1/users/vet/assigned-farms 304 17.274 ms - -[39m
[32m[39m
2025-11-09 15:10:33 [32minfo[39m [32mGET /api/v1/users/vet/assigned-farms 304 14.364 ms - -[39m
[32m[39m
2025-11-09 15:10:55 [32minfo[39m [32mGET /api/v1/users/vet/assigned-farms 304 13.296 ms - -[39m
[32m[39m
2025-11-09 15:11:42 [32minfo[39m [32mGET /api/v1/users/vet/assigned-farms 304 16.669 ms - -[39m
[32m[39m
2025-11-09 15:13:16 [32minfo[39m [32mGET /api/v1/users/vet/assigned-farms 304 11.804 ms - -[39m
[32m[39m
2025-11-09 15:13:19 [32minfo[39m [32mGET /api/v1/users/vet/assigned-farms 304 36.066 ms - -[39m
[32m[39m
2025-11-09 15:14:04 [32minfo[39m [32mPOST /api/v1/auth/vet-login 200 168.193 ms - 588[39m
[32m[39m
2025-11-09 15:14:06 [32minfo[39m [32mGET /api/v1/tasks/my-tasks 304 202.483 ms - -[39m
[32m[39m
2025-11-09 15:14:08 [32minfo[39m [32mGET /api/v1/users/vet/assigned-farms 304 13.245 ms - -[39m
[32m[39m
2025-11-09 15:14:23 [32minfo[39m [32mGET /api/v1/users/vet/assigned-farms 304 26.752 ms - -[39m
[32m[39m
2025-11-09 15:14:26 [32minfo[39m [32mGET /api/v1/users/vet/assigned-farms 304 52.529 ms - -[39m
[32m[39m
2025-11-09 15:14:53 [32minfo[39m [32mGET /api/v1/users/vet/assigned-farms 304 26.327 ms - -[39m
[32m[39m
2025-11-09 15:15:18 [32minfo[39m [32mGET /api/v1/users/vet/assigned-farms 304 357.317 ms - -[39m
[32m[39m
2025-11-09 15:15:26 [32minfo[39m [32mGET /api/v1/users/vet/assigned-farms 304 12.718 ms - -[39m
[32m[39m
2025-11-09 15:20:26 [32minfo[39m [32mPOST /api/v1/auth/vet-login 200 263.336 ms - 588[39m
[32m[39m
2025-11-09 15:20:28 [32minfo[39m [32mGET /api/v1/tasks/my-tasks 304 104.753 ms - -[39m
[32m[39m
2025-11-09 15:20:39 [32minfo[39m [32mGET /api/v1/users/vet/assigned-farms 304 13.611 ms - -[39m
[32m[39m
2025-11-09 15:24:42 [32minfo[39m [32mGET /api/v1/users/vet/assigned-farms 304 15.922 ms - -[39m
[32m[39m
2025-11-09 15:25:12 [32minfo[39m [32mGET /api/v1/users/vet/assigned-farms 304 45.754 ms - -[39m
[32m[39m
2025-11-09 15:25:20 [32minfo[39m [32mGET /api/v1/users/vet/assigned-farms 304 99.990 ms - -[39m
[32m[39m
2025-11-09 15:25:22 [32minfo[39m [32mGET /api/v1/users/vet/assigned-farms 304 36.563 ms - -[39m
[32m[39m
2025-11-09 15:25:36 [32minfo[39m [32mGET /api/v1/users/vet/assigned-farms 304 232.930 ms - -[39m
[32m[39m
2025-11-09 15:25:48 [32minfo[39m [32mGET /api/v1/users/vet/assigned-farms 304 15.566 ms - -[39m
[32m[39m
2025-11-09 15:26:09 [32minfo[39m [32mGET /api/v1/users/vet/assigned-farms 304 29.072 ms - -[39m
[32m[39m
2025-11-09 15:26:35 [32minfo[39m [32mGET /api/v1/users/vet/assigned-farms 304 9.413 ms - -[39m
[32m[39m
2025-11-09 15:26:56 [32minfo[39m [32mGET /api/v1/users/vet/assigned-farms 304 10.666 ms - -[39m
[32m[39m
2025-11-09 15:27:02 [32minfo[39m [32mGET /api/v1/users/vet/assigned-farms 304 148.984 ms - -[39m
[32m[39m
2025-11-09 15:27:05 [32minfo[39m [32mGET /api/v1/users/vet/assigned-farms 304 7.818 ms - -[39m
[32m[39m
2025-11-09 15:27:08 [32minfo[39m [32mGET /api/v1/users/vet/assigned-farms 304 13.187 ms - -[39m
[32m[39m
2025-11-09 15:27:35 [32minfo[39m [32mGET /api/v1/users/vet/assigned-farms 304 18.739 ms - -[39m
[32m[39m
2025-11-09 15:27:48 [32minfo[39m [32mGET /api/v1/users/vet/assigned-farms 304 25.761 ms - -[39m
[32m[39m
2025-11-09 15:27:53 [32minfo[39m [32mGET /api/v1/users/vet/assigned-farms 304 13.122 ms - -[39m
[32m[39m
2025-11-09 15:27:58 [32minfo[39m [32mGET /api/v1/users/vet/assigned-farms 304 8.825 ms - -[39m
[32m[39m
2025-11-09 15:28:06 [32minfo[39m [32mGET /api/v1/users/vet/assigned-farms 304 46.132 ms - -[39m
[32m[39m
2025-11-09 15:28:09 [32minfo[39m [32mGET /api/v1/users/vet/assigned-farms 304 28.614 ms - -[39m
[32m[39m
2025-11-09 15:28:26 [32minfo[39m [32mGET /api/v1/users/vet/assigned-farms 304 14.853 ms - -[39m
[32m[39m
2025-11-09 15:28:29 [32minfo[39m [32mGET /api/v1/users/vet/assigned-farms 304 7.589 ms - -[39m
[32m[39m
2025-11-09 15:28:35 [32minfo[39m [32mGET /api/v1/users/vet/assigned-farms 304 7.610 ms - -[39m
[32m[39m
2025-11-09 15:28:50 [32minfo[39m [32mGET /api/v1/users/vet/assigned-farms 304 15.559 ms - -[39m
[32m[39m
2025-11-09 15:28:59 [32minfo[39m [32mGET /api/v1/users/vet/assigned-farms 304 64.732 ms - -[39m
[32m[39m
2025-11-09 15:29:00 [32minfo[39m [32mGET /api/v1/users/vet/assigned-farms 304 13.030 ms - -[39m
[32m[39m
2025-11-09 15:29:48 [32minfo[39m [32mGET /api/v1/users/vet/assigned-farms 304 14.324 ms - -[39m
[32m[39m
2025-11-09 15:30:00 [32minfo[39m [32mGET /api/v1/users/vet/assigned-farms 304 26.826 ms - -[39m
[32m[39m
2025-11-09 15:30:01 [32minfo[39m [32mGET /api/v1/users/vet/assigned-farms 304 123.941 ms - -[39m
[32m[39m
2025-11-09 15:31:22 [32minfo[39m [32mPOST /api/v1/auth/vet-login 200 321.421 ms - 588[39m
[32m[39m
2025-11-09 15:31:22 [32minfo[39m [32mGET /api/v1/tasks/my-tasks 304 94.175 ms - -[39m
[32m[39m
2025-11-09 15:31:25 [32minfo[39m [32mGET /api/v1/users/vet/assigned-farms 304 9.984 ms - -[39m
[32m[39m
2025-11-09 15:31:56 [32minfo[39m [32mGET /api/v1/tasks/my-tasks 304 24.096 ms - -[39m
[32m[39m
2025-11-09 15:31:58 [32minfo[39m [32mGET /api/v1/tasks/my-tasks 304 9.510 ms - -[39m
[32m[39m
2025-11-09 15:32:15 [32minfo[39m [32mGET /api/v1/tasks/my-tasks 304 11.774 ms - -[39m
[32m[39m
2025-11-09 15:32:21 [32minfo[39m [32mGET /api/v1/tasks/my-tasks 304 9.616 ms - -[39m
[32m[39m
2025-11-09 15:32:23 [32minfo[39m [32mGET /api/v1/inventory/records 200 20.450 ms - 133[39m
[32m[39m
2025-11-09 15:32:39 [32minfo[39m [32mGET /api/v1/inventory/records?page=1&limit=10&type=ITEM 200 8.950 ms - 133[39m
[32m[39m
2025-11-09 15:32:39 [32minfo[39m [32mGET /api/v1/inventory/records?page=1&limit=10&type=USE 200 8.213 ms - 133[39m
[32m[39m
2025-11-09 15:32:40 [32minfo[39m [32mGET /api/v1/inventory/records 304 6.811 ms - -[39m
[32m[39m
2025-11-09 15:35:40 [32minfo[39m [32mPOST /api/v1/auth/vet-login 200 139.974 ms - 588[39m
[32m[39m
2025-11-09 15:35:42 [32minfo[39m [32mGET /api/v1/tasks/my-tasks 304 14.334 ms - -[39m
[32m[39m
2025-11-09 15:35:43 [32minfo[39m [32mGET /api/v1/users/vet/assigned-farms 304 10.346 ms - -[39m
[32m[39m
2025-11-09 15:39:37 [32minfo[39m [32mPOST /api/v1/auth/vet-login 200 626.074 ms - 588[39m
[32m[39m
2025-11-09 15:39:54 [32minfo[39m [32mPOST /api/v1/auth/vet-login 200 275.202 ms - 588[39m
[32m[39m
2025-11-09 15:39:58 [32minfo[39m [32mGET /api/v1/tasks/my-tasks 304 118.416 ms - -[39m
[32m[39m
2025-11-09 15:40:04 [32minfo[39m [32mGET /api/v1/users/vet/assigned-farms 304 30.889 ms - -[39m
[32m[39m
2025-11-09 15:40:16 [32minfo[39m [32mGET /api/v1/users/vet/assigned-farms 304 17.367 ms - -[39m
[32m[39m
2025-11-09 15:41:06 [32minfo[39m [32mGET /api/v1/users/vet/assigned-farms 304 352.465 ms - -[39m
[32m[39m
2025-11-09 15:41:08 [32minfo[39m [32mGET /api/v1/users/vet/assigned-farms 304 578.596 ms - -[39m
[32m[39m
2025-11-09 16:04:40 [32minfo[39m [32mGET /api/v1/users/vet/assigned-farms 304 327.956 ms - -[39m
[32m[39m
2025-11-09 16:04:41 [32minfo[39m [32mGET /api/v1/tasks/my-tasks 304 118.649 ms - -[39m
[32m[39m
2025-11-09 16:04:47 [32minfo[39m [32mGET /api/v1/tasks/my-tasks 304 15.432 ms - -[39m
[32m[39m
2025-11-09 16:05:46 [32minfo[39m [32mGET /api/v1/tasks/my-tasks 304 31.219 ms - -[39m
[32m[39m
2025-11-09 16:05:49 [32minfo[39m [32mGET /api/v1/users/vet/assigned-farms 304 20.159 ms - -[39m
[32m[39m
2025-11-09 16:07:17 [32minfo[39m [32mPOST /api/v1/auth/vet-login 200 1487.210 ms - 588[39m
[32m[39m
2025-11-09 16:07:19 [32minfo[39m [32mGET /api/v1/tasks/my-tasks 304 51.720 ms - -[39m
[32m[39m
2025-11-09 16:07:28 [32minfo[39m [32mGET /api/v1/users/vet/assigned-farms 304 43.956 ms - -[39m
[32m[39m
2025-11-09 16:08:48 [32minfo[39m [32mPOST /api/v1/auth/vet-login 200 401.537 ms - 588[39m
[32m[39m
2025-11-09 16:08:50 [32minfo[39m [32mGET /api/v1/tasks/my-tasks 304 36.754 ms - -[39m
[32m[39m
2025-11-09 16:08:56 [32minfo[39m [32mGET /api/v1/users/vet/assigned-farms 304 32.009 ms - -[39m
[32m[39m
2025-11-09 16:18:10 [32minfo[39m [32mPOST /api/v1/auth/vet-login 200 383.858 ms - 588[39m
[32m[39m
2025-11-09 16:18:13 [32minfo[39m [32mGET /api/v1/tasks/my-tasks 304 219.051 ms - -[39m
[32m[39m
2025-11-09 16:18:20 [32minfo[39m [32mGET /api/v1/users/vet/assigned-farms 304 22.069 ms - -[39m
[32m[39m
2025-11-09 16:19:09 [32minfo[39m [32mGET /api/v1/users/vet/assigned-farms 304 26.402 ms - -[39m
[32m[39m
2025-11-09 16:28:49 [32minfo[39m [32mGET /api/v1/users/vet/assigned-farms 304 175.834 ms - -[39m
[32m[39m
2025-11-09 16:28:51 [32minfo[39m [32mGET /api/v1/users/vet/assigned-farms 304 15.650 ms - -[39m
[32m[39m
2025-11-09 16:28:54 [32minfo[39m [32mGET /api/v1/tasks/my-tasks 304 112.831 ms - -[39m
[32m[39m
2025-11-09 16:29:52 [32minfo[39m [32mGET /api/v1/users/vet/assigned-farms 304 32.404 ms - -[39m
[32m[39m
2025-11-09 16:29:53 [32minfo[39m [32mGET /api/v1/tasks/my-tasks 304 40.321 ms - -[39m
[32m[39m
2025-11-09 16:33:39 [32minfo[39m [32mGET /api/v1/users/vet/assigned-farms 304 39.229 ms - -[39m
[32m[39m
2025-11-09 16:44:17 [32minfo[39m [32mPOST /api/v1/auth/vet-login 200 396.809 ms - 588[39m
[32m[39m
2025-11-09 16:45:01 [32minfo[39m [32mGET /api/v1/users/vet/farms/cmhh9gqno0000t19o3zuesovj 200 95.679 ms - 24892[39m
[32m[39m
2025-11-09 16:45:38 [32minfo[39m [32mGET /api/v1/users/vet/farms/cmhh9gqno0000t19o3zuesovj 200 53.908 ms - 24892[39m
[32m[39m
2025-11-09 17:12:32 [32minfo[39m [32mGET /api/v1/users/vet/farms/cmhh9gqno0000t19o3zuesovj 200 416.027 ms - 17889[39m
[32m[39m
2025-11-09 17:31:15 [32minfo[39m [32mGET /api/v1/tasks/my-tasks 401 39.262 ms - 64[39m
[32m[39m
2025-11-09 17:39:33 [32minfo[39m [32mPOST /api/v1/auth/vet-login 200 381.613 ms - 588[39m
[32m[39m
2025-11-09 17:39:35 [32minfo[39m [32mGET /api/v1/tasks/my-tasks 200 94.045 ms - 8887[39m
[32m[39m
2025-11-09 17:39:39 [32minfo[39m [32mGET /api/v1/users/vet/assigned-farms 304 17.925 ms - -[39m
[32m[39m
2025-11-09 17:47:59 [32minfo[39m [32mGET /api/v1/users/vet/farms/cmhh9gqno0000t19o3zuesovj 401 10.331 ms - 64[39m
[32m[39m
2025-11-09 17:48:34 [32minfo[39m [32mPOST /api/v1/auth/vet-login 200 703.984 ms - 588[39m
[32m[39m
2025-11-09 17:48:49 [32minfo[39m [32mGET /api/v1/users/vet/farms/cmhh9gqno0000t19o3zuesovj 200 170.612 ms - 18258[39m
[32m[39m
2025-11-10 12:21:26 [32minfo[39m [32mPOST /api/v1/auth/vet-login 200 463.314 ms - 588[39m
[32m[39m
2025-11-10 12:21:34 [32minfo[39m [32mPOST /api/v1/auth/vet-login 200 152.885 ms - 588[39m
[32m[39m
2025-11-10 12:21:38 [32minfo[39m [32mGET /api/v1/tasks/my-tasks 304 237.049 ms - -[39m
[32m[39m
2025-11-10 12:22:39 [32minfo[39m [32mGET /api/v1/users/vet/assigned-farms 304 31.252 ms - -[39m
[32m[39m
2025-11-10 12:30:14 [32minfo[39m [32mPOST /api/v1/auth/vet-login 200 340.793 ms - 588[39m
[32m[39m
2025-11-10 12:30:15 [32minfo[39m [32mGET /api/v1/tasks/my-tasks 304 103.195 ms - -[39m
[32m[39m
2025-11-10 12:30:20 [32minfo[39m [32mGET /api/v1/users/vet/assigned-farms 304 15.877 ms - -[39m
[32m[39m
2025-11-10 12:30:25 [32minfo[39m [32mGET /api/v1/tasks/my-tasks 304 16.584 ms - -[39m
[32m[39m
2025-11-10 12:41:17 [32minfo[39m [32mGET /api/v1/livestock/counts 200 604.186 ms - 103[39m
[32m[39m
2025-11-10 12:41:35 [32minfo[39m [32mGET /api/v1/livestock/ 200 41.296 ms - 9150[39m
[32m[39m
2025-11-10 14:57:22 [32minfo[39m [32mPOST /api/v1/auth/vet-login 200 1542.758 ms - 588[39m
[32m[39m
2025-11-10 14:58:09 [32minfo[39m [32mGET /api/v1/tasks/assigned/all 403 34.187 ms - 86[39m
[32m[39m
2025-11-10 14:59:59 [32minfo[39m [32mGET /api/v1/tasks/assigned/all 403 541.390 ms - 86[39m
[32m[39m
2025-11-10 15:00:05 [32minfo[39m [32mGET /api/v1/tasks/my-tasks 200 1321.272 ms - 8887[39m
[32m[39m
2025-11-10 15:15:06 [32minfo[39m [32mGET /api/v1/users/vet/farms/cmhh9gqno0000t19o3zuesovj 200 9183.491 ms - 18258[39m
[32m[39m
2025-11-10 15:36:02 [32minfo[39m [32mPOST /api/v1/auth/vet-login 200 331.543 ms - 588[39m
[32m[39m
2025-11-10 15:36:04 [32minfo[39m [32mGET /api/v1/tasks/my-tasks 304 118.309 ms - -[39m
[32m[39m
2025-11-10 15:36:08 [32minfo[39m [32mGET /api/v1/users/vet/assigned-farms 304 18.054 ms - -[39m
[32m[39m
2025-11-10 15:36:19 [32minfo[39m [32mGET /api/v1/users/vet/farms/cmhh9grte0006t19o95ule02l 200 69.060 ms - 1564[39m
[32m[39m
2025-11-10 15:36:21 [32minfo[39m [32mGET /api/v1/livestock 200 24.494 ms - 9150[39m
[32m[39m
2025-11-10 15:36:22 [32minfo[39m [32mGET /api/v1/tasks/my-tasks 304 17.023 ms - -[39m
[32m[39m
2025-11-10 15:56:49 [32minfo[39m [32mGET /api/v1/users/vet/assigned-farms 304 344.795 ms - -[39m
[32m[39m
2025-11-10 15:56:55 [32minfo[39m [32mGET /api/v1/users/vet/farms/cmhh9gqno0000t19o3zuesovj 200 128.269 ms - 18258[39m
[32m[39m
2025-11-10 15:56:57 [32minfo[39m [32mGET /api/v1/livestock 304 27.443 ms - -[39m
[32m[39m
2025-11-10 15:56:57 [32minfo[39m [32mGET /api/v1/tasks/my-tasks 304 101.383 ms - -[39m
[32m[39m
2025-11-10 15:57:30 [32minfo[39m [32mGET /api/v1/users/vet/assigned-farms 304 12.461 ms - -[39m
[32m[39m
2025-11-10 15:57:32 [32minfo[39m [32mGET /api/v1/users/vet/farms/cmhh9grte0006t19o95ule02l 304 72.587 ms - -[39m
[32m[39m
2025-11-10 15:57:33 [32minfo[39m [32mGET /api/v1/livestock 304 22.917 ms - -[39m
[32m[39m
2025-11-10 15:57:34 [32minfo[39m [32mGET /api/v1/tasks/my-tasks 304 12.188 ms - -[39m
[32m[39m
2025-11-10 16:03:45 [32minfo[39m [32mPOST /api/v1/auth/vet-login 200 358.220 ms - 588[39m
[32m[39m
2025-11-10 16:03:48 [32minfo[39m [32mGET /api/v1/tasks/my-tasks 304 105.790 ms - -[39m
[32m[39m
2025-11-10 16:03:53 [32minfo[39m [32mGET /api/v1/users/vet/assigned-farms 304 11.165 ms - -[39m
[32m[39m
2025-11-10 16:03:57 [32minfo[39m [32mGET /api/v1/users/vet/farms/cmhh9gqno0000t19o3zuesovj 304 79.736 ms - -[39m
[32m[39m
2025-11-10 16:03:59 [32minfo[39m [32mGET /api/v1/livestock 304 16.480 ms - -[39m
[32m[39m
2025-11-10 16:04:00 [32minfo[39m [32mGET /api/v1/tasks/my-tasks 304 15.469 ms - -[39m
[32m[39m
2025-11-10 16:04:34 [32minfo[39m [32mGET /api/v1/users/vet/assigned-farms 304 11.167 ms - -[39m
[32m[39m
2025-11-10 16:04:36 [32minfo[39m [32mGET /api/v1/users/vet/farms/cmhh9grte0006t19o95ule02l 304 54.538 ms - -[39m
[32m[39m
2025-11-10 16:04:38 [32minfo[39m [32mGET /api/v1/livestock 304 15.022 ms - -[39m
[32m[39m
2025-11-10 16:04:40 [32minfo[39m [32mGET /api/v1/tasks/my-tasks 304 24.297 ms - -[39m
[32m[39m
2025-11-10 16:05:18 [32minfo[39m [32mGET /api/v1/users/vet/assigned-farms 304 11.886 ms - -[39m
[32m[39m
2025-11-10 16:10:43 [31merror[39m [31mUser not found User not found[39m
2025-11-10 16:10:43 [32minfo[39m [32mPOST /api/v1/auth/login 404 162.609 ms - 42[39m
[32m[39m
2025-11-10 16:11:05 [31merror[39m [31mUser not found User not found[39m
2025-11-10 16:11:05 [32minfo[39m [32mPOST /api/v1/auth/login 404 5.790 ms - 42[39m
[32m[39m
2025-11-10 16:12:37 [32minfo[39m [32mPOST /api/v1/auth/admin-login 404 1.028 ms - 128[39m
[32m[39m
2025-11-10 16:12:45 [32minfo[39m [32mPOST /api/v1/auth/login 200 169.679 ms - 587[39m
[32m[39m
2025-11-10 16:13:34 [32minfo[39m [32mGET /api/v1/livestock/ 200 73.899 ms - 9150[39m
[32m[39m
2025-11-10 16:13:55 [32minfo[39m [32mGET /api/v1/tasks/my-tasks 304 196.602 ms - -[39m
[32m[39m
2025-11-10 16:13:55 [32minfo[39m [32mGET /api/v1/users/vet/assigned-farms 200 18.258 ms - 1132[39m
[32m[39m
2025-11-10 16:14:04 [32minfo[39m [32mGET /api/v1/users/vet/farms/cmhh9gr7s0003t19otkdt11zv 200 76.309 ms - 7245[39m
[32m[39m
2025-11-10 16:14:04 [32minfo[39m [32mGET /api/v1/livestock 304 15.317 ms - -[39m
[32m[39m
2025-11-10 16:14:07 [32minfo[39m [32mGET /api/v1/tasks/my-tasks 304 10.373 ms - -[39m
[32m[39m
2025-11-10 16:14:22 [32minfo[39m [32mGET /api/v1/users/vet/assigned-farms 304 9.995 ms - -[39m
[32m[39m
2025-11-10 16:14:34 [32minfo[39m [32mGET /api/v1/tasks/my-tasks 304 14.989 ms - -[39m
[32m[39m
2025-11-10 16:14:35 [32minfo[39m [32mGET /api/v1/users/vet/assigned-farms 304 8.176 ms - -[39m
[32m[39m
2025-11-10 16:14:38 [32minfo[39m [32mGET /api/v1/users/vet/farms/cmhh9gqno0000t19o3zuesovj 304 60.172 ms - -[39m
[32m[39m
2025-11-10 16:14:40 [32minfo[39m [32mGET /api/v1/livestock 304 14.541 ms - -[39m
[32m[39m
2025-11-10 16:14:41 [32minfo[39m [32mGET /api/v1/tasks/my-tasks 304 10.527 ms - -[39m
[32m[39m
2025-11-10 16:15:42 [32minfo[39m [32mGET /api/v1/users/vet/farms/cmhh9gqno0000t19o3zuesovj 304 536.581 ms - -[39m
[32m[39m
2025-11-10 16:15:43 [32minfo[39m [32mGET /api/v1/livestock 304 101.585 ms - -[39m
[32m[39m
2025-11-10 16:15:45 [32minfo[39m [32mGET /api/v1/tasks/my-tasks 304 512.007 ms - -[39m
[32m[39m
2025-11-10 16:15:47 [32minfo[39m [32mGET /api/v1/users/vet/farms/cmhh9gqno0000t19o3zuesovj 304 158.963 ms - -[39m
[32m[39m
2025-11-10 16:15:47 [32minfo[39m [32mGET /api/v1/livestock 304 24.237 ms - -[39m
[32m[39m
2025-11-10 16:15:49 [32minfo[39m [32mGET /api/v1/tasks/my-tasks 304 126.322 ms - -[39m
[32m[39m
2025-11-10 16:15:50 [32minfo[39m [32mGET /api/v1/users/vet/farms/cmhh9gqno0000t19o3zuesovj 304 656.230 ms - -[39m
[32m[39m
2025-11-10 16:15:52 [32minfo[39m [32mGET /api/v1/livestock 304 134.144 ms - -[39m
[32m[39m
2025-11-10 16:15:53 [32minfo[39m [32mGET /api/v1/tasks/my-tasks 304 22.266 ms - -[39m
[32m[39m
2025-11-10 16:16:55 [32minfo[39m [32mGET /api/v1/users/vet/farms/cmhh9gqno0000t19o3zuesovj 304 718.822 ms - -[39m
[32m[39m
2025-11-10 16:16:57 [32minfo[39m [32mGET /api/v1/livestock 304 15.272 ms - -[39m
[32m[39m
2025-11-10 16:16:57 [32minfo[39m [32mGET /api/v1/tasks/my-tasks 304 100.038 ms - -[39m
[32m[39m
2025-11-10 16:17:30 [32minfo[39m [32mGET /api/v1/users/vet/farms/cmhh9gqno0000t19o3zuesovj 304 2217.103 ms - -[39m
[32m[39m
2025-11-10 16:17:33 [32minfo[39m [32mGET /api/v1/livestock 304 1243.168 ms - -[39m
[32m[39m
2025-11-10 16:17:34 [32minfo[39m [32mGET /api/v1/tasks/my-tasks 304 21.569 ms - -[39m
[32m[39m
2025-11-10 16:21:53 [32minfo[39m [32mPOST /api/v1/auth/vet-login 200 363.120 ms - 588[39m
[32m[39m
2025-11-10 16:21:54 [32minfo[39m [32mGET /api/v1/tasks/my-tasks 304 112.730 ms - -[39m
[32m[39m
2025-11-10 16:22:03 [32minfo[39m [32mGET /api/v1/users/vet/assigned-farms 304 22.982 ms - -[39m
[32m[39m
2025-11-10 16:22:09 [32minfo[39m [32mGET /api/v1/users/vet/farms/cmhh9gqno0000t19o3zuesovj 304 83.203 ms - -[39m
[32m[39m
2025-11-10 16:22:10 [32minfo[39m [32mGET /api/v1/livestock 304 25.104 ms - -[39m
[32m[39m
2025-11-10 16:22:11 [32minfo[39m [32mGET /api/v1/tasks/my-tasks 304 13.842 ms - -[39m
[32m[39m
2025-11-10 16:22:39 [32minfo[39m [32mGET /api/v1/users/vet/farms/cmhh9gqno0000t19o3zuesovj 304 285.628 ms - -[39m
[32m[39m
2025-11-10 16:22:40 [32minfo[39m [32mGET /api/v1/livestock 304 58.799 ms - -[39m
[32m[39m
2025-11-10 16:22:41 [32minfo[39m [32mGET /api/v1/tasks/my-tasks 304 13.377 ms - -[39m
[32m[39m
2025-11-11 12:16:43 [32minfo[39m [32mPOST /api/v1/auth/login 200 1120.781 ms - 574[39m
[32m[39m
2025-11-11 12:16:48 [31merror[39m [31mInvalid credentials Invalid credentials[39m
2025-11-11 12:16:48 [32minfo[39m [32mPOST /api/v1/auth/vet-login 400 212.352 ms - 47[39m
[32m[39m
2025-11-11 12:16:54 [32minfo[39m [32mPOST /api/v1/auth/vet-login 200 180.563 ms - 588[39m
[32m[39m
2025-11-11 12:16:57 [32minfo[39m [32mGET /api/v1/tasks/my-tasks 200 334.951 ms - 8887[39m
[32m[39m
2025-11-11 12:17:44 [32minfo[39m [32mGET /api/v1/users/vet/assigned-farms 200 28.982 ms - 1132[39m
[32m[39m
2025-11-11 12:17:50 [32minfo[39m [32mGET /api/v1/users/vet/farms/cmhh9gqno0000t19o3zuesovj 200 105.151 ms - 18258[39m
[32m[39m
2025-11-11 12:17:54 [32minfo[39m [32mGET /api/v1/livestock 200 15.093 ms - 9150[39m
[32m[39m
2025-11-11 12:17:58 [32minfo[39m [32mGET /api/v1/tasks/my-tasks 304 14.384 ms - -[39m
[32m[39m
2025-11-11 12:18:38 [32minfo[39m [32mGET /api/v1/users/vet/assigned-farms 200 11.252 ms - 1132[39m
[32m[39m
2025-11-11 12:18:39 [32minfo[39m [32mGET /api/v1/tasks/my-tasks 304 13.660 ms - -[39m
[32m[39m
2025-11-11 12:39:01 [32minfo[39m [32mPOST /api/v1/auth/vet-login 200 229.785 ms - 588[39m
[32m[39m
2025-11-11 12:39:03 [32minfo[39m [32mGET /api/v1/tasks/my-tasks 200 99.360 ms - 8887[39m
[32m[39m
2025-11-11 12:39:07 [32minfo[39m [32mGET /api/v1/users/vet/assigned-farms 200 12.510 ms - 1132[39m
[32m[39m
2025-11-11 12:49:03 [32minfo[39m [32mGET /api/v1/tasks/my-tasks 304 202.493 ms - -[39m
[32m[39m
2025-11-11 12:55:48 [32minfo[39m [32mGET /api/v1/users/vet/assigned-farms 304 106.249 ms - -[39m
[32m[39m
2025-11-11 12:55:49 [32minfo[39m [32mGET /api/v1/users/vet/farms/cmhh9gqno0000t19o3zuesovj 304 93.447 ms - -[39m
[32m[39m
2025-11-11 12:55:50 [32minfo[39m [32mGET /api/v1/livestock 304 22.500 ms - -[39m
[32m[39m
2025-11-11 12:55:52 [32minfo[39m [32mGET /api/v1/tasks/my-tasks 200 206.259 ms - 8887[39m
[32m[39m
2025-11-11 13:05:56 [32minfo[39m [32mGET /api/v1/users/vet/assigned-farms 200 107.114 ms - 1132[39m
[32m[39m
2025-11-11 13:05:59 [32minfo[39m [32mGET /api/v1/users/vet/farms/cmhh9gqno0000t19o3zuesovj 200 92.427 ms - 18258[39m
[32m[39m
2025-11-11 13:06:01 [32minfo[39m [32mGET /api/v1/livestock 304 21.350 ms - -[39m
[32m[39m
2025-11-11 13:06:02 [32minfo[39m [32mGET /api/v1/tasks/my-tasks 304 216.028 ms - -[39m
[32m[39m
2025-11-11 13:06:25 [32minfo[39m [32mGET /api/v1/users/vet/assigned-farms 200 13.068 ms - 1132[39m
[32m[39m
2025-11-11 13:06:28 [32minfo[39m [32mGET /api/v1/users/vet/farms/cmhh9gqno0000t19o3zuesovj 304 91.615 ms - -[39m
[32m[39m
2025-11-11 13:06:29 [32minfo[39m [32mGET /api/v1/livestock 304 26.980 ms - -[39m
[32m[39m
2025-11-11 13:06:31 [32minfo[39m [32mGET /api/v1/tasks/my-tasks 304 13.540 ms - -[39m
[32m[39m
2025-11-11 13:08:25 [31merror[39m [31mInvalid credentials Invalid credentials[39m
2025-11-11 13:08:25 [32minfo[39m [32mPOST /api/v1/auth/vet-login 400 157.920 ms - 47[39m
[32m[39m
2025-11-11 13:08:39 [32minfo[39m [32mPOST /api/v1/auth/vet-login 200 140.995 ms - 588[39m
[32m[39m
2025-11-11 13:08:42 [32minfo[39m [32mGET /api/v1/tasks/my-tasks 304 11.554 ms - -[39m
[32m[39m
2025-11-11 13:08:51 [32minfo[39m [32mGET /api/v1/users/vet/assigned-farms 304 10.006 ms - -[39m
[32m[39m
2025-11-11 13:08:55 [32minfo[39m [32mGET /api/v1/users/vet/farms/cmhh9gqno0000t19o3zuesovj 200 60.785 ms - 18258[39m
[32m[39m
2025-11-11 13:08:57 [32minfo[39m [32mGET /api/v1/livestock 304 14.023 ms - -[39m
[32m[39m
2025-11-11 13:08:58 [32minfo[39m [32mGET /api/v1/tasks/my-tasks 304 10.618 ms - -[39m
[32m[39m
2025-11-11 13:09:10 [32minfo[39m [32mGET /api/v1/users/vet/assigned-farms 304 9.549 ms - -[39m
[32m[39m
2025-11-11 13:09:12 [32minfo[39m [32mGET /api/v1/users/vet/farms/cmhh9grte0006t19o95ule02l 200 159.193 ms - 1564[39m
[32m[39m
2025-11-11 13:09:14 [32minfo[39m [32mGET /api/v1/livestock 304 16.982 ms - -[39m
[32m[39m
2025-11-11 13:09:14 [32minfo[39m [32mGET /api/v1/tasks/my-tasks 304 43.233 ms - -[39m
[32m[39m
2025-11-11 13:09:46 [32minfo[39m [32mGET /api/v1/users/vet/assigned-farms 304 9.831 ms - -[39m
[32m[39m
2025-11-11 13:09:48 [32minfo[39m [32mGET /api/v1/users/vet/farms/cmhh9gr7s0003t19otkdt11zv 200 70.737 ms - 7245[39m
[32m[39m
2025-11-11 13:09:50 [32minfo[39m [32mGET /api/v1/livestock 304 14.575 ms - -[39m
[32m[39m
2025-11-11 13:09:51 [32minfo[39m [32mGET /api/v1/tasks/my-tasks 304 18.788 ms - -[39m
[32m[39m
2025-11-11 13:10:41 [32minfo[39m [32mGET /api/v1/users/vet/assigned-farms 200 11.610 ms - 1132[39m
[32m[39m
2025-11-11 13:10:45 [32minfo[39m [32mGET /api/v1/users/vet/farms/cmhh9gqno0000t19o3zuesovj 200 70.198 ms - 18258[39m
[32m[39m
2025-11-11 13:10:46 [32minfo[39m [32mGET /api/v1/livestock 304 14.198 ms - -[39m
[32m[39m
2025-11-11 13:10:46 [32minfo[39m [32mGET /api/v1/tasks/my-tasks 304 10.504 ms - -[39m
[32m[39m
2025-11-11 13:53:46 [32minfo[39m [32mPOST /api/v1/auth/vet-login 200 255.845 ms - 588[39m
[32m[39m
2025-11-11 13:53:49 [32minfo[39m [32mGET /api/v1/tasks/my-tasks 304 118.648 ms - -[39m
[32m[39m
2025-11-11 13:54:53 [32minfo[39m [32mGET /api/v1/users/vet/assigned-farms 200 14.053 ms - 1132[39m
[32m[39m
2025-11-11 13:55:00 [32minfo[39m [32mGET /api/v1/users/vet/farms/cmhh9gqno0000t19o3zuesovj 304 98.643 ms - -[39m
[32m[39m
2025-11-11 13:55:01 [32minfo[39m [32mGET /api/v1/livestock 304 14.710 ms - -[39m
[32m[39m
2025-11-11 13:55:02 [32minfo[39m [32mGET /api/v1/tasks/my-tasks 304 25.381 ms - -[39m
[32m[39m
2025-11-11 13:58:53 [32minfo[39m [32mPOST /api/v1/auth/vet-login 200 357.769 ms - 588[39m
[32m[39m
2025-11-11 14:01:36 [32minfo[39m [32mGET /api/v1/users/vet/assigned-farms 401 6.879 ms - 66[39m
[32m[39m
2025-11-11 14:02:00 [32minfo[39m [32mGET /api/v1/users/vet/assigned-farms 200 17.935 ms - 1132[39m
[32m[39m
2025-11-11 14:02:26 [32minfo[39m [32mGET /api/v1/users/vet/farms/cmhh9gqno0000t19o3zuesovj 200 102.002 ms - 18258[39m
[32m[39m
2025-11-11 14:08:54 [32minfo[39m [32mPOST /api/v1/auth/vet-login 200 350.322 ms - 588[39m
[32m[39m
2025-11-11 14:08:56 [32minfo[39m [32mGET /api/v1/tasks/my-tasks 304 130.247 ms - -[39m
[32m[39m
2025-11-11 14:09:21 [32minfo[39m [32mGET /api/v1/users/vet/assigned-farms 200 13.989 ms - 1132[39m
[32m[39m
2025-11-11 14:09:29 [32minfo[39m [32mGET /api/v1/users/vet/farms/cmhh9gqno0000t19o3zuesovj 304 73.815 ms - -[39m
[32m[39m
2025-11-11 14:09:30 [32minfo[39m [32mGET /api/v1/livestock 304 17.015 ms - -[39m
[32m[39m
2025-11-11 14:09:31 [32minfo[39m [32mGET /api/v1/tasks/my-tasks 304 16.671 ms - -[39m
[32m[39m
2025-11-11 14:12:09 [32minfo[39m [32mPOST /api/v1/auth/vet-login 200 146.617 ms - 588[39m
[32m[39m
2025-11-11 14:12:11 [32minfo[39m [32mGET /api/v1/tasks/my-tasks 304 24.074 ms - -[39m
[32m[39m
2025-11-11 14:12:15 [32minfo[39m [32mGET /api/v1/users/vet/assigned-farms 304 13.861 ms - -[39m
[32m[39m
2025-11-11 14:12:30 [32minfo[39m [32mGET /api/v1/users/vet/farms/cmhh9gqno0000t19o3zuesovj 200 74.366 ms - 18258[39m
[32m[39m
2025-11-11 14:12:30 [32minfo[39m [32mGET /api/v1/livestock 304 14.186 ms - -[39m
[32m[39m
2025-11-11 14:12:32 [32minfo[39m [32mGET /api/v1/tasks/my-tasks 304 11.941 ms - -[39m
[32m[39m
2025-11-11 14:18:19 [32minfo[39m [32mPOST /api/v1/auth/vet-login 200 311.677 ms - 588[39m
[32m[39m
2025-11-11 14:18:23 [32minfo[39m [32mGET /api/v1/tasks/my-tasks 304 95.382 ms - -[39m
[32m[39m
2025-11-11 14:18:44 [32minfo[39m [32mGET /api/v1/users/vet/assigned-farms 304 11.353 ms - -[39m
[32m[39m
2025-11-11 14:18:58 [32minfo[39m [32mGET /api/v1/users/vet/farms/cmhh9gqno0000t19o3zuesovj 304 76.551 ms - -[39m
[32m[39m
2025-11-11 14:18:59 [32minfo[39m [32mGET /api/v1/livestock 304 18.944 ms - -[39m
[32m[39m
2025-11-11 14:19:01 [32minfo[39m [32mGET /api/v1/tasks/my-tasks 304 14.414 ms - -[39m
[32m[39m
2025-11-16 16:54:47 [32minfo[39m [32mPOST /api/v1/auth/vet-login 200 475.474 ms - 588[39m
[32m[39m
2025-11-16 16:54:49 [32minfo[39m [32mGET /api/v1/tasks/my-tasks 304 137.721 ms - -[39m
[32m[39m
2025-11-16 16:55:30 [32minfo[39m [32mGET /api/v1/users/vet/assigned-farms 304 20.992 ms - -[39m
[32m[39m
2025-11-16 16:55:39 [32minfo[39m [32mGET /api/v1/users/vet/farms/cmhh9gqno0000t19o3zuesovj 304 96.884 ms - -[39m
[32m[39m
2025-11-16 16:55:41 [32minfo[39m [32mGET /api/v1/livestock 304 18.730 ms - -[39m
[32m[39m
2025-11-16 16:55:43 [32minfo[39m [32mGET /api/v1/tasks/my-tasks 304 17.118 ms - -[39m
[32m[39m
2025-11-16 16:59:54 [32minfo[39m [32mPOST /api/v1/auth/vet-login 200 294.733 ms - 588[39m
[32m[39m
2025-11-16 16:59:56 [32minfo[39m [32mGET /api/v1/tasks/my-tasks 304 206.137 ms - -[39m
[32m[39m
2025-11-16 17:00:02 [32minfo[39m [32mGET /api/v1/users/vet/assigned-farms 304 16.894 ms - -[39m
[32m[39m
2025-11-16 17:00:07 [32minfo[39m [32mGET /api/v1/users/vet/farms/cmhh9gqno0000t19o3zuesovj 304 84.228 ms - -[39m
[32m[39m
2025-11-16 17:00:09 [32minfo[39m [32mGET /api/v1/livestock 304 24.529 ms - -[39m
[32m[39m
2025-11-16 17:00:11 [32minfo[39m [32mGET /api/v1/tasks/my-tasks 304 18.176 ms - -[39m
[32m[39m
2025-11-16 17:02:43 [32minfo[39m [32mGET /api/v1/users/vet/farms/cmhh9gqno0000t19o3zuesovj 304 240.311 ms - -[39m
[32m[39m
2025-11-16 17:02:44 [32minfo[39m [32mGET /api/v1/livestock 304 48.593 ms - -[39m
[32m[39m
2025-11-16 17:02:46 [32minfo[39m [32mGET /api/v1/tasks/my-tasks 304 26.792 ms - -[39m
[32m[39m
2025-11-16 17:03:16 [32minfo[39m [32mGET /api/v1/users/vet/farms/cmhh9gqno0000t19o3zuesovj 304 111.637 ms - -[39m
[32m[39m
2025-11-16 17:03:18 [32minfo[39m [32mGET /api/v1/livestock 304 13.633 ms - -[39m
[32m[39m
2025-11-16 17:03:20 [32minfo[39m [32mGET /api/v1/tasks/my-tasks 304 17.527 ms - -[39m
[32m[39m
2025-11-16 17:03:41 [32minfo[39m [32mGET /api/v1/users/vet/farms/cmhh9gqno0000t19o3zuesovj 304 3316.444 ms - -[39m
[32m[39m
2025-11-16 17:03:43 [32minfo[39m [32mGET /api/v1/livestock 304 218.373 ms - -[39m
[32m[39m
2025-11-16 17:03:44 [32minfo[39m [32mGET /api/v1/tasks/my-tasks 304 19.751 ms - -[39m
[32m[39m
2025-11-16 17:03:53 [32minfo[39m [32mGET /api/v1/users/vet/farms/cmhh9gqno0000t19o3zuesovj 304 516.889 ms - -[39m
[32m[39m
2025-11-16 17:03:54 [32minfo[39m [32mGET /api/v1/livestock 304 35.034 ms - -[39m
[32m[39m
2025-11-16 17:03:55 [32minfo[39m [32mGET /api/v1/tasks/my-tasks 304 24.993 ms - -[39m
[32m[39m
2025-11-16 17:10:02 [32minfo[39m [32mGET /api/v1/users/vet/farms/cmhh9gqno0000t19o3zuesovj 304 922.160 ms - -[39m
[32m[39m
2025-11-16 17:10:04 [32minfo[39m [32mGET /api/v1/livestock 304 51.387 ms - -[39m
[32m[39m
2025-11-16 17:10:07 [32minfo[39m [32mGET /api/v1/tasks/my-tasks 304 578.706 ms - -[39m
[32m[39m
2025-11-16 17:29:21 [32minfo[39m [32mPOST /api/v1/auth/vet-login 200 310.867 ms - 588[39m
[32m[39m
2025-11-16 17:29:24 [32minfo[39m [32mGET /api/v1/tasks/my-tasks 304 221.098 ms - -[39m
[32m[39m
2025-11-16 17:29:29 [32minfo[39m [32mGET /api/v1/users/vet/assigned-farms 304 22.103 ms - -[39m
[32m[39m
2025-11-16 17:29:38 [32minfo[39m [32mGET /api/v1/users/vet/farms/cmhh9gqno0000t19o3zuesovj 304 74.325 ms - -[39m
[32m[39m
2025-11-16 17:29:39 [32minfo[39m [32mGET /api/v1/livestock 304 17.435 ms - -[39m
[32m[39m
2025-11-16 17:29:41 [32minfo[39m [32mGET /api/v1/tasks/my-tasks 304 16.773 ms - -[39m
[32m[39m
2025-11-16 17:30:35 [32minfo[39m [32mPOST /api/v1/auth/vet-login 200 157.775 ms - 588[39m
[32m[39m
2025-11-16 17:30:36 [32minfo[39m [32mGET /api/v1/tasks/my-tasks 304 13.820 ms - -[39m
[32m[39m
2025-11-16 17:30:49 [32minfo[39m [32mGET /api/v1/users/vet/assigned-farms 304 9.060 ms - -[39m
[32m[39m
2025-11-16 17:31:16 [32minfo[39m [32mGET /api/v1/tasks/my-tasks 304 48.293 ms - -[39m
[32m[39m
2025-11-16 17:39:04 [32minfo[39m [32mGET /api/v1/tasks/my-tasks 304 267.007 ms - -[39m
[32m[39m
2025-11-16 17:54:02 [32minfo[39m [32mPOST /api/v1/auth/vet-login 200 908.144 ms - 588[39m
[32m[39m
2025-11-16 17:54:04 [32minfo[39m [32mGET /api/v1/tasks/my-tasks 304 254.623 ms - -[39m
[32m[39m
2025-11-16 17:54:07 [32minfo[39m [32mGET /api/v1/users/vet/assigned-farms 304 37.649 ms - -[39m
[32m[39m
2025-11-16 17:54:12 [32minfo[39m [32mGET /api/v1/users/vet/assigned-farms 304 19.476 ms - -[39m
[32m[39m
2025-11-16 17:54:15 [32minfo[39m [32mGET /api/v1/users/vet/farms/cmhh9gqno0000t19o3zuesovj 304 184.969 ms - -[39m
[32m[39m
2025-11-16 17:54:16 [32minfo[39m [32mGET /api/v1/livestock 304 109.160 ms - -[39m
[32m[39m
2025-11-16 17:54:18 [32minfo[39m [32mGET /api/v1/tasks/my-tasks 304 31.082 ms - -[39m
[32m[39m
2025-11-16 17:55:12 [32minfo[39m [32mGET /api/v1/users/vet/farms/cmhh9gqno0000t19o3zuesovj 304 116.616 ms - -[39m
[32m[39m
2025-11-16 17:55:12 [32minfo[39m [32mGET /api/v1/livestock 304 19.499 ms - -[39m
[32m[39m
2025-11-16 17:55:14 [32minfo[39m [32mGET /api/v1/tasks/my-tasks 304 16.028 ms - -[39m
[32m[39m
2025-11-16 17:55:36 [32minfo[39m [32mGET /api/v1/users/vet/farms/cmhh9gqno0000t19o3zuesovj 304 84.020 ms - -[39m
[32m[39m
2025-11-16 17:55:38 [32minfo[39m [32mGET /api/v1/livestock 304 20.453 ms - -[39m
[32m[39m
2025-11-16 17:55:39 [32minfo[39m [32mGET /api/v1/tasks/my-tasks 304 11.242 ms - -[39m
[32m[39m
2025-11-16 18:06:05 [32minfo[39m [32mPOST /api/v1/auth/vet-login 200 697.118 ms - 588[39m
[32m[39m
2025-11-16 18:06:07 [32minfo[39m [32mGET /api/v1/tasks/my-tasks 304 159.679 ms - -[39m
[32m[39m
2025-11-16 18:06:14 [32minfo[39m [32mGET /api/v1/users/vet/assigned-farms 304 16.770 ms - -[39m
[32m[39m
2025-11-16 18:06:27 [32minfo[39m [32mGET /api/v1/users/vet/farms/cmhh9grte0006t19o95ule02l 304 81.777 ms - -[39m
[32m[39m
2025-11-16 18:06:29 [32minfo[39m [32mGET /api/v1/livestock 304 21.502 ms - -[39m
[32m[39m
2025-11-16 18:06:31 [32minfo[39m [32mGET /api/v1/tasks/my-tasks 304 16.112 ms - -[39m
[32m[39m
2025-11-16 19:35:27 [32minfo[39m [32mPOST /api/v1/auth/vet-login 200 319.933 ms - 588[39m
[32m[39m
2025-11-16 19:37:31 [32minfo[39m [32mGET /api/v1/livestock/cmhh9gsvj003kt19ozowupath 200 37.366 ms - 959[39m
[32m[39m
2025-11-16 19:41:07 [32minfo[39m [32mGET /api/v1/sicknesssickness/ 404 8.525 ms - 129[39m
[32m[39m
2025-11-16 19:41:24 [32minfo[39m [32mGET /api/v1/sickness/ 200 266.573 ms - 16019[39m
[32m[39m
2025-11-16 19:47:19 [32minfo[39m [32mPOST /api/v1/auth/vet-login 200 205.087 ms - 588[39m
[32m[39m
2025-11-16 19:47:21 [32minfo[39m [32mGET /api/v1/tasks/my-tasks 304 121.703 ms - -[39m
[32m[39m
2025-11-16 19:47:24 [32minfo[39m [32mGET /api/v1/users/vet/assigned-farms 304 14.978 ms - -[39m
[32m[39m
2025-11-16 19:47:31 [32minfo[39m [32mGET /api/v1/users/vet/farms/cmhh9gqno0000t19o3zuesovj 304 107.087 ms - -[39m
[32m[39m
2025-11-16 19:47:32 [32minfo[39m [32mGET /api/v1/livestock 304 17.208 ms - -[39m
[32m[39m
2025-11-16 19:47:34 [32minfo[39m [32mGET /api/v1/tasks/my-tasks 304 13.506 ms - -[39m
[32m[39m
2025-11-16 19:47:57 [32minfo[39m [32mGET /api/v1/users/vet/farms/cmhh9gqno0000t19o3zuesovj 304 71.084 ms - -[39m
[32m[39m
2025-11-16 19:47:57 [32minfo[39m [32mGET /api/v1/livestock 304 13.889 ms - -[39m
[32m[39m
2025-11-16 19:47:59 [32minfo[39m [32mGET /api/v1/tasks/my-tasks 304 18.816 ms - -[39m
[32m[39m
2025-11-16 19:48:45 [32minfo[39m [32mGET /api/v1/users/vet/farms/cmhh9gqno0000t19o3zuesovj 304 58.844 ms - -[39m
[32m[39m
2025-11-16 19:48:47 [32minfo[39m [32mGET /api/v1/livestock 304 18.767 ms - -[39m
[32m[39m
2025-11-16 19:48:47 [32minfo[39m [32mGET /api/v1/tasks/my-tasks 304 15.314 ms - -[39m
[32m[39m
2025-11-16 19:48:51 [32minfo[39m [32mGET /api/v1/users/vet/farms/cmhh9gqno0000t19o3zuesovj 304 61.263 ms - -[39m
[32m[39m
2025-11-16 19:48:51 [32minfo[39m [32mGET /api/v1/livestock 304 13.106 ms - -[39m
[32m[39m
2025-11-16 19:48:53 [32minfo[39m [32mGET /api/v1/tasks/my-tasks 304 8.334 ms - -[39m
[32m[39m
2025-11-16 19:48:56 [32minfo[39m [32mGET /api/v1/users/vet/farms/cmhh9gqno0000t19o3zuesovj 304 64.049 ms - -[39m
[32m[39m
2025-11-16 19:48:56 [32minfo[39m [32mGET /api/v1/livestock 304 15.045 ms - -[39m
[32m[39m
2025-11-16 19:48:57 [32minfo[39m [32mGET /api/v1/tasks/my-tasks 304 8.562 ms - -[39m
[32m[39m
2025-11-16 19:49:02 [32minfo[39m [32mGET /api/v1/users/vet/farms/cmhh9gqno0000t19o3zuesovj 304 104.089 ms - -[39m
[32m[39m
2025-11-16 19:49:02 [32minfo[39m [32mGET /api/v1/livestock 304 14.171 ms - -[39m
[32m[39m
2025-11-16 19:49:04 [32minfo[39m [32mGET /api/v1/tasks/my-tasks 304 10.782 ms - -[39m
[32m[39m
2025-11-16 19:49:06 [32minfo[39m [32mGET /api/v1/users/vet/farms/cmhh9gqno0000t19o3zuesovj 304 53.139 ms - -[39m
[32m[39m
2025-11-16 19:49:06 [32minfo[39m [32mGET /api/v1/livestock 304 13.972 ms - -[39m
[32m[39m
2025-11-16 19:49:07 [32minfo[39m [32mGET /api/v1/tasks/my-tasks 304 9.080 ms - -[39m
[32m[39m
2025-11-16 19:49:12 [32minfo[39m [32mGET /api/v1/users/vet/farms/cmhh9gqno0000t19o3zuesovj 304 52.270 ms - -[39m
[32m[39m
2025-11-16 19:49:14 [32minfo[39m [32mGET /api/v1/livestock 304 14.121 ms - -[39m
[32m[39m
2025-11-16 19:49:15 [32minfo[39m [32mGET /api/v1/tasks/my-tasks 304 10.459 ms - -[39m
[32m[39m
2025-11-16 19:49:26 [32minfo[39m [32mGET /api/v1/users/vet/farms/cmhh9gqno0000t19o3zuesovj 304 54.072 ms - -[39m
[32m[39m
2025-11-16 19:49:27 [32minfo[39m [32mGET /api/v1/livestock 304 12.119 ms - -[39m
[32m[39m
2025-11-16 19:49:28 [32minfo[39m [32mGET /api/v1/tasks/my-tasks 304 12.622 ms - -[39m
[32m[39m
2025-11-16 19:49:33 [32minfo[39m [32mGET /api/v1/users/vet/farms/cmhh9gqno0000t19o3zuesovj 304 51.707 ms - -[39m
[32m[39m
2025-11-16 19:49:34 [32minfo[39m [32mGET /api/v1/livestock 304 13.543 ms - -[39m
[32m[39m
2025-11-16 19:49:34 [32minfo[39m [32mGET /api/v1/tasks/my-tasks 304 11.231 ms - -[39m
[32m[39m
2025-11-16 19:49:38 [32minfo[39m [32mGET /api/v1/users/vet/farms/cmhh9gqno0000t19o3zuesovj 304 52.390 ms - -[39m
[32m[39m
2025-11-16 19:49:39 [32minfo[39m [32mGET /api/v1/livestock 304 21.462 ms - -[39m
[32m[39m
2025-11-16 19:49:39 [32minfo[39m [32mGET /api/v1/tasks/my-tasks 304 8.952 ms - -[39m
[32m[39m
2025-11-16 19:49:41 [32minfo[39m [32mGET /api/v1/users/vet/farms/cmhh9gqno0000t19o3zuesovj 304 54.367 ms - -[39m
[32m[39m
2025-11-16 19:49:41 [32minfo[39m [32mGET /api/v1/livestock 304 12.560 ms - -[39m
[32m[39m
2025-11-16 19:49:42 [32minfo[39m [32mGET /api/v1/tasks/my-tasks 304 10.413 ms - -[39m
[32m[39m
2025-11-16 19:50:10 [32minfo[39m [32mGET /api/v1/users/vet/farms/cmhh9gqno0000t19o3zuesovj 304 64.933 ms - -[39m
[32m[39m
2025-11-16 19:50:11 [32minfo[39m [32mGET /api/v1/livestock 304 13.269 ms - -[39m
[32m[39m
2025-11-16 19:50:12 [32minfo[39m [32mGET /api/v1/tasks/my-tasks 304 11.462 ms - -[39m
[32m[39m
2025-11-16 19:50:16 [32minfo[39m [32mGET /api/v1/users/vet/farms/cmhh9gqno0000t19o3zuesovj 304 61.544 ms - -[39m
[32m[39m
2025-11-16 19:50:17 [32minfo[39m [32mGET /api/v1/livestock 304 12.753 ms - -[39m
[32m[39m
2025-11-16 19:50:18 [32minfo[39m [32mGET /api/v1/tasks/my-tasks 304 8.617 ms - -[39m
[32m[39m
2025-11-16 19:51:15 [32minfo[39m [32mGET /api/v1/users/vet/assigned-farms 304 10.651 ms - -[39m
[32m[39m
2025-11-16 19:51:18 [32minfo[39m [32mGET /api/v1/users/vet/farms/cmhh9grte0006t19o95ule02l 304 53.956 ms - -[39m
[32m[39m
2025-11-16 19:51:18 [32minfo[39m [32mGET /api/v1/livestock 304 22.502 ms - -[39m
[32m[39m
2025-11-16 19:51:19 [32minfo[39m [32mGET /api/v1/tasks/my-tasks 304 9.686 ms - -[39m
[32m[39m
2025-11-16 19:51:31 [32minfo[39m [32mGET /api/v1/users/vet/assigned-farms 304 8.017 ms - -[39m
[32m[39m
2025-11-16 19:52:18 [32minfo[39m [32mGET /api/v1/users/vet/farms/cmhh9gqno0000t19o3zuesovj 304 50.638 ms - -[39m
[32m[39m
2025-11-16 19:52:19 [32minfo[39m [32mGET /api/v1/livestock 304 12.375 ms - -[39m
[32m[39m
2025-11-16 19:52:22 [32minfo[39m [32mGET /api/v1/tasks/my-tasks 304 269.395 ms - -[39m
[32m[39m
2025-11-16 19:52:34 [32minfo[39m [32mGET /api/v1/users/vet/assigned-farms 304 10.545 ms - -[39m
[32m[39m
2025-11-16 19:52:37 [32minfo[39m [32mGET /api/v1/users/vet/farms/cmhh9grte0006t19o95ule02l 304 63.266 ms - -[39m
[32m[39m
2025-11-16 19:52:39 [32minfo[39m [32mGET /api/v1/livestock 304 13.643 ms - -[39m
[32m[39m
2025-11-16 19:52:41 [32minfo[39m [32mGET /api/v1/tasks/my-tasks 304 15.080 ms - -[39m
[32m[39m
2025-11-16 19:52:58 [32minfo[39m [32mGET /api/v1/users/vet/assigned-farms 304 10.476 ms - -[39m
[32m[39m
2025-11-16 19:53:02 [32minfo[39m [32mGET /api/v1/users/vet/farms/cmhh9gr7s0003t19otkdt11zv 304 58.667 ms - -[39m
[32m[39m
2025-11-16 19:53:03 [32minfo[39m [32mGET /api/v1/livestock 304 464.681 ms - -[39m
[32m[39m
2025-11-16 19:53:04 [32minfo[39m [32mGET /api/v1/tasks/my-tasks 304 14.102 ms - -[39m
[32m[39m
2025-11-16 19:53:18 [32minfo[39m [32mGET /api/v1/users/vet/assigned-farms 304 8.447 ms - -[39m
[32m[39m
2025-11-16 19:53:22 [32minfo[39m [32mGET /api/v1/users/vet/farms/cmhh9grte0006t19o95ule02l 304 47.355 ms - -[39m
[32m[39m
2025-11-16 19:53:23 [32minfo[39m [32mGET /api/v1/livestock 304 12.615 ms - -[39m
[32m[39m
2025-11-16 19:53:23 [32minfo[39m [32mGET /api/v1/tasks/my-tasks 304 14.273 ms - -[39m
[32m[39m
2025-11-16 19:54:46 [32minfo[39m [32mGET /api/v1/livestock/counts 200 14.076 ms - 103[39m
[32m[39m
2025-11-16 19:55:07 [32minfo[39m [32mGET /api/v1/livestock/ 200 18.425 ms - 9150[39m
[32m[39m
2025-11-16 20:20:03 [32minfo[39m [32mGET /api/v1/livestock/cmhh9gsvf003gt19olor3ef9q/health-history 200 334.804 ms - 270[39m
[32m[39m
2025-11-16 20:20:51 [32minfo[39m [32mGET /api/v1/livestock/cmhh9gsuz0034t19oyvphda31/health-history 200 33.653 ms - 270[39m
[32m[39m
2025-11-16 20:30:14 [32minfo[39m [32mGET /api/v1/livestock/ 401 257.664 ms - 77[39m
[32m[39m
2025-11-16 20:30:26 [32minfo[39m [32mPOST /api/v1/auth/vet-login 200 215.185 ms - 588[39m
[32m[39m
2025-11-16 20:30:51 [32minfo[39m [32mGET /api/v1/livestock/ 200 71.603 ms - 9167[39m
[32m[39m
2025-11-16 20:42:39 [31merror[39m [31mLivestock not found Livestock not found[39m
2025-11-16 20:42:39 [32minfo[39m [32mGET /api/v1/livestock/cmhh9gsuz0034t19oyvphda31/health-history 404 416.786 ms - 47[39m
[32m[39m
2025-11-16 20:43:00 [32minfo[39m [32mGET /api/v1/livestock/cmi23zrk7003mt1uork7wndqz/health-history 200 184.558 ms - 270[39m
[32m[39m
2025-11-16 20:43:44 [32minfo[39m [32mGET /api/v1/livestock/cmi23zrk5003kt1uo5es24cyz/health-history 200 28.360 ms - 272[39m
[32m[39m
2025-11-16 20:47:13 [32minfo[39m [32mGET /api/v1/livestock/?page=1&limit=20 200 47.336 ms - 18195[39m
[32m[39m
2025-11-16 20:47:50 [32minfo[39m [32mGET /api/v1/livestock/?page=1&limit=60 200 263.820 ms - 62371[39m
[32m[39m
2025-11-16 20:48:27 [32minfo[39m [32mGET /api/v1/livestock/cmi23zrer000ct1uomy9y9z95/health-history 200 226.052 ms - 3240[39m
[32m[39m
2025-11-16 21:00:43 [32minfo[39m [32mPOST /api/v1/auth/vet-login 200 300.738 ms - 588[39m
[32m[39m
2025-11-16 21:00:45 [32minfo[39m [32mGET /api/v1/tasks/my-tasks 200 115.490 ms - 4795[39m
[32m[39m
2025-11-16 21:00:55 [32minfo[39m [32mGET /api/v1/users/vet/assigned-farms 200 29.137 ms - 1132[39m
[32m[39m
2025-11-16 21:01:01 [32minfo[39m [32mGET /api/v1/users/vet/farms/cmi23zqea0000t1uotwyqvezv 200 119.288 ms - 18022[39m
[32m[39m
2025-11-16 21:01:03 [32minfo[39m [32mGET /api/v1/livestock?page=1&limit=10 200 16.217 ms - 9167[39m
[32m[39m
2025-11-16 21:01:03 [32minfo[39m [32mGET /api/v1/tasks/my-tasks?page=1&limit=10 200 15.537 ms - 4795[39m
[32m[39m
2025-11-16 21:01:55 [32minfo[39m [32mGET /api/v1/users/vet/farms/cmi23zqea0000t1uotwyqvezv 304 90.419 ms - -[39m
[32m[39m
2025-11-16 21:01:57 [32minfo[39m [32mGET /api/v1/livestock?page=1&limit=10 304 17.545 ms - -[39m
[32m[39m
2025-11-16 21:01:57 [32minfo[39m [32mGET /api/v1/tasks/my-tasks?page=1&limit=10 304 15.168 ms - -[39m
[32m[39m
2025-11-16 21:02:04 [32minfo[39m [32mGET /api/v1/users/vet/assigned-farms 304 15.589 ms - -[39m
[32m[39m
2025-11-16 21:02:10 [32minfo[39m [32mGET /api/v1/users/vet/farms/cmi23zr4r0006t1uo7yv915n3 200 65.795 ms - 2513[39m
[32m[39m
2025-11-16 21:02:11 [32minfo[39m [32mGET /api/v1/livestock?page=1&limit=10 304 15.216 ms - -[39m
[32m[39m
2025-11-16 21:02:12 [32minfo[39m [32mGET /api/v1/tasks/my-tasks?page=1&limit=10 304 13.238 ms - -[39m
[32m[39m
2025-11-16 21:06:51 [32minfo[39m [32mPOST /api/v1/auth/vet-login 200 253.366 ms - 588[39m
[32m[39m
2025-11-16 21:06:54 [32minfo[39m [32mGET /api/v1/tasks/my-tasks 304 137.064 ms - -[39m
[32m[39m
2025-11-16 21:07:02 [32minfo[39m [32mGET /api/v1/users/vet/assigned-farms 304 9.325 ms - -[39m
[32m[39m
2025-11-16 21:07:06 [32minfo[39m [32mGET /api/v1/users/vet/farms/cmi23zqea0000t1uotwyqvezv 304 98.690 ms - -[39m
[32m[39m
2025-11-16 21:07:08 [32minfo[39m [32mGET /api/v1/livestock 200 16.501 ms - 9167[39m
[32m[39m
2025-11-16 21:07:11 [32minfo[39m [32mGET /api/v1/tasks/my-tasks 304 14.483 ms - -[39m
[32m[39m
2025-11-16 21:09:31 [32minfo[39m [32mGET /api/v1/users/vet/assigned-farms 304 10.077 ms - -[39m
[32m[39m
2025-11-16 21:10:26 [32minfo[39m [32mGET /api/v1/users/vet/farms/cmi23zqea0000t1uotwyqvezv 304 99.015 ms - -[39m
[32m[39m
2025-11-16 21:10:28 [32minfo[39m [32mGET /api/v1/livestock 304 15.728 ms - -[39m
[32m[39m
2025-11-16 21:10:30 [32minfo[39m [32mGET /api/v1/tasks/my-tasks 304 19.530 ms - -[39m
[32m[39m
2025-11-16 21:12:46 [32minfo[39m [32mPOST /api/v1/auth/vet-login 200 244.874 ms - 588[39m
[32m[39m
2025-11-16 21:12:49 [32minfo[39m [32mGET /api/v1/tasks/my-tasks 304 113.018 ms - -[39m
[32m[39m
2025-11-16 21:12:51 [32minfo[39m [32mGET /api/v1/users/vet/assigned-farms 304 10.599 ms - -[39m
[32m[39m
2025-11-16 21:13:05 [32minfo[39m [32mGET /api/v1/users/vet/assigned-farms 304 11.189 ms - -[39m
[32m[39m
2025-11-16 21:13:09 [32minfo[39m [32mGET /api/v1/users/vet/farms/cmi23zqea0000t1uotwyqvezv 304 105.320 ms - -[39m
[32m[39m
2025-11-16 21:13:10 [32minfo[39m [32mGET /api/v1/livestock 304 30.055 ms - -[39m
[32m[39m
2025-11-16 21:13:12 [32minfo[39m [32mGET /api/v1/tasks/my-tasks 304 14.659 ms - -[39m
[32m[39m
2025-11-16 21:19:00 [31merror[39m [31mInvalid credentials Invalid credentials[39m
2025-11-16 21:19:00 [32minfo[39m [32mPOST /api/v1/auth/vet-login 400 442.114 ms - 47[39m
[32m[39m
2025-11-16 21:19:07 [32minfo[39m [32mPOST /api/v1/auth/vet-login 200 129.883 ms - 588[39m
[32m[39m
2025-11-16 21:19:10 [32minfo[39m [32mGET /api/v1/tasks/my-tasks 304 196.547 ms - -[39m
[32m[39m
2025-11-16 21:19:14 [32minfo[39m [32mGET /api/v1/users/vet/assigned-farms 304 17.246 ms - -[39m
[32m[39m
2025-11-16 21:19:28 [32minfo[39m [32mGET /api/v1/users/vet/farms/cmi23zqea0000t1uotwyqvezv 304 97.852 ms - -[39m
[32m[39m
2025-11-16 21:19:30 [32minfo[39m [32mGET /api/v1/livestock 304 16.051 ms - -[39m
[32m[39m
2025-11-16 21:19:32 [32minfo[39m [32mGET /api/v1/tasks/my-tasks 304 22.229 ms - -[39m
[32m[39m
2025-11-16 21:25:58 [32minfo[39m [32mPOST /api/v1/auth/vet-login 200 226.803 ms - 588[39m
[32m[39m
2025-11-16 21:26:00 [32minfo[39m [32mGET /api/v1/tasks/my-tasks 304 103.215 ms - -[39m
[32m[39m
2025-11-16 21:26:07 [32minfo[39m [32mGET /api/v1/users/vet/assigned-farms 304 12.030 ms - -[39m
[32m[39m
2025-11-16 21:26:13 [32minfo[39m [32mGET /api/v1/users/vet/farms/cmi23zqea0000t1uotwyqvezv 304 94.873 ms - -[39m
[32m[39m
2025-11-16 21:26:15 [32minfo[39m [32mGET /api/v1/livestock 304 18.577 ms - -[39m
[32m[39m
2025-11-16 21:26:17 [32minfo[39m [32mGET /api/v1/tasks/my-tasks 304 27.627 ms - -[39m
[32m[39m
2025-11-16 21:26:39 [32minfo[39m [32mGET /api/v1/users/vet/farms/cmi23zqea0000t1uotwyqvezv 304 187.135 ms - -[39m
[32m[39m
2025-11-16 21:26:42 [32minfo[39m [32mGET /api/v1/livestock 304 428.255 ms - -[39m
[32m[39m
2025-11-16 21:26:45 [32minfo[39m [32mGET /api/v1/users/vet/farms/cmi23zqea0000t1uotwyqvezv 304 143.506 ms - -[39m
[32m[39m
2025-11-16 21:26:46 [32minfo[39m [32mGET /api/v1/livestock 304 13.711 ms - -[39m
[32m[39m
2025-11-16 21:26:46 [32minfo[39m [32mGET /api/v1/tasks/my-tasks 304 11.765 ms - -[39m
[32m[39m
2025-11-16 21:27:16 [32minfo[39m [32mGET /api/v1/users/vet/farms/cmi23zqea0000t1uotwyqvezv 304 183.456 ms - -[39m
[32m[39m
2025-11-16 21:27:16 [32minfo[39m [32mGET /api/v1/livestock 304 27.430 ms - -[39m
[32m[39m
2025-11-16 21:27:17 [32minfo[39m [32mGET /api/v1/tasks/my-tasks 304 23.733 ms - -[39m
[32m[39m
2025-11-16 21:27:22 [32minfo[39m [32mGET /api/v1/users/vet/farms/cmi23zqea0000t1uotwyqvezv 304 82.431 ms - -[39m
[32m[39m
2025-11-16 21:27:23 [32minfo[39m [32mGET /api/v1/livestock 304 26.655 ms - -[39m
[32m[39m
2025-11-16 21:27:26 [32minfo[39m [32mGET /api/v1/tasks/my-tasks 304 8.848 ms - -[39m
[32m[39m
2025-11-17 02:55:46 [32minfo[39m [32mGET /api/v1/livestock/cmi23zrer000ct1uomy9y9z95/health-history 401 26.497 ms - 64[39m
[32m[39m
2025-11-17 02:55:51 [32minfo[39m [32mPOST /api/v1/auth/vet-login 200 344.290 ms - 588[39m
[32m[39m
2025-11-17 02:55:54 [32minfo[39m [32mGET /api/v1/tasks/my-tasks 304 147.110 ms - -[39m
[32m[39m
2025-11-17 02:56:03 [32minfo[39m [32mGET /api/v1/users/vet/assigned-farms 304 16.973 ms - -[39m
[32m[39m
2025-11-17 02:56:09 [32minfo[39m [32mGET /api/v1/users/vet/farms/cmi23zqea0000t1uotwyqvezv 304 146.979 ms - -[39m
[32m[39m
2025-11-17 02:56:11 [32minfo[39m [32mGET /api/v1/livestock?page=1&limit=10 304 19.428 ms - -[39m
[32m[39m
2025-11-17 02:56:11 [32minfo[39m [32mGET /api/v1/tasks/my-tasks?page=1&limit=10 304 14.751 ms - -[39m
[32m[39m
2025-11-17 03:04:19 [32minfo[39m [32mPOST /api/v1/auth/vet-login 200 775.742 ms - 588[39m
[32m[39m
2025-11-17 03:04:21 [32minfo[39m [32mGET /api/v1/tasks/my-tasks 304 456.462 ms - -[39m
[32m[39m
2025-11-17 03:04:27 [32minfo[39m [32mGET /api/v1/users/vet/assigned-farms 304 30.537 ms - -[39m
[32m[39m
2025-11-17 03:04:39 [32minfo[39m [32mGET /api/v1/users/vet/farms/cmi23zqea0000t1uotwyqvezv 304 676.607 ms - -[39m
[32m[39m
2025-11-17 03:04:41 [32minfo[39m [32mGET /api/v1/livestock?page=1&limit=10 304 73.724 ms - -[39m
[32m[39m
2025-11-17 03:04:41 [32minfo[39m [32mGET /api/v1/tasks/my-tasks?page=1&limit=10 304 345.721 ms - -[39m
[32m[39m
2025-11-17 03:05:34 [32minfo[39m [32mGET /api/v1/users/vet/farms/cmi23zqea0000t1uotwyqvezv 304 2526.963 ms - -[39m
[32m[39m
2025-11-17 03:05:34 [32minfo[39m [32mGET /api/v1/tasks/my-tasks?page=1&limit=10 304 25.863 ms - -[39m
[32m[39m
2025-11-17 03:05:35 [32minfo[39m [32mGET /api/v1/livestock?page=1&limit=10 304 28.876 ms - -[39m
[32m[39m
2025-11-17 03:06:07 [32minfo[39m [32mGET /api/v1/users/vet/farms/cmi23zqea0000t1uotwyqvezv 304 1279.673 ms - -[39m
[32m[39m
2025-11-17 03:06:08 [32minfo[39m [32mGET /api/v1/livestock?page=1&limit=10 304 284.304 ms - -[39m
[32m[39m
2025-11-17 03:06:08 [32minfo[39m [32mGET /api/v1/tasks/my-tasks?page=1&limit=10 304 109.762 ms - -[39m
[32m[39m
2025-11-17 03:06:13 [32minfo[39m [32mGET /api/v1/users/vet/farms/cmi23zqea0000t1uotwyqvezv 304 2086.845 ms - -[39m
[32m[39m
2025-11-17 03:06:13 [32minfo[39m [32mGET /api/v1/livestock?page=1&limit=10 304 47.674 ms - -[39m
[32m[39m
2025-11-17 03:06:16 [32minfo[39m [32mGET /api/v1/tasks/my-tasks?page=1&limit=10 304 558.386 ms - -[39m
[32m[39m
2025-11-17 03:07:59 [32minfo[39m [32mGET /api/v1/users/vet/farms/cmi23zqea0000t1uotwyqvezv 304 436.070 ms - -[39m
[32m[39m
2025-11-17 03:08:01 [32minfo[39m [32mGET /api/v1/livestock?page=1&limit=10 304 36.431 ms - -[39m
[32m[39m
2025-11-17 03:08:01 [32minfo[39m [32mGET /api/v1/tasks/my-tasks?page=1&limit=10 304 23.894 ms - -[39m
[32m[39m
2025-11-17 03:08:07 [32minfo[39m [32mGET /api/v1/users/vet/farms/cmi23zqea0000t1uotwyqvezv 304 229.340 ms - -[39m
[32m[39m
2025-11-17 03:08:08 [32minfo[39m [32mGET /api/v1/livestock?page=1&limit=10 304 371.775 ms - -[39m
[32m[39m
2025-11-17 03:08:09 [32minfo[39m [32mGET /api/v1/tasks/my-tasks?page=1&limit=10 304 1105.625 ms - -[39m
[32m[39m
2025-11-17 03:08:19 [32minfo[39m [32mGET /api/v1/users/vet/farms/cmi23zqea0000t1uotwyqvezv 200 2180.168 ms - 18022[39m
[32m[39m
2025-11-17 03:08:20 [32minfo[39m [32mGET /api/v1/tasks/my-tasks?page=1&limit=10 304 390.276 ms - -[39m
[32m[39m
2025-11-17 03:08:22 [32minfo[39m [32mGET /api/v1/livestock?page=1&limit=10 304 1118.314 ms - -[39m
[32m[39m
2025-11-17 03:09:33 [32minfo[39m [32mGET /api/v1/users/vet/farms/cmi23zqea0000t1uotwyqvezv 304 2993.082 ms - -[39m
[32m[39m
2025-11-17 03:09:35 [32minfo[39m [32mGET /api/v1/livestock?page=1&limit=10 304 714.462 ms - -[39m
[32m[39m
2025-11-17 03:09:37 [32minfo[39m [32mGET /api/v1/tasks/my-tasks?page=1&limit=10 304 3589.108 ms - -[39m
[32m[39m
2025-11-17 03:10:46 [32minfo[39m [32mGET /api/v1/users/vet/farms/cmi23zqea0000t1uotwyqvezv 304 220.902 ms - -[39m
[32m[39m
2025-11-17 03:10:47 [32minfo[39m [32mGET /api/v1/tasks/my-tasks?page=1&limit=10 304 369.978 ms - -[39m
[32m[39m
2025-11-17 03:10:48 [32minfo[39m [32mGET /api/v1/livestock?page=1&limit=10 304 50.314 ms - -[39m
[32m[39m
2025-11-17 03:10:54 [32minfo[39m [32mGET /api/v1/users/vet/farms/cmi23zqea0000t1uotwyqvezv 304 232.614 ms - -[39m
[32m[39m
2025-11-17 03:10:56 [32minfo[39m [32mGET /api/v1/tasks/my-tasks?page=1&limit=10 304 23.333 ms - -[39m
[32m[39m
2025-11-17 03:10:56 [32minfo[39m [32mGET /api/v1/livestock?page=1&limit=10 304 30.622 ms - -[39m
[32m[39m
2025-11-17 03:11:07 [32minfo[39m [32mGET /api/v1/users/vet/farms/cmi23zqea0000t1uotwyqvezv 304 103.615 ms - -[39m
[32m[39m
2025-11-17 03:11:07 [32minfo[39m [32mGET /api/v1/tasks/my-tasks?page=1&limit=10 304 22.447 ms - -[39m
[32m[39m
2025-11-17 03:11:08 [32minfo[39m [32mGET /api/v1/livestock?page=1&limit=10 304 26.083 ms - -[39m
[32m[39m
2025-11-17 03:12:03 [32minfo[39m [32mGET /api/v1/users/vet/farms/cmi23zqea0000t1uotwyqvezv 304 528.104 ms - -[39m
[32m[39m
2025-11-17 03:12:05 [32minfo[39m [32mGET /api/v1/tasks/my-tasks?page=1&limit=10 304 69.241 ms - -[39m
[32m[39m
2025-11-17 03:12:05 [32minfo[39m [32mGET /api/v1/livestock?page=1&limit=10 304 24.869 ms - -[39m
[32m[39m
2025-11-17 03:13:10 [32minfo[39m [32mGET /api/v1/users/vet/farms/cmi23zqea0000t1uotwyqvezv 304 173.351 ms - -[39m
[32m[39m
2025-11-17 03:13:11 [32minfo[39m [32mGET /api/v1/livestock?page=1&limit=10 304 19.308 ms - -[39m
[32m[39m
2025-11-17 03:13:11 [32minfo[39m [32mGET /api/v1/tasks/my-tasks?page=1&limit=10 304 26.752 ms - -[39m
[32m[39m
2025-11-17 03:13:32 [32minfo[39m [32mGET /api/v1/users/vet/farms/cmi23zqea0000t1uotwyqvezv 304 164.322 ms - -[39m
[32m[39m
2025-11-17 03:13:33 [32minfo[39m [32mGET /api/v1/livestock?page=1&limit=10 304 69.748 ms - -[39m
[32m[39m
2025-11-17 03:13:33 [32minfo[39m [32mGET /api/v1/tasks/my-tasks?page=1&limit=10 304 202.864 ms - -[39m
[32m[39m
2025-11-17 03:14:45 [32minfo[39m [32mGET /api/v1/users/vet/farms/cmi23zqea0000t1uotwyqvezv 304 138.555 ms - -[39m
[32m[39m
2025-11-17 03:14:47 [32minfo[39m [32mGET /api/v1/livestock?page=1&limit=10 304 25.088 ms - -[39m
[32m[39m
2025-11-17 03:14:47 [32minfo[39m [32mGET /api/v1/tasks/my-tasks?page=1&limit=10 304 19.431 ms - -[39m
[32m[39m
2025-11-17 03:15:23 [32minfo[39m [32mGET /api/v1/users/vet/farms/cmi23zqea0000t1uotwyqvezv 304 1281.565 ms - -[39m
[32m[39m
2025-11-17 03:15:25 [32minfo[39m [32mGET /api/v1/livestock?page=1&limit=10 304 799.990 ms - -[39m
[32m[39m
2025-11-17 03:15:26 [32minfo[39m [32mGET /api/v1/tasks/my-tasks?page=1&limit=10 304 1242.978 ms - -[39m
[32m[39m
2025-11-17 03:15:30 [32minfo[39m [32mGET /api/v1/users/vet/farms/cmi23zqea0000t1uotwyqvezv 304 2132.601 ms - -[39m
[32m[39m
2025-11-17 03:15:31 [32minfo[39m [32mGET /api/v1/tasks/my-tasks?page=1&limit=10 304 87.428 ms - -[39m
[32m[39m
2025-11-17 03:15:32 [32minfo[39m [32mGET /api/v1/livestock?page=1&limit=10 304 492.835 ms - -[39m
[32m[39m
2025-11-17 03:17:30 [32minfo[39m [32mGET /api/v1/users/vet/farms/cmi23zqea0000t1uotwyqvezv 304 229.247 ms - -[39m
[32m[39m
2025-11-17 03:17:32 [32minfo[39m [32mGET /api/v1/tasks/my-tasks?page=1&limit=10 304 366.371 ms - -[39m
[32m[39m
2025-11-17 03:17:32 [32minfo[39m [32mGET /api/v1/livestock?page=1&limit=10 304 718.800 ms - -[39m
[32m[39m
2025-11-17 03:18:06 [32minfo[39m [32mGET /api/v1/users/vet/farms/cmi23zqea0000t1uotwyqvezv 304 968.974 ms - -[39m
[32m[39m
2025-11-17 03:18:07 [32minfo[39m [32mGET /api/v1/tasks/my-tasks?page=1&limit=10 304 50.869 ms - -[39m
[32m[39m
2025-11-17 03:18:07 [32minfo[39m [32mGET /api/v1/livestock?page=1&limit=0 200 60.661 ms - 143[39m
[32m[39m
2025-11-17 03:19:04 [32minfo[39m [32mGET /api/v1/users/vet/farms/cmi23zqea0000t1uotwyqvezv 304 219.087 ms - -[39m
[32m[39m
2025-11-17 03:19:05 [32minfo[39m [32mGET /api/v1/livestock?page=1&limit=60 200 49.060 ms - 62371[39m
[32m[39m
2025-11-17 03:19:06 [32minfo[39m [32mGET /api/v1/tasks/my-tasks?page=1&limit=10 304 137.967 ms - -[39m
[32m[39m
2025-11-17 03:20:52 [32minfo[39m [32mGET /api/v1/users/vet/farms/cmi23zqea0000t1uotwyqvezv 304 245.405 ms - -[39m
[32m[39m
2025-11-17 03:20:52 [32minfo[39m [32mGET /api/v1/tasks/my-tasks?page=1&limit=10 304 14.775 ms - -[39m
[32m[39m
2025-11-17 03:20:53 [32minfo[39m [32mGET /api/v1/livestock?page=1&limit=60 304 300.562 ms - -[39m
[32m[39m
2025-11-17 03:21:07 [32minfo[39m [32mGET /api/v1/users/vet/farms/cmi23zqea0000t1uotwyqvezv 304 421.173 ms - -[39m
[32m[39m
2025-11-17 03:21:07 [32minfo[39m [32mGET /api/v1/tasks/my-tasks?page=1&limit=10 304 107.006 ms - -[39m
[32m[39m
2025-11-17 03:21:08 [32minfo[39m [32mGET /api/v1/livestock?page=1&limit=60 304 55.279 ms - -[39m
[32m[39m
2025-11-17 03:21:17 [32minfo[39m [32mGET /api/v1/users/vet/farms/cmi23zqea0000t1uotwyqvezv 304 1780.896 ms - -[39m
[32m[39m
2025-11-17 03:21:18 [32minfo[39m [32mGET /api/v1/tasks/my-tasks?page=1&limit=10 304 27.838 ms - -[39m
[32m[39m
2025-11-17 03:21:18 [32minfo[39m [32mGET /api/v1/livestock?page=1&limit=60 304 115.485 ms - -[39m
[32m[39m
2025-11-17 03:21:20 [32minfo[39m [32mGET /api/v1/users/vet/farms/cmi23zqea0000t1uotwyqvezv 304 145.983 ms - -[39m
[32m[39m
2025-11-17 03:21:23 [32minfo[39m [32mGET /api/v1/tasks/my-tasks?page=1&limit=10 304 422.370 ms - -[39m
[32m[39m
2025-11-17 03:21:23 [32minfo[39m [32mGET /api/v1/livestock?page=1&limit=60 304 546.617 ms - -[39m
[32m[39m
2025-11-17 03:21:29 [32minfo[39m [32mGET /api/v1/users/vet/farms/cmi23zqea0000t1uotwyqvezv 304 1648.230 ms - -[39m
[32m[39m
2025-11-17 03:21:30 [32minfo[39m [32mGET /api/v1/tasks/my-tasks?page=1&limit=10 304 185.512 ms - -[39m
[32m[39m
2025-11-17 03:21:30 [32minfo[39m [32mGET /api/v1/livestock?page=1&limit=60 304 635.961 ms - -[39m
[32m[39m
2025-11-17 03:21:35 [32minfo[39m [32mGET /api/v1/users/vet/farms/cmi23zqea0000t1uotwyqvezv 304 933.233 ms - -[39m
[32m[39m
2025-11-17 03:21:35 [32minfo[39m [32mGET /api/v1/tasks/my-tasks?page=1&limit=10 304 67.809 ms - -[39m
[32m[39m
2025-11-17 03:21:35 [32minfo[39m [32mGET /api/v1/livestock?page=1&limit=60 304 134.459 ms - -[39m
[32m[39m
2025-11-17 03:22:27 [32minfo[39m [32mGET /api/v1/users/vet/farms/cmi23zqea0000t1uotwyqvezv 304 402.267 ms - -[39m
[32m[39m
2025-11-17 03:22:27 [32minfo[39m [32mGET /api/v1/livestock?page=1&limit=60 304 84.266 ms - -[39m
[32m[39m
2025-11-17 03:22:28 [32minfo[39m [32mGET /api/v1/tasks/my-tasks?page=1&limit=10 304 86.747 ms - -[39m
[32m[39m
2025-11-17 03:22:51 [32minfo[39m [32mGET /api/v1/users/vet/farms/cmi23zqea0000t1uotwyqvezv 304 1393.463 ms - -[39m
[32m[39m
2025-11-17 03:22:52 [32minfo[39m [32mGET /api/v1/livestock?page=1&limit=60 304 495.966 ms - -[39m
[32m[39m
2025-11-17 03:22:53 [32minfo[39m [32mGET /api/v1/tasks/my-tasks?page=1&limit=10 304 517.536 ms - -[39m
[32m[39m
2025-11-17 03:24:39 [32minfo[39m [32mGET /api/v1/users/vet/farms/cmi23zqea0000t1uotwyqvezv 304 1367.490 ms - -[39m
[32m[39m
2025-11-17 03:24:41 [32minfo[39m [32mGET /api/v1/livestock?page=1&limit=60 304 239.427 ms - -[39m
[32m[39m
2025-11-17 03:24:41 [32minfo[39m [32mGET /api/v1/tasks/my-tasks?page=1&limit=10 304 566.963 ms - -[39m
[32m[39m
2025-11-17 03:24:46 [32minfo[39m [32mGET /api/v1/users/vet/farms/cmi23zqea0000t1uotwyqvezv 304 2036.011 ms - -[39m
[32m[39m
2025-11-17 03:24:48 [32minfo[39m [32mGET /api/v1/livestock?page=1&limit=60 304 143.863 ms - -[39m
[32m[39m
2025-11-17 03:24:48 [32minfo[39m [32mGET /api/v1/tasks/my-tasks?page=1&limit=10 304 72.778 ms - -[39m
[32m[39m
2025-11-17 03:25:06 [32minfo[39m [32mGET /api/v1/users/vet/farms/cmi23zqea0000t1uotwyqvezv 304 647.287 ms - -[39m
[32m[39m
2025-11-17 03:25:06 [32minfo[39m [32mGET /api/v1/tasks/my-tasks?page=1&limit=10 304 24.116 ms - -[39m
[32m[39m
2025-11-17 03:25:07 [32minfo[39m [32mGET /api/v1/livestock?page=1&limit=60 304 41.780 ms - -[39m
[32m[39m
2025-11-17 03:36:42 [32minfo[39m [32mPOST /api/v1/auth/vet-login 200 386.671 ms - 588[39m
[32m[39m
2025-11-17 03:36:44 [32minfo[39m [32mGET /api/v1/tasks/my-tasks 304 131.147 ms - -[39m
[32m[39m
2025-11-17 03:36:48 [32minfo[39m [32mGET /api/v1/users/vet/assigned-farms 304 26.492 ms - -[39m
[32m[39m
2025-11-17 03:36:52 [32minfo[39m [32mGET /api/v1/users/vet/farms/cmi23zqea0000t1uotwyqvezv 304 126.303 ms - -[39m
[32m[39m
2025-11-17 03:36:54 [32minfo[39m [32mGET /api/v1/livestock?page=1&limit=60 304 36.354 ms - -[39m
[32m[39m
2025-11-17 03:36:54 [32minfo[39m [32mGET /api/v1/tasks/my-tasks?page=1&limit=10 304 20.305 ms - -[39m
[32m[39m
2025-11-17 03:43:26 [32minfo[39m [32mGET /api/v1/users/vet/farms/cmi23zqea0000t1uotwyqvezv 304 3123.422 ms - -[39m
[32m[39m
2025-11-17 03:43:28 [32minfo[39m [32mGET /api/v1/livestock?page=1&limit=60 304 124.746 ms - -[39m
[32m[39m
2025-11-17 03:43:28 [32minfo[39m [32mGET /api/v1/tasks/my-tasks?page=1&limit=10 304 161.872 ms - -[39m
[32m[39m
2025-11-17 03:46:46 [32minfo[39m [32mPOST /api/v1/auth/vet-login 200 298.147 ms - 588[39m
[32m[39m
2025-11-17 03:46:48 [32minfo[39m [32mGET /api/v1/tasks/my-tasks 304 28.505 ms - -[39m
[32m[39m
2025-11-17 03:46:53 [32minfo[39m [32mGET /api/v1/users/vet/assigned-farms 304 37.299 ms - -[39m
[32m[39m
2025-11-17 03:46:59 [32minfo[39m [32mGET /api/v1/tasks/my-tasks 304 16.422 ms - -[39m
[32m[39m
2025-11-17 03:47:01 [32minfo[39m [32mGET /api/v1/users/vet/assigned-farms 304 36.178 ms - -[39m
[32m[39m
2025-11-17 03:47:03 [32minfo[39m [32mGET /api/v1/tasks/my-tasks 304 24.123 ms - -[39m
[32m[39m
2025-11-17 03:47:15 [32minfo[39m [32mGET /api/v1/tasks/my-tasks 304 75.028 ms - -[39m
[32m[39m
2025-11-17 03:47:25 [32minfo[39m [32mGET /api/v1/users/vet/assigned-farms 304 13.963 ms - -[39m
[32m[39m
2025-11-17 03:47:30 [32minfo[39m [32mGET /api/v1/users/vet/farms/cmi23zqea0000t1uotwyqvezv 304 191.587 ms - -[39m
[32m[39m
2025-11-17 03:47:32 [32minfo[39m [32mGET /api/v1/livestock?page=1&limit=60 304 50.163 ms - -[39m
[32m[39m
2025-11-17 03:47:32 [32minfo[39m [32mGET /api/v1/tasks/my-tasks?page=1&limit=10 304 23.469 ms - -[39m
[32m[39m
2025-11-17 03:51:02 [32minfo[39m [32mGET /api/v1/users/vet/assigned-farms 304 141.336 ms - -[39m
[32m[39m
2025-11-17 03:51:05 [32minfo[39m [32mGET /api/v1/users/vet/farms/cmi23zr4r0006t1uo7yv915n3 304 135.088 ms - -[39m
[32m[39m
2025-11-17 03:51:06 [32minfo[39m [32mGET /api/v1/livestock?page=1&limit=60 304 50.366 ms - -[39m
[32m[39m
2025-11-17 03:51:07 [32minfo[39m [32mGET /api/v1/tasks/my-tasks?page=1&limit=10 304 147.418 ms - -[39m
[32m[39m
2025-11-17 03:51:26 [32minfo[39m [32mGET /api/v1/users/vet/assigned-farms 304 22.370 ms - -[39m
[32m[39m
2025-11-17 03:51:29 [32minfo[39m [32mGET /api/v1/users/vet/farms/cmi23zqnw0003t1uoq92wp7sc 200 121.444 ms - 12315[39m
[32m[39m
2025-11-17 03:51:30 [32minfo[39m [32mGET /api/v1/livestock?page=1&limit=60 304 47.857 ms - -[39m
[32m[39m
2025-11-17 03:51:31 [32minfo[39m [32mGET /api/v1/tasks/my-tasks?page=1&limit=10 304 47.644 ms - -[39m
[32m[39m
2025-11-17 03:52:42 [32minfo[39m [32mGET /api/v1/users/vet/farms/cmi23zqnw0003t1uoq92wp7sc 304 105.328 ms - -[39m
[32m[39m
2025-11-17 03:52:44 [32minfo[39m [32mGET /api/v1/tasks/my-tasks?page=1&limit=10 304 18.700 ms - -[39m
[32m[39m
2025-11-17 03:52:44 [32minfo[39m [32mGET /api/v1/livestock?page=1&limit=60 304 68.637 ms - -[39m
[32m[39m
2025-11-17 03:53:17 [32minfo[39m [32mGET /api/v1/users/vet/farms/cmi23zqnw0003t1uoq92wp7sc 304 101.424 ms - -[39m
[32m[39m
2025-11-17 03:53:18 [32minfo[39m [32mGET /api/v1/livestock?page=1&limit=60 304 38.063 ms - -[39m
[32m[39m
2025-11-17 03:53:19 [32minfo[39m [32mGET /api/v1/tasks/my-tasks?page=1&limit=10 304 13.526 ms - -[39m
[32m[39m
2025-11-17 04:16:58 [32minfo[39m [32mGET /api/v1/users/vet/farms/cmi23zqnw0003t1uoq92wp7sc 304 470.974 ms - -[39m
[32m[39m
2025-11-17 04:17:00 [32minfo[39m [32mGET /api/v1/livestock?page=1&limit=60 304 143.604 ms - -[39m
[32m[39m
2025-11-17 04:17:00 [32minfo[39m [32mGET /api/v1/tasks/my-tasks?page=1&limit=10 304 534.135 ms - -[39m
[32m[39m
2025-11-17 04:17:34 [32minfo[39m [32mGET /api/v1/users/vet/farms/cmi23zqnw0003t1uoq92wp7sc 304 109.954 ms - -[39m
[32m[39m
2025-11-17 04:17:36 [32minfo[39m [32mGET /api/v1/tasks/my-tasks?page=1&limit=10 304 15.675 ms - -[39m
[32m[39m
2025-11-17 04:17:36 [32minfo[39m [32mGET /api/v1/livestock?page=1&limit=60 304 33.946 ms - -[39m
[32m[39m
2025-11-17 04:18:23 [32minfo[39m [32mGET /api/v1/users/vet/assigned-farms 304 16.071 ms - -[39m
[32m[39m
2025-11-17 04:18:25 [32minfo[39m [32mGET /api/v1/users/vet/farms/cmi23zr4r0006t1uo7yv915n3 304 74.566 ms - -[39m
[32m[39m
2025-11-17 04:18:27 [32minfo[39m [32mGET /api/v1/tasks/my-tasks?page=1&limit=10 304 12.389 ms - -[39m
[32m[39m
2025-11-17 04:18:27 [32minfo[39m [32mGET /api/v1/livestock?page=1&limit=60 304 33.565 ms - -[39m
[32m[39m
2025-11-17 04:25:11 [32minfo[39m [32mPOST /api/v1/auth/vet-login 200 460.077 ms - 588[39m
[32m[39m
2025-11-17 04:25:14 [32minfo[39m [32mGET /api/v1/tasks/my-tasks 304 145.986 ms - -[39m
[32m[39m
2025-11-17 04:25:20 [32minfo[39m [32mGET /api/v1/users/vet/assigned-farms 304 55.335 ms - -[39m
[32m[39m
2025-11-17 04:25:22 [32minfo[39m [32mGET /api/v1/tasks/my-tasks 304 17.320 ms - -[39m
[32m[39m
2025-11-17 04:25:26 [32minfo[39m [32mGET /api/v1/users/vet/assigned-farms 304 17.954 ms - -[39m
[32m[39m
2025-11-17 04:25:27 [32minfo[39m [32mGET /api/v1/tasks/my-tasks 304 14.693 ms - -[39m
[32m[39m
2025-11-17 04:25:36 [32minfo[39m [32mGET /api/v1/tasks/my-tasks 304 192.712 ms - -[39m
[32m[39m
2025-11-17 04:25:36 [32minfo[39m [32mGET /api/v1/users/vet/farms/cmi23zqea0000t1uotwyqvezv 304 729.928 ms - -[39m
[32m[39m
2025-11-17 04:25:37 [32minfo[39m [32mGET /api/v1/users/vet/assigned-farms 304 15.013 ms - -[39m
[32m[39m
2025-11-17 04:25:38 [32minfo[39m [32mGET /api/v1/users/vet/assigned-farms 304 20.660 ms - -[39m
[32m[39m
2025-11-17 04:25:41 [32minfo[39m [32mGET /api/v1/tasks/my-tasks?page=1&limit=10 304 9.740 ms - -[39m
[32m[39m
2025-11-17 04:25:45 [32minfo[39m [32mGET /api/v1/livestock?page=1&limit=60 304 37.217 ms - -[39m
[32m[39m
2025-11-17 04:26:03 [32minfo[39m [32mGET /api/v1/users/vet/assigned-farms 304 13.817 ms - -[39m
[32m[39m
2025-11-17 04:26:08 [32minfo[39m [32mGET /api/v1/users/vet/farms/cmi23zr4r0006t1uo7yv915n3 304 88.245 ms - -[39m
[32m[39m
2025-11-17 04:26:10 [32minfo[39m [32mGET /api/v1/livestock?page=1&limit=60 304 127.777 ms - -[39m
[32m[39m
2025-11-17 04:26:10 [32minfo[39m [32mGET /api/v1/tasks/my-tasks?page=1&limit=10 304 14.045 ms - -[39m
[32m[39m
2025-11-17 04:26:41 [32minfo[39m [32mGET /api/v1/users/vet/assigned-farms 304 26.476 ms - -[39m
[32m[39m
2025-11-17 04:26:43 [32minfo[39m [32mGET /api/v1/tasks/my-tasks 304 12.143 ms - -[39m
[32m[39m
2025-11-17 04:26:44 [32minfo[39m [32mGET /api/v1/finance/transactions?page=1 200 38.170 ms - 4738[39m
[32m[39m
2025-11-17 04:26:50 [32minfo[39m [32mGET /api/v1/tasks/my-tasks 304 48.794 ms - -[39m
[32m[39m
2025-11-17 04:26:54 [32minfo[39m [32mGET /api/v1/tasks/my-tasks 304 12.844 ms - -[39m
[32m[39m
2025-11-17 04:28:07 [32minfo[39m [32mGET /api/v1/users/vet/assigned-farms 304 13.248 ms - -[39m
[32m[39m
2025-11-17 04:35:55 [32minfo[39m [32mGET /api/v1/users/vet/farms/cmi23zqea0000t1uotwyqvezv 304 528.642 ms - -[39m
[32m[39m
2025-11-17 04:35:57 [32minfo[39m [32mGET /api/v1/tasks/my-tasks?page=1&limit=10 304 195.243 ms - -[39m
[32m[39m
2025-11-17 04:35:57 [32minfo[39m [32mGET /api/v1/livestock?page=1&limit=60 304 71.261 ms - -[39m
[32m[39m
2025-11-17 04:40:45 [32minfo[39m [32mPOST /api/v1/auth/vet-login 200 222.180 ms - 588[39m
[32m[39m
2025-11-17 04:42:01 [32minfo[39m [32mGET /api/v1/livestock/cmi23zrer000ct1uomy9y9z95/health-history 200 479.731 ms - 3240[39m
[32m[39m
2025-11-17 04:48:24 [32minfo[39m [32mPOST /api/v1/auth/vet-login 200 381.729 ms - 588[39m
[32m[39m
2025-11-17 04:48:26 [32minfo[39m [32mGET /api/v1/tasks/my-tasks 304 111.493 ms - -[39m
[32m[39m
2025-11-17 04:48:31 [32minfo[39m [32mGET /api/v1/users/vet/assigned-farms 304 16.787 ms - -[39m
[32m[39m
2025-11-17 04:48:36 [32minfo[39m [32mGET /api/v1/users/vet/farms/cmi23zqea0000t1uotwyqvezv 304 197.709 ms - -[39m
[32m[39m
2025-11-17 04:48:38 [32minfo[39m [32mGET /api/v1/livestock?page=1&limit=60 304 25.832 ms - -[39m
[32m[39m
2025-11-17 04:48:38 [32minfo[39m [32mGET /api/v1/tasks/my-tasks?page=1&limit=10 304 14.000 ms - -[39m
[32m[39m
2025-11-17 05:11:23 [32minfo[39m [32mPOST /api/v1/auth/vet-login 200 370.253 ms - 588[39m
[32m[39m
2025-11-17 05:11:24 [32minfo[39m [32mGET /api/v1/tasks/my-tasks 304 104.029 ms - -[39m
[32m[39m
2025-11-17 05:14:33 [32minfo[39m [32mPOST /api/v1/auth/vet-login 200 136.737 ms - 588[39m
[32m[39m
2025-11-17 05:14:35 [32minfo[39m [32mGET /api/v1/tasks/my-tasks 304 23.467 ms - -[39m
[32m[39m
2025-11-17 05:14:57 [32minfo[39m [32mPOST /api/v1/auth/vet-login 200 140.220 ms - 588[39m
[32m[39m
2025-11-17 05:15:00 [32minfo[39m [32mGET /api/v1/tasks/my-tasks 200 14.184 ms - 4795[39m
[32m[39m
2025-11-17 05:15:18 [32minfo[39m [32mGET /api/v1/users/vet/assigned-farms 200 17.165 ms - 1132[39m
[32m[39m
2025-11-17 05:15:28 [32minfo[39m [32mGET /api/v1/users/vet/farms/cmi23zqea0000t1uotwyqvezv 200 153.509 ms - 18022[39m
[32m[39m
2025-11-17 05:15:30 [32minfo[39m [32mGET /api/v1/livestock?page=1&limit=60 200 34.763 ms - 62371[39m
[32m[39m
2025-11-17 05:15:30 [32minfo[39m [32mGET /api/v1/tasks/my-tasks?page=1&limit=10 200 14.860 ms - 4795[39m
[32m[39m
2025-11-17 05:16:29 [32minfo[39m [32mGET /api/v1/livestock/cmi23zrge001et1uo8xn86nj5/health-history 200 343.876 ms - 966[39m
[32m[39m
2025-11-17 05:17:19 [32minfo[39m [32mGET /api/v1/livestock/cmi23zrge001et1uo8xn86nj5/health-history 200 24.261 ms - 966[39m
[32m[39m
2025-11-17 05:17:53 [32minfo[39m [32mPOST /api/v1/auth/vet-login 200 281.212 ms - 588[39m
[32m[39m
2025-11-17 05:17:55 [32minfo[39m [32mGET /api/v1/tasks/my-tasks 304 15.783 ms - -[39m
[32m[39m
2025-11-17 05:17:57 [32minfo[39m [32mGET /api/v1/users/vet/assigned-farms 304 13.680 ms - -[39m
[32m[39m
2025-11-17 05:18:14 [32minfo[39m [32mGET /api/v1/users/vet/farms/cmi23zqea0000t1uotwyqvezv 304 75.859 ms - -[39m
[32m[39m
2025-11-17 05:18:15 [32minfo[39m [32mGET /api/v1/tasks/my-tasks?page=1&limit=10 304 13.139 ms - -[39m
[32m[39m
2025-11-17 05:18:15 [32minfo[39m [32mGET /api/v1/livestock?page=1&limit=60 304 31.212 ms - -[39m
[32m[39m
2025-11-17 05:18:37 [32minfo[39m [32mPOST /api/v1/auth/vet-login 200 148.859 ms - 588[39m
[32m[39m
2025-11-17 05:18:39 [32minfo[39m [32mGET /api/v1/tasks/my-tasks 304 11.060 ms - -[39m
[32m[39m
2025-11-17 05:18:45 [32minfo[39m [32mGET /api/v1/users/vet/assigned-farms 304 11.415 ms - -[39m
[32m[39m
2025-11-17 05:18:47 [32minfo[39m [32mGET /api/v1/livestock/cmi23zrge001et1uo8xn86nj5/health-history 200 14.120 ms - 966[39m
[32m[39m
2025-11-17 05:19:05 [32minfo[39m [32mGET /api/v1/livestock/cmi23zrge001et1uo8xn86nj5/health-history 304 61.826 ms - -[39m
[32m[39m
2025-11-17 05:19:10 [32minfo[39m [32mGET /api/v1/livestock/cmi23zrge001et1uo8xn86nj5/health-history 304 1025.511 ms - -[39m
[32m[39m
2025-11-17 05:19:11 [32minfo[39m [32mGET /api/v1/livestock/cmi23zrge001et1uo8xn86nj5/health-history 304 20.532 ms - -[39m
[32m[39m
2025-11-17 05:19:23 [32minfo[39m [32mGET /api/v1/livestock/cmi23zrge001et1uo8xn86nj5/health-history 304 261.730 ms - -[39m
[32m[39m
2025-11-17 05:38:43 [32minfo[39m [32mPOST /api/v1/auth/vet-login 200 294.028 ms - 588[39m
[32m[39m
2025-11-17 05:38:47 [32minfo[39m [32mGET /api/v1/tasks/my-tasks 304 124.770 ms - -[39m
[32m[39m
2025-11-17 05:38:56 [32minfo[39m [32mGET /api/v1/users/vet/assigned-farms 304 16.790 ms - -[39m
[32m[39m
2025-11-17 05:39:06 [32minfo[39m [32mGET /api/v1/users/vet/farms/cmi23zqea0000t1uotwyqvezv 200 95.565 ms - 18022[39m
[32m[39m
2025-11-17 05:39:09 [32minfo[39m [32mGET /api/v1/livestock?page=1&limit=60 304 27.415 ms - -[39m
[32m[39m
2025-11-17 05:39:10 [32minfo[39m [32mGET /api/v1/tasks/my-tasks?page=1&limit=10 304 11.498 ms - -[39m
[32m[39m
2025-11-17 05:39:20 [32minfo[39m [32mGET /api/v1/livestock/cmi23zrge001et1uo8xn86nj5/health-history 200 122.472 ms - 966[39m
[32m[39m
2025-11-17 05:39:32 [32minfo[39m [32mGET /api/v1/livestock/cmi23zrge001et1uo8xn86nj5/health-history 200 16.288 ms - 966[39m
[32m[39m
2025-11-17 05:41:15 [32minfo[39m [32mGET /api/v1/livestock/cmi23zrge001et1uo8xn86nj5/health-history 304 18.080 ms - -[39m
[32m[39m
2025-11-17 05:42:43 [32minfo[39m [32mGET /api/v1/livestock/cmi23zrge001et1uo8xn86nj5/health-history 200 87.291 ms - 966[39m
[32m[39m
2025-11-17 05:43:24 [32minfo[39m [32mPOST /api/v1/auth/vet-login 200 174.063 ms - 588[39m
[32m[39m
2025-11-17 05:43:27 [32minfo[39m [32mGET /api/v1/tasks/my-tasks 304 13.184 ms - -[39m
[32m[39m
2025-11-17 05:43:37 [32minfo[39m [32mGET /api/v1/users/vet/assigned-farms 304 12.859 ms - -[39m
[32m[39m
2025-11-17 05:43:41 [32minfo[39m [32mGET /api/v1/users/vet/farms/cmi23zqea0000t1uotwyqvezv 304 66.589 ms - -[39m
[32m[39m
2025-11-17 05:43:43 [32minfo[39m [32mGET /api/v1/tasks/my-tasks?page=1&limit=10 304 15.222 ms - -[39m
[32m[39m
2025-11-17 05:43:43 [32minfo[39m [32mGET /api/v1/livestock?page=1&limit=60 304 37.250 ms - -[39m
[32m[39m
2025-11-17 05:43:55 [32minfo[39m [32mGET /api/v1/livestock/cmi23zrge001et1uo8xn86nj5/health-history 200 141.660 ms - 966[39m
[32m[39m
2025-11-17 05:44:12 [32minfo[39m [32mGET /api/v1/users/vet/farms/cmi23zqea0000t1uotwyqvezv 304 86.239 ms - -[39m
[32m[39m
2025-11-17 05:44:13 [32minfo[39m [32mGET /api/v1/livestock/cmi23zrga001ct1uoexd3j1kc/health-history 200 13.319 ms - 957[39m
[32m[39m
2025-11-17 05:44:13 [32minfo[39m [32mGET /api/v1/livestock?page=1&limit=60 304 34.003 ms - -[39m
[32m[39m
2025-11-17 05:44:14 [32minfo[39m [32mGET /api/v1/tasks/my-tasks?page=1&limit=10 304 20.541 ms - -[39m
[32m[39m
2025-11-17 05:44:18 [32minfo[39m [32mGET /api/v1/users/vet/farms/cmi23zqea0000t1uotwyqvezv 304 91.952 ms - -[39m
[32m[39m
2025-11-17 05:44:19 [32minfo[39m [32mGET /api/v1/tasks/my-tasks?page=1&limit=10 304 12.016 ms - -[39m
[32m[39m
2025-11-17 05:44:19 [32minfo[39m [32mGET /api/v1/livestock?page=1&limit=60 304 25.443 ms - -[39m
[32m[39m
2025-11-17 05:44:21 [32minfo[39m [32mGET /api/v1/livestock/cmi23zrg7001at1uo48ufkoxw/health-history 200 244.378 ms - 970[39m
[32m[39m
2025-11-17 05:44:28 [32minfo[39m [32mGET /api/v1/users/vet/farms/cmi23zqea0000t1uotwyqvezv 304 82.807 ms - -[39m
[32m[39m
2025-11-17 05:44:29 [32minfo[39m [32mGET /api/v1/tasks/my-tasks?page=1&limit=10 304 17.560 ms - -[39m
[32m[39m
2025-11-17 05:44:29 [32minfo[39m [32mGET /api/v1/livestock?page=1&limit=60 304 29.109 ms - -[39m
[32m[39m
2025-11-17 05:44:30 [32minfo[39m [32mGET /api/v1/livestock/cmi23zrg50018t1uoa7b3dyc0/health-history 200 13.119 ms - 964[39m
[32m[39m
2025-11-17 05:44:33 [32minfo[39m [32mGET /api/v1/users/vet/farms/cmi23zqea0000t1uotwyqvezv 200 69.765 ms - 18022[39m
[32m[39m
2025-11-17 05:44:34 [32minfo[39m [32mGET /api/v1/livestock?page=1&limit=60 304 28.557 ms - -[39m
[32m[39m
2025-11-17 05:44:34 [32minfo[39m [32mGET /api/v1/tasks/my-tasks?page=1&limit=10 304 9.428 ms - -[39m
[32m[39m
2025-11-17 05:44:41 [32minfo[39m [32mGET /api/v1/livestock/cmi23zrg7001at1uo48ufkoxw/health-history 304 24.211 ms - -[39m
[32m[39m
2025-11-17 05:44:49 [32minfo[39m [32mGET /api/v1/users/vet/farms/cmi23zqea0000t1uotwyqvezv 304 63.325 ms - -[39m
[32m[39m
2025-11-17 05:44:50 [32minfo[39m [32mGET /api/v1/livestock?page=1&limit=60 304 30.143 ms - -[39m
[32m[39m
2025-11-17 05:44:50 [32minfo[39m [32mGET /api/v1/tasks/my-tasks?page=1&limit=10 304 11.341 ms - -[39m
[32m[39m
2025-11-17 05:45:59 [32minfo[39m [32mPOST /api/v1/auth/vet-login 200 162.365 ms - 588[39m
[32m[39m
2025-11-17 05:46:01 [32minfo[39m [32mGET /api/v1/tasks/my-tasks 304 12.040 ms - -[39m
[32m[39m
2025-11-17 05:46:10 [32minfo[39m [32mGET /api/v1/users/vet/assigned-farms 304 12.201 ms - -[39m
[32m[39m
2025-11-17 05:46:16 [32minfo[39m [32mGET /api/v1/users/vet/farms/cmi23zqea0000t1uotwyqvezv 304 84.957 ms - -[39m
[32m[39m
2025-11-17 05:46:17 [32minfo[39m [32mGET /api/v1/livestock?page=1&limit=60 304 26.930 ms - -[39m
[32m[39m
2025-11-17 05:46:18 [32minfo[39m [32mGET /api/v1/tasks/my-tasks?page=1&limit=10 304 16.363 ms - -[39m
[32m[39m
2025-11-17 05:46:24 [32minfo[39m [32mGET /api/v1/livestock/cmi23zrge001et1uo8xn86nj5/health-history 200 15.787 ms - 966[39m
[32m[39m
2025-11-17 05:47:21 [32minfo[39m [32mPOST /api/v1/auth/vet-login 200 338.633 ms - 588[39m
[32m[39m
2025-11-17 05:48:01 [32minfo[39m [32mGET /api/v1/livestock/cmi23zrge001et1uo8xn86nj5/health-history 200 36.045 ms - 966[39m
[32m[39m
2025-11-17 05:48:30 [32minfo[39m [32mGET /api/v1/users/vet/farms/cmi23zqea0000t1uotwyqvezv 304 77.670 ms - -[39m
[32m[39m
2025-11-17 05:48:30 [32minfo[39m [32mGET /api/v1/livestock/cmi23zrg7001at1uo48ufkoxw/health-history 304 13.233 ms - -[39m
[32m[39m
2025-11-17 05:48:31 [32minfo[39m [32mGET /api/v1/tasks/my-tasks?page=1&limit=10 304 14.798 ms - -[39m
[32m[39m
2025-11-17 05:48:32 [32minfo[39m [32mGET /api/v1/livestock?page=1&limit=60 304 39.955 ms - -[39m
[32m[39m
2025-11-17 05:48:33 [32minfo[39m [32mGET /api/v1/users/vet/farms/cmi23zqea0000t1uotwyqvezv 200 70.529 ms - 18022[39m
[32m[39m
2025-11-17 05:48:35 [32minfo[39m [32mGET /api/v1/tasks/my-tasks?page=1&limit=10 304 9.611 ms - -[39m
[32m[39m
2025-11-17 05:48:35 [32minfo[39m [32mGET /api/v1/livestock?page=1&limit=60 304 31.036 ms - -[39m
[32m[39m
2025-11-17 05:48:35 [32minfo[39m [32mGET /api/v1/users/vet/assigned-farms 304 10.057 ms - -[39m
[32m[39m
2025-11-17 05:48:40 [32minfo[39m [32mGET /api/v1/users/vet/farms/cmi23zr4r0006t1uo7yv915n3 200 62.752 ms - 2513[39m
[32m[39m
2025-11-17 05:48:40 [32minfo[39m [32mGET /api/v1/livestock?page=1&limit=60 304 29.061 ms - -[39m
[32m[39m
2025-11-17 05:48:40 [32minfo[39m [32mGET /api/v1/tasks/my-tasks?page=1&limit=10 304 9.342 ms - -[39m
[32m[39m
2025-11-17 05:48:46 [32minfo[39m [32mGET /api/v1/livestock/cmi23zrk7003mt1uork7wndqz/health-history 200 14.779 ms - 270[39m
[32m[39m
2025-11-17 05:48:52 [32minfo[39m [32mGET /api/v1/users/vet/farms/cmi23zr4r0006t1uo7yv915n3 304 57.920 ms - -[39m
[32m[39m
2025-11-17 05:48:53 [32minfo[39m [32mGET /api/v1/tasks/my-tasks?page=1&limit=10 304 14.742 ms - -[39m
[32m[39m
2025-11-17 05:48:54 [32minfo[39m [32mGET /api/v1/livestock?page=1&limit=60 304 25.008 ms - -[39m
[32m[39m
2025-11-17 05:48:56 [32minfo[39m [32mGET /api/v1/livestock/cmi23zrjx003et1uosarcjls1/health-history 200 217.032 ms - 272[39m
[32m[39m
2025-11-17 05:49:00 [32minfo[39m [32mGET /api/v1/users/vet/farms/cmi23zr4r0006t1uo7yv915n3 304 80.730 ms - -[39m
[32m[39m
2025-11-17 05:49:01 [32minfo[39m [32mGET /api/v1/users/vet/assigned-farms 304 16.817 ms - -[39m
[32m[39m
2025-11-17 05:49:01 [32minfo[39m [32mGET /api/v1/livestock?page=1&limit=60 304 33.103 ms - -[39m
[32m[39m
2025-11-17 05:49:01 [32minfo[39m [32mGET /api/v1/tasks/my-tasks?page=1&limit=10 304 14.413 ms - -[39m
[32m[39m
2025-11-17 05:49:04 [32minfo[39m [32mGET /api/v1/users/vet/farms/cmi23zqnw0003t1uoq92wp7sc 200 78.625 ms - 12315[39m
[32m[39m
2025-11-17 05:49:05 [32minfo[39m [32mGET /api/v1/livestock?page=1&limit=60 304 25.994 ms - -[39m
[32m[39m
2025-11-17 05:49:06 [32minfo[39m [32mGET /api/v1/tasks/my-tasks?page=1&limit=10 304 11.550 ms - -[39m
[32m[39m
2025-11-17 05:49:11 [32minfo[39m [32mGET /api/v1/livestock/cmi23zrih002it1uooqzkc7gf/health-history 200 12.769 ms - 270[39m
[32m[39m
2025-11-17 05:50:08 [32minfo[39m [32mGET /api/v1/livestock/cmi23zrer000ct1uomy9y9z95/health-history 200 319.689 ms - 3240[39m
[32m[39m
2025-11-17 05:50:43 [32minfo[39m [32mGET /api/v1/users/vet/farms/cmi23zqnw0003t1uoq92wp7sc 304 88.239 ms - -[39m
[32m[39m
2025-11-17 05:50:44 [32minfo[39m [32mGET /api/v1/tasks/my-tasks?page=1&limit=10 304 20.951 ms - -[39m
[32m[39m
2025-11-17 05:50:44 [32minfo[39m [32mGET /api/v1/livestock?page=1&limit=60 304 261.864 ms - -[39m
[32m[39m
2025-11-17 05:50:45 [32minfo[39m [32mGET /api/v1/users/vet/assigned-farms 200 11.893 ms - 1132[39m
[32m[39m
2025-11-17 05:50:48 [32minfo[39m [32mGET /api/v1/users/vet/farms/cmi23zqnw0003t1uoq92wp7sc 200 80.616 ms - 12315[39m
[32m[39m
2025-11-17 05:50:49 [32minfo[39m [32mGET /api/v1/tasks/my-tasks?page=1&limit=10 304 18.395 ms - -[39m
[32m[39m
2025-11-17 05:50:50 [32minfo[39m [32mGET /api/v1/livestock?page=1&limit=60 304 29.747 ms - -[39m
[32m[39m
2025-11-17 05:50:58 [32minfo[39m [32mGET /api/v1/users/vet/assigned-farms 304 15.306 ms - -[39m
[32m[39m
2025-11-17 05:51:02 [32minfo[39m [32mGET /api/v1/users/vet/farms/cmi23zr4r0006t1uo7yv915n3 200 54.036 ms - 2513[39m
[32m[39m
2025-11-17 05:51:02 [32minfo[39m [32mGET /api/v1/livestock?page=1&limit=60 304 31.022 ms - -[39m
[32m[39m
2025-11-17 05:51:02 [32minfo[39m [32mGET /api/v1/tasks/my-tasks?page=1&limit=10 304 11.631 ms - -[39m
[32m[39m
2025-11-17 05:51:09 [32minfo[39m [32mGET /api/v1/users/vet/assigned-farms 304 12.214 ms - -[39m
[32m[39m
2025-11-17 05:51:13 [32minfo[39m [32mGET /api/v1/users/vet/farms/cmi23zqea0000t1uotwyqvezv 304 64.653 ms - -[39m
[32m[39m
2025-11-17 05:51:14 [32minfo[39m [32mGET /api/v1/livestock?page=1&limit=60 304 35.528 ms - -[39m
[32m[39m
2025-11-17 05:51:14 [32minfo[39m [32mGET /api/v1/tasks/my-tasks?page=1&limit=10 304 29.890 ms - -[39m
[32m[39m
2025-11-17 05:51:23 [32minfo[39m [32mGET /api/v1/livestock/cmi23zrer000ct1uomy9y9z95/health-history 200 26.967 ms - 3240[39m
[32m[39m
2025-11-17 07:10:15 [32minfo[39m [32mPOST /api/v1/auth/vet-login 200 384.338 ms - 588[39m
[32m[39m
2025-11-17 07:11:23 [32minfo[39m [32mGET /api/v1/livestock/cmi23zrer000ct1uomy9y9z95/activity-timeline 200 490.128 ms - 4666[39m
[32m[39m
2025-11-17 07:21:50 [32minfo[39m [32mPOST /api/v1/auth/vet-login 200 354.556 ms - 588[39m
[32m[39m
2025-11-17 07:21:53 [32minfo[39m [32mGET /api/v1/tasks/my-tasks 304 118.523 ms - -[39m
[32m[39m
2025-11-17 08:00:32 [32minfo[39m [32mPOST /api/v1/auth/vet-login 200 491.703 ms - 588[39m
[32m[39m
2025-11-17 08:00:40 [32minfo[39m [32mGET /api/v1/tasks/my-tasks 304 219.578 ms - -[39m
[32m[39m
2025-11-17 08:01:40 [32minfo[39m [32mGET /api/v1/users/vet/assigned-farms 304 26.545 ms - -[39m
[32m[39m
2025-11-17 08:01:52 [32minfo[39m [32mGET /api/v1/users/vet/farms/cmi23zqea0000t1uotwyqvezv 200 107.892 ms - 18022[39m
[32m[39m
2025-11-17 08:01:53 [32minfo[39m [32mGET /api/v1/tasks/my-tasks?page=1&limit=10 304 19.297 ms - -[39m
[32m[39m
2025-11-17 08:01:54 [32minfo[39m [32mGET /api/v1/livestock?page=1&limit=60 304 55.898 ms - -[39m
[32m[39m
2025-11-17 08:02:09 [32minfo[39m [32mGET /api/v1/livestock/cmi23zrer000ct1uomy9y9z95/health-history 304 113.768 ms - -[39m
[32m[39m
2025-11-17 08:02:11 [32minfo[39m [32mGET /api/v1/livestock/cmi23zrer000ct1uomy9y9z95/activity-timeline 200 257.977 ms - 4666[39m
[32m[39m
2025-11-17 08:05:25 [32minfo[39m [32mGET /api/v1/livestock/cmi23zrf7000mt1uombze8dny/health-history 200 3625.788 ms - 3260[39m
[32m[39m
2025-11-17 08:05:27 [32minfo[39m [32mGET /api/v1/users/vet/farms/cmi23zqea0000t1uotwyqvezv 304 8016.302 ms - -[39m
[32m[39m
2025-11-17 08:05:30 [32minfo[39m [32mGET /api/v1/livestock/cmi23zrf7000mt1uombze8dny/activity-timeline 200 3575.712 ms - 4697[39m
[32m[39m
2025-11-17 08:07:34 [32minfo[39m [32mGET /api/v1/users/vet/farms/cmi23zr4r0006t1uo7yv915n3 - - ms - -[39m
[32m[39m
2025-11-17 08:07:42 [32minfo[39m [32mGET /api/v1/users/vet/farms/cmi23zr4r0006t1uo7yv915n3 304 1446.506 ms - -[39m
[32m[39m
2025-11-17 08:07:45 [32minfo[39m [32mGET /api/v1/tasks/my-tasks?page=1&limit=10 304 339.208 ms - -[39m
[32m[39m
2025-11-17 08:07:46 [32minfo[39m [32mGET /api/v1/livestock?page=1&limit=60 304 502.406 ms - -[39m
[32m[39m
2025-11-17 08:08:02 [32minfo[39m [32mGET /api/v1/livestock/cmi23zrik002kt1uowlwswfp2/health-history 200 3176.085 ms - 271[39m
[32m[39m
2025-11-17 08:08:07 [32minfo[39m [32mGET /api/v1/livestock/cmi23zrik002kt1uowlwswfp2/activity-timeline 200 2079.514 ms - 333[39m
[32m[39m
2025-11-17 08:21:29 [32minfo[39m [32mPOST /api/v1/auth/vet-login 200 2589.245 ms - 588[39m
[32m[39m
2025-11-17 08:21:32 [32minfo[39m [32mGET /api/v1/tasks/my-tasks 304 546.958 ms - -[39m
[32m[39m
2025-11-17 08:21:46 [32minfo[39m [32mGET /api/v1/users/vet/assigned-farms 200 323.154 ms - 1132[39m
[32m[39m
2025-11-17 08:21:53 [32minfo[39m [32mGET /api/v1/users/vet/farms/cmi23zqea0000t1uotwyqvezv 304 945.789 ms - -[39m
[32m[39m
2025-11-17 08:21:56 [32minfo[39m [32mGET /api/v1/livestock?page=1&limit=60 304 393.976 ms - -[39m
[32m[39m
2025-11-17 08:21:56 [32minfo[39m [32mGET /api/v1/tasks/my-tasks?page=1&limit=10 304 211.416 ms - -[39m
[32m[39m
2025-11-17 08:22:16 [32minfo[39m [32mGET /api/v1/livestock/cmi23zrge001et1uo8xn86nj5/health-history 304 1496.562 ms - -[39m
[32m[39m
2025-11-17 08:22:17 [32minfo[39m [32mGET /api/v1/livestock/cmi23zrge001et1uo8xn86nj5/activity-timeline 200 2380.371 ms - 1224[39m
[32m[39m
2025-11-17 08:24:02 [32minfo[39m [32mGET /api/v1/livestock/cmi23zrge001et1uo8xn86nj5/activity-timeline 401 29.128 ms - 64[39m
[32m[39m
2025-11-17 08:24:46 [32minfo[39m [32mPOST /api/v1/auth/vet-login 200 5289.805 ms - 588[39m
[32m[39m
2025-11-17 08:25:09 [32minfo[39m [32mGET /api/v1/livestock/cmi23zrge001et1uo8xn86nj5/activity-timeline 200 740.259 ms - 1224[39m
[32m[39m
2025-11-17 08:33:31 [32minfo[39m [32mGET /api/v1/tasks/my-tasks - - ms - -[39m
[32m[39m
2025-11-17 08:33:33 [32minfo[39m [32mGET /api/v1/users/vet/farms/cmi23zqea0000t1uotwyqvezv - - ms - -[39m
[32m[39m
2025-11-17 08:56:44 [32minfo[39m [32mPOST /api/v1/auth/vet-login 200 737.388 ms - 588[39m
[32m[39m
2025-11-17 08:56:47 [32minfo[39m [32mGET /api/v1/tasks/my-tasks 304 223.108 ms - -[39m
[32m[39m
2025-11-17 08:57:01 [32minfo[39m [32mGET /api/v1/users/vet/assigned-farms 304 14.991 ms - -[39m
[32m[39m
2025-11-17 08:57:10 [32minfo[39m [32mGET /api/v1/users/vet/farms/cmi23zqea0000t1uotwyqvezv 304 89.077 ms - -[39m
[32m[39m
2025-11-17 08:57:11 [32minfo[39m [32mGET /api/v1/tasks/my-tasks?page=1&limit=10 200 16.892 ms - 4795[39m
[32m[39m
2025-11-17 08:57:12 [32minfo[39m [32mGET /api/v1/livestock?page=1&limit=60 200 29.972 ms - 62371[39m
[32m[39m
2025-11-17 08:57:21 [32minfo[39m [32mGET /api/v1/livestock/cmi23zrge001et1uo8xn86nj5/health-history 304 116.999 ms - -[39m
[32m[39m
2025-11-17 08:57:21 [32minfo[39m [32mGET /api/v1/livestock/cmi23zrge001et1uo8xn86nj5/activity-timeline 304 143.403 ms - -[39m
[32m[39m
2025-11-17 08:59:27 [32minfo[39m [32mGET /api/v1/users/vet/farms/cmi23zqea0000t1uotwyqvezv 304 105.279 ms - -[39m
[32m[39m
2025-11-17 08:59:30 [32minfo[39m [32mGET /api/v1/livestock?page=1&limit=60 304 37.458 ms - -[39m
[32m[39m
2025-11-17 08:59:31 [32minfo[39m [32mGET /api/v1/tasks/my-tasks?page=1&limit=10 304 28.671 ms - -[39m
[32m[39m
2025-11-17 09:01:19 [32minfo[39m [32mGET /api/v1/livestock/cmi23zrer000ct1uomy9y9z95/activity-timeline 304 78.412 ms - -[39m
[32m[39m
2025-11-17 09:01:19 [32minfo[39m [32mGET /api/v1/livestock/cmi23zrer000ct1uomy9y9z95/health-history 200 19.119 ms - 3240[39m
[32m[39m
2025-11-17 09:03:39 [32minfo[39m [32mPOST /api/v1/auth/vet-login 200 358.115 ms - 588[39m
[32m[39m
2025-11-17 09:03:42 [32minfo[39m [32mGET /api/v1/tasks/my-tasks 304 99.764 ms - -[39m
[32m[39m
2025-11-17 09:03:50 [32minfo[39m [32mGET /api/v1/users/vet/assigned-farms 304 21.164 ms - -[39m
[32m[39m
2025-11-17 09:03:54 [32minfo[39m [32mGET /api/v1/users/vet/farms/cmi23zqea0000t1uotwyqvezv 200 82.933 ms - 18022[39m
[32m[39m
2025-11-17 09:03:55 [32minfo[39m [32mGET /api/v1/livestock?page=1&limit=60 304 29.400 ms - -[39m
[32m[39m
2025-11-17 09:03:55 [32minfo[39m [32mGET /api/v1/tasks/my-tasks?page=1&limit=10 304 106.726 ms - -[39m
[32m[39m
2025-11-17 09:04:03 [32minfo[39m [32mGET /api/v1/livestock/cmi23zrer000ct1uomy9y9z95/health-history 200 227.466 ms - 3240[39m
[32m[39m
2025-11-17 09:04:03 [32minfo[39m [32mGET /api/v1/livestock/cmi23zrer000ct1uomy9y9z95/activity-timeline 200 231.481 ms - 4666[39m
[32m[39m
2025-11-17 09:05:40 [32minfo[39m [32mPOST /api/v1/auth/vet-login 200 159.191 ms - 588[39m
[32m[39m
2025-11-17 09:05:42 [32minfo[39m [32mGET /api/v1/tasks/my-tasks 304 15.985 ms - -[39m
[32m[39m
2025-11-17 09:05:50 [32minfo[39m [32mGET /api/v1/users/vet/assigned-farms 304 10.344 ms - -[39m
[32m[39m
2025-11-17 09:05:56 [32minfo[39m [32mGET /api/v1/users/vet/farms/cmi23zqea0000t1uotwyqvezv 304 74.851 ms - -[39m
[32m[39m
2025-11-17 09:05:56 [32minfo[39m [32mGET /api/v1/tasks/my-tasks?page=1&limit=10 304 12.856 ms - -[39m
[32m[39m
2025-11-17 09:05:57 [32minfo[39m [32mGET /api/v1/livestock?page=1&limit=60 304 28.567 ms - -[39m
[32m[39m
2025-11-17 09:06:03 [32minfo[39m [32mGET /api/v1/livestock/cmi23zrer000ct1uomy9y9z95/health-history 304 18.303 ms - -[39m
[32m[39m
2025-11-17 09:06:05 [32minfo[39m [32mGET /api/v1/livestock/cmi23zrer000ct1uomy9y9z95/activity-timeline 304 22.684 ms - -[39m
[32m[39m
2025-11-17 09:06:40 [32minfo[39m [32mPOST /api/v1/auth/vet-login 200 210.265 ms - 588[39m
[32m[39m
2025-11-17 09:06:43 [32minfo[39m [32mGET /api/v1/tasks/my-tasks 304 13.392 ms - -[39m
[32m[39m
2025-11-17 09:07:05 [32minfo[39m [32mGET /api/v1/users/vet/assigned-farms 304 13.841 ms - -[39m
[32m[39m
2025-11-17 09:33:06 [32minfo[39m [32mPOST /api/v1/auth/vet-login 200 267.811 ms - 588[39m
[32m[39m
2025-11-17 09:33:08 [32minfo[39m [32mGET /api/v1/tasks/my-tasks 304 112.604 ms - -[39m
[32m[39m
2025-11-17 09:33:14 [32minfo[39m [32mGET /api/v1/users/vet/assigned-farms 304 16.518 ms - -[39m
[32m[39m
2025-11-17 09:33:30 [32minfo[39m [32mGET /api/v1/users/vet/farms/cmi23zqea0000t1uotwyqvezv 304 159.158 ms - -[39m
[32m[39m
2025-11-17 09:33:31 [32minfo[39m [32mGET /api/v1/tasks/my-tasks?page=1&limit=10 304 15.757 ms - -[39m
[32m[39m
2025-11-17 09:33:32 [32minfo[39m [32mGET /api/v1/livestock?page=1&limit=60 304 39.257 ms - -[39m
[32m[39m
2025-11-17 09:34:03 [32minfo[39m [32mGET /api/v1/livestock/cmi23zrer000ct1uomy9y9z95/health-history 200 123.382 ms - 3240[39m
[32m[39m
2025-11-17 09:36:40 [32minfo[39m [32mPOST /api/v1/auth/vet-login 200 182.198 ms - 588[39m
[32m[39m
2025-11-17 09:36:49 [32minfo[39m [32mPOST /api/v1/auth/vet-login 200 140.195 ms - 588[39m
[32m[39m
2025-11-17 09:36:50 [32minfo[39m [32mGET /api/v1/tasks/my-tasks 304 19.326 ms - -[39m
[32m[39m
2025-11-17 09:36:54 [32minfo[39m [32mGET /api/v1/users/vet/assigned-farms 304 17.621 ms - -[39m
[32m[39m
2025-11-17 09:37:06 [32minfo[39m [32mGET /api/v1/users/vet/farms/cmi23zqea0000t1uotwyqvezv 304 115.527 ms - -[39m
[32m[39m
2025-11-17 09:37:07 [32minfo[39m [32mGET /api/v1/tasks/my-tasks?page=1&limit=10 304 13.142 ms - -[39m
[32m[39m
2025-11-17 09:37:08 [32minfo[39m [32mGET /api/v1/livestock?page=1&limit=60 304 49.120 ms - -[39m
[32m[39m
2025-11-17 09:37:22 [32minfo[39m [32mGET /api/v1/livestock/cmi23zrer000ct1uomy9y9z95/activity-timeline 200 273.661 ms - 4666[39m
[32m[39m
2025-11-17 09:37:24 [32minfo[39m [32mGET /api/v1/livestock/cmi23zrer000ct1uomy9y9z95/health-history 200 21.787 ms - 3240[39m
[32m[39m
2025-11-17 09:38:23 [32minfo[39m [32mPOST /api/v1/auth/vet-login 200 261.526 ms - 588[39m
[32m[39m
2025-11-17 09:38:25 [32minfo[39m [32mGET /api/v1/tasks/my-tasks 304 21.008 ms - -[39m
[32m[39m
2025-11-17 09:38:31 [32minfo[39m [32mGET /api/v1/users/vet/assigned-farms 304 14.806 ms - -[39m
[32m[39m
2025-11-17 09:38:45 [32minfo[39m [32mGET /api/v1/users/vet/farms/cmi23zqea0000t1uotwyqvezv 304 73.297 ms - -[39m
[32m[39m
2025-11-17 09:38:45 [32minfo[39m [32mGET /api/v1/livestock?page=1&limit=60 304 28.345 ms - -[39m
[32m[39m
2025-11-17 09:38:46 [32minfo[39m [32mGET /api/v1/tasks/my-tasks?page=1&limit=10 304 26.300 ms - -[39m
[32m[39m
2025-11-17 09:38:51 [32minfo[39m [32mGET /api/v1/livestock/cmi23zrer000ct1uomy9y9z95/health-history 304 16.822 ms - -[39m
[32m[39m
2025-11-17 09:38:51 [32minfo[39m [32mGET /api/v1/livestock/cmi23zrer000ct1uomy9y9z95/activity-timeline 304 215.244 ms - -[39m
[32m[39m
2025-11-17 09:48:37 [32minfo[39m [32mPOST /api/v1/auth/vet-login 200 528.547 ms - 588[39m
[32m[39m
2025-11-17 09:48:39 [32minfo[39m [32mGET /api/v1/tasks/my-tasks 304 138.549 ms - -[39m
[32m[39m
2025-11-17 09:48:47 [32minfo[39m [32mGET /api/v1/users/vet/assigned-farms 304 21.243 ms - -[39m
[32m[39m
2025-11-17 09:48:54 [32minfo[39m [32mGET /api/v1/users/vet/farms/cmi23zqea0000t1uotwyqvezv 304 97.413 ms - -[39m
[32m[39m
2025-11-17 09:48:55 [32minfo[39m [32mGET /api/v1/tasks/my-tasks?page=1&limit=10 304 442.105 ms - -[39m
[32m[39m
2025-11-17 09:48:55 [32minfo[39m [32mGET /api/v1/livestock?page=1&limit=60 304 545.467 ms - -[39m
[32m[39m
2025-11-17 09:49:23 [32minfo[39m [32mGET /api/v1/livestock/cmi23zrer000ct1uomy9y9z95/health-history 304 114.069 ms - -[39m
[32m[39m
2025-11-17 09:49:24 [32minfo[39m [32mGET /api/v1/livestock/cmi23zrer000ct1uomy9y9z95/activity-timeline 304 159.673 ms - -[39m
[32m[39m
2025-11-17 09:56:14 [32minfo[39m [32mGET /api/v1/livestock/cmi23zrer000ct1uomy9y9z95/health-history 304 400.287 ms - -[39m
[32m[39m
2025-11-17 09:56:15 [32minfo[39m [32mGET /api/v1/livestock/cmi23zrer000ct1uomy9y9z95/activity-timeline 304 1055.269 ms - -[39m
[32m[39m
2025-11-17 09:56:16 [32minfo[39m [32mGET /api/v1/livestock/cmi23zrer000ct1uomy9y9z95/health-history 304 149.268 ms - -[39m
[32m[39m
2025-11-17 09:56:16 [32minfo[39m [32mGET /api/v1/livestock/cmi23zrer000ct1uomy9y9z95/activity-timeline 304 37.735 ms - -[39m
[32m[39m
2025-11-17 09:56:38 [32minfo[39m [32mGET /api/v1/livestock/cmi23zrer000ct1uomy9y9z95/activity-timeline 304 50.432 ms - -[39m
[32m[39m
2025-11-17 09:56:38 [32minfo[39m [32mGET /api/v1/livestock/cmi23zrer000ct1uomy9y9z95/health-history 304 23.245 ms - -[39m
[32m[39m
2025-11-17 10:00:40 [32minfo[39m [32mGET /api/v1/livestock/cmi23zrer000ct1uomy9y9z95/activity-timeline 304 1044.178 ms - -[39m
[32m[39m
2025-11-17 10:00:41 [32minfo[39m [32mGET /api/v1/livestock/cmi23zrer000ct1uomy9y9z95/health-history 304 625.678 ms - -[39m
[32m[39m
2025-11-17 10:01:04 [32minfo[39m [32mGET /api/v1/users/vet/farms/cmi23zqea0000t1uotwyqvezv 304 3008.319 ms - -[39m
[32m[39m
2025-11-17 10:01:06 [32minfo[39m [32mGET /api/v1/livestock?page=1&limit=60 304 80.593 ms - -[39m
[32m[39m
2025-11-17 10:01:06 [32minfo[39m [32mGET /api/v1/tasks/my-tasks?page=1&limit=10 304 22.929 ms - -[39m
[32m[39m
2025-11-17 12:33:17 [32minfo[39m [32mPOST /api/v1/auth/vet-login 200 354.517 ms - 588[39m
[32m[39m
2025-11-17 12:33:19 [32minfo[39m [32mGET /api/v1/tasks/my-tasks 304 210.955 ms - -[39m
[32m[39m
2025-11-17 12:33:55 [32minfo[39m [32mGET /api/v1/users/vet/assigned-farms 304 17.989 ms - -[39m
[32m[39m
2025-11-17 12:34:54 [32minfo[39m [32mGET /api/v1/users/vet/farms/cmi23zr4r0006t1uo7yv915n3 304 84.321 ms - -[39m
[32m[39m
2025-11-17 12:34:54 [32minfo[39m [32mGET /api/v1/tasks/my-tasks?page=1&limit=10 304 23.740 ms - -[39m
[32m[39m
2025-11-17 12:34:55 [32minfo[39m [32mGET /api/v1/livestock?page=1&limit=60 304 39.122 ms - -[39m
[32m[39m
2025-11-17 12:35:32 [32minfo[39m [32mGET /api/v1/livestock/cmi23zrik002kt1uowlwswfp2/health-history 200 213.390 ms - 271[39m
[32m[39m
2025-11-17 12:35:32 [32minfo[39m [32mGET /api/v1/livestock/cmi23zrik002kt1uowlwswfp2/activity-timeline 200 242.508 ms - 333[39m
[32m[39m
2025-11-17 12:35:47 [32minfo[39m [32mGET /api/v1/users/vet/assigned-farms 304 17.565 ms - -[39m
[32m[39m
2025-11-17 12:35:48 [32minfo[39m [32mGET /api/v1/users/vet/farms/cmi23zr4r0006t1uo7yv915n3 304 74.097 ms - -[39m
[32m[39m
2025-11-17 12:35:48 [32minfo[39m [32mGET /api/v1/livestock?page=1&limit=60 304 31.584 ms - -[39m
[32m[39m
2025-11-17 12:35:48 [32minfo[39m [32mGET /api/v1/tasks/my-tasks?page=1&limit=10 304 15.253 ms - -[39m
[32m[39m
2025-11-17 12:35:49 [32minfo[39m [32mGET /api/v1/users/vet/farms/cmi23zqea0000t1uotwyqvezv 304 86.303 ms - -[39m
[32m[39m
2025-11-17 12:35:50 [32minfo[39m [32mGET /api/v1/tasks/my-tasks?page=1&limit=10 304 13.823 ms - -[39m
[32m[39m
2025-11-17 12:35:51 [32minfo[39m [32mGET /api/v1/livestock?page=1&limit=60 304 28.330 ms - -[39m
[32m[39m
2025-11-17 12:36:06 [32minfo[39m [32mGET /api/v1/livestock/cmi23zrer000ct1uomy9y9z95/health-history 304 31.603 ms - -[39m
[32m[39m
2025-11-17 12:36:07 [32minfo[39m [32mGET /api/v1/livestock/cmi23zrer000ct1uomy9y9z95/activity-timeline 304 21.914 ms - -[39m
[32m[39m
2025-11-17 12:44:04 [32minfo[39m [32mPOST /api/v1/auth/vet-login 200 463.505 ms - 588[39m
[32m[39m
2025-11-17 12:44:06 [32minfo[39m [32mGET /api/v1/tasks/my-tasks 304 129.418 ms - -[39m
[32m[39m
2025-11-17 12:44:14 [32minfo[39m [32mGET /api/v1/users/vet/assigned-farms 304 14.700 ms - -[39m
[32m[39m
2025-11-17 12:44:18 [32minfo[39m [32mGET /api/v1/users/vet/farms/cmi23zqea0000t1uotwyqvezv 304 108.896 ms - -[39m
[32m[39m
2025-11-17 12:44:20 [32minfo[39m [32mGET /api/v1/livestock?page=1&limit=60 304 33.973 ms - -[39m
[32m[39m
2025-11-17 12:44:20 [32minfo[39m [32mGET /api/v1/tasks/my-tasks?page=1&limit=10 304 23.042 ms - -[39m
[32m[39m
2025-11-17 12:44:27 [32minfo[39m [32mGET /api/v1/livestock/cmi23zrer000ct1uomy9y9z95/health-history 304 111.393 ms - -[39m
[32m[39m
2025-11-17 12:44:27 [32minfo[39m [32mGET /api/v1/livestock/cmi23zrer000ct1uomy9y9z95/activity-timeline 304 166.610 ms - -[39m
[32m[39m
2025-11-17 12:47:23 [32minfo[39m [32mPOST /api/v1/auth/vet-login 200 828.034 ms - 588[39m
[32m[39m
2025-11-17 12:47:25 [32minfo[39m [32mGET /api/v1/tasks/my-tasks 304 263.627 ms - -[39m
[32m[39m
2025-11-17 12:47:27 [32minfo[39m [32mGET /api/v1/users/vet/assigned-farms 304 17.840 ms - -[39m
[32m[39m
2025-11-17 12:47:28 [32minfo[39m [32mGET /api/v1/tasks/my-tasks 304 22.805 ms - -[39m
[32m[39m
2025-11-17 12:50:27 [32minfo[39m [32mGET /api/v1/users/vet/assigned-farms 304 179.872 ms - -[39m
[32m[39m
2025-11-17 12:50:56 [32minfo[39m [32mGET /api/v1/users/vet/assigned-farms 304 12.056 ms - -[39m
[32m[39m
2025-11-17 12:51:01 [32minfo[39m [32mGET /api/v1/users/vet/farms/cmi23zqea0000t1uotwyqvezv 304 108.404 ms - -[39m
[32m[39m
2025-11-17 12:51:03 [32minfo[39m [32mGET /api/v1/livestock?page=1&limit=60 304 235.255 ms - -[39m
[32m[39m
2025-11-17 12:51:04 [32minfo[39m [32mGET /api/v1/tasks/my-tasks?page=1&limit=10 304 257.329 ms - -[39m
[32m[39m
2025-11-17 12:52:17 [32minfo[39m [32mGET /api/v1/livestock/cmi23zrer000ct1uomy9y9z95/activity-timeline 304 186.915 ms - -[39m
[32m[39m
2025-11-17 12:52:17 [32minfo[39m [32mGET /api/v1/livestock/cmi23zrer000ct1uomy9y9z95/health-history 304 26.806 ms - -[39m
[32m[39m
2025-11-17 12:55:27 [32minfo[39m [32mPOST /api/v1/auth/vet-login 200 147.125 ms - 588[39m
[32m[39m
2025-11-17 12:55:29 [32minfo[39m [32mGET /api/v1/tasks/my-tasks 304 14.525 ms - -[39m
[32m[39m
2025-11-17 12:55:34 [32minfo[39m [32mGET /api/v1/users/vet/assigned-farms 304 15.855 ms - -[39m
[32m[39m
2025-11-17 12:56:41 [32minfo[39m [32mGET /api/v1/users/vet/assigned-farms 304 154.728 ms - -[39m
[32m[39m
2025-11-17 12:56:49 [32minfo[39m [32mGET /api/v1/users/vet/farms/cmi23zr4r0006t1uo7yv915n3 304 69.742 ms - -[39m
[32m[39m
2025-11-17 12:56:50 [32minfo[39m [32mGET /api/v1/tasks/my-tasks?page=1&limit=10 304 21.067 ms - -[39m
[32m[39m
2025-11-17 12:56:50 [32minfo[39m [32mGET /api/v1/livestock?page=1&limit=60 304 34.716 ms - -[39m
[32m[39m
2025-11-17 13:07:45 [31merror[39m [31mInvalid credentials Invalid credentials[39m
2025-11-17 13:07:45 [32minfo[39m [32mPOST /api/v1/auth/vet-login 400 418.754 ms - 47[39m
[32m[39m
2025-11-17 13:08:02 [32minfo[39m [32mPOST /api/v1/auth/vet-login 200 161.168 ms - 588[39m
[32m[39m
2025-11-17 13:08:05 [32minfo[39m [32mGET /api/v1/tasks/my-tasks 304 580.679 ms - -[39m
[32m[39m
2025-11-17 13:08:12 [32minfo[39m [32mGET /api/v1/users/vet/assigned-farms 304 18.123 ms - -[39m
[32m[39m
2025-11-17 13:08:17 [32minfo[39m [32mGET /api/v1/users/vet/farms/cmi23zqea0000t1uotwyqvezv 304 78.375 ms - -[39m
[32m[39m
2025-11-17 13:08:19 [32minfo[39m [32mGET /api/v1/tasks/my-tasks?page=1&limit=10 304 12.340 ms - -[39m
[32m[39m
2025-11-17 13:08:19 [32minfo[39m [32mGET /api/v1/livestock?page=1&limit=60 304 31.945 ms - -[39m
[32m[39m
2025-11-17 13:08:28 [32minfo[39m [32mGET /api/v1/livestock/cmi23zrer000ct1uomy9y9z95/health-history 304 232.537 ms - -[39m
[32m[39m
2025-11-17 13:08:29 [32minfo[39m [32mGET /api/v1/livestock/cmi23zrer000ct1uomy9y9z95/activity-timeline 304 172.133 ms - -[39m
[32m[39m
2025-11-17 13:11:38 [32minfo[39m [32mPOST /api/v1/auth/vet-login 200 149.005 ms - 588[39m
[32m[39m
2025-11-17 13:11:40 [32minfo[39m [32mGET /api/v1/tasks/my-tasks 304 15.796 ms - -[39m
[32m[39m
2025-11-17 13:11:48 [32minfo[39m [32mGET /api/v1/users/vet/assigned-farms 304 13.576 ms - -[39m
[32m[39m
2025-11-17 13:11:53 [32minfo[39m [32mGET /api/v1/users/vet/farms/cmi23zqea0000t1uotwyqvezv 200 76.309 ms - 18022[39m
[32m[39m
2025-11-17 13:11:54 [32minfo[39m [32mGET /api/v1/tasks/my-tasks?page=1&limit=10 304 18.338 ms - -[39m
[32m[39m
2025-11-17 13:11:55 [32minfo[39m [32mGET /api/v1/livestock?page=1&limit=60 304 29.906 ms - -[39m
[32m[39m
2025-11-17 13:12:08 [32minfo[39m [32mGET /api/v1/livestock/cmi23zrer000ct1uomy9y9z95/health-history 304 19.575 ms - -[39m
[32m[39m
2025-11-17 13:12:09 [32minfo[39m [32mGET /api/v1/livestock/cmi23zrer000ct1uomy9y9z95/activity-timeline 304 30.770 ms - -[39m
[32m[39m
2025-11-17 13:13:59 [32minfo[39m [32mPOST /api/v1/auth/vet-login 200 363.414 ms - 588[39m
[32m[39m
2025-11-17 13:14:01 [32minfo[39m [32mGET /api/v1/tasks/my-tasks 304 196.273 ms - -[39m
[32m[39m
2025-11-17 13:14:12 [32minfo[39m [32mGET /api/v1/users/vet/assigned-farms 304 20.193 ms - -[39m
[32m[39m
2025-11-17 13:14:17 [32minfo[39m [32mGET /api/v1/users/vet/farms/cmi23zqea0000t1uotwyqvezv 304 79.204 ms - -[39m
[32m[39m
2025-11-17 13:14:18 [32minfo[39m [32mGET /api/v1/tasks/my-tasks?page=1&limit=10 304 12.948 ms - -[39m
[32m[39m
2025-11-17 13:14:19 [32minfo[39m [32mGET /api/v1/livestock?page=1&limit=60 304 28.486 ms - -[39m
[32m[39m
2025-11-17 13:14:28 [32minfo[39m [32mGET /api/v1/livestock/cmi23zrer000ct1uomy9y9z95/health-history 200 256.615 ms - 3240[39m
[32m[39m
2025-11-17 13:14:28 [32minfo[39m [32mGET /api/v1/livestock/cmi23zrer000ct1uomy9y9z95/activity-timeline 200 181.063 ms - 4666[39m
[32m[39m
2025-11-17 13:22:33 [32minfo[39m [32mGET /api/v1/users/vet/farms/cmi23zqea0000t1uotwyqvezv 304 259.518 ms - -[39m
[32m[39m
2025-11-17 13:22:38 [32minfo[39m [32mGET /api/v1/tasks/my-tasks?page=1&limit=10 304 152.579 ms - -[39m
[32m[39m
2025-11-17 13:22:38 [32minfo[39m [32mGET /api/v1/livestock?page=1&limit=60 304 164.030 ms - -[39m
[32m[39m
2025-11-17 13:22:41 [32minfo[39m [32mGET /api/v1/users/vet/assigned-farms 304 15.361 ms - -[39m
[32m[39m
2025-11-17 13:23:24 [32minfo[39m [32mPOST /api/v1/auth/vet-login 200 147.325 ms - 588[39m
[32m[39m
2025-11-17 13:23:27 [32minfo[39m [32mGET /api/v1/tasks/my-tasks 304 12.270 ms - -[39m
[32m[39m
2025-11-17 13:23:33 [32minfo[39m [32mGET /api/v1/users/vet/assigned-farms 304 12.002 ms - -[39m
[32m[39m
2025-11-17 13:23:42 [32minfo[39m [32mGET /api/v1/users/vet/farms/cmi23zqea0000t1uotwyqvezv 304 85.510 ms - -[39m
[32m[39m
2025-11-17 13:23:43 [32minfo[39m [32mGET /api/v1/livestock?page=1&limit=60 304 90.436 ms - -[39m
[32m[39m
2025-11-17 13:23:43 [32minfo[39m [32mGET /api/v1/tasks/my-tasks?page=1&limit=10 304 12.377 ms - -[39m
[32m[39m
2025-11-17 13:23:50 [32minfo[39m [32mGET /api/v1/livestock/cmi23zrer000ct1uomy9y9z95/health-history 200 18.929 ms - 3240[39m
[32m[39m
2025-11-17 13:23:50 [32minfo[39m [32mGET /api/v1/livestock/cmi23zrer000ct1uomy9y9z95/activity-timeline 200 277.840 ms - 4666[39m
[32m[39m
2025-11-17 13:55:44 [32minfo[39m [32mPOST /api/v1/auth/vet-login 200 1229.592 ms - 588[39m
[32m[39m
2025-11-17 13:55:47 [32minfo[39m [32mGET /api/v1/tasks/my-tasks 304 227.705 ms - -[39m
[32m[39m
2025-11-17 13:56:17 [32minfo[39m [32mGET /api/v1/users/vet/assigned-farms 304 17.694 ms - -[39m
[32m[39m
2025-11-17 13:57:23 [32minfo[39m [32mGET /api/v1/users/vet/farms/cmi23zqea0000t1uotwyqvezv 304 138.238 ms - -[39m
[32m[39m
2025-11-17 13:57:23 [32minfo[39m [32mGET /api/v1/livestock?page=1&limit=60 304 40.544 ms - -[39m
[32m[39m
2025-11-17 13:57:26 [32minfo[39m [32mGET /api/v1/tasks/my-tasks?page=1&limit=10 304 14.180 ms - -[39m
[32m[39m
2025-11-17 13:58:22 [32minfo[39m [32mGET /api/v1/livestock/cmi23zrer000ct1uomy9y9z95/health-history 304 107.978 ms - -[39m
[32m[39m
2025-11-17 13:58:22 [32minfo[39m [32mGET /api/v1/livestock/cmi23zrer000ct1uomy9y9z95/activity-timeline 304 141.817 ms - -[39m
[32m[39m
2025-11-17 14:17:18 [32minfo[39m [32mPOST /api/v1/auth/vet-login 200 233.681 ms - 588[39m
[32m[39m
2025-11-17 14:17:20 [32minfo[39m [32mGET /api/v1/tasks/my-tasks 304 95.479 ms - -[39m
[32m[39m
2025-11-17 14:17:24 [32minfo[39m [32mGET /api/v1/users/vet/assigned-farms 200 12.348 ms - 1132[39m
[32m[39m
2025-11-17 14:17:30 [32minfo[39m [32mGET /api/v1/users/vet/farms/cmi23zqea0000t1uotwyqvezv 200 74.334 ms - 18022[39m
[32m[39m
2025-11-17 14:17:31 [32minfo[39m [32mGET /api/v1/livestock?page=1&limit=60 304 34.704 ms - -[39m
[32m[39m
2025-11-17 14:17:32 [32minfo[39m [32mGET /api/v1/tasks/my-tasks?page=1&limit=10 304 13.840 ms - -[39m
[32m[39m
2025-11-17 14:17:46 [32minfo[39m [32mGET /api/v1/livestock/cmi23zrer000ct1uomy9y9z95/health-history 200 244.575 ms - 3240[39m
[32m[39m
2025-11-17 14:17:46 [32minfo[39m [32mGET /api/v1/livestock/cmi23zrer000ct1uomy9y9z95/activity-timeline 200 284.504 ms - 4666[39m
[32m[39m
2025-11-17 14:20:56 [32minfo[39m [32mPOST /api/v1/auth/vet-login 200 134.031 ms - 588[39m
[32m[39m
2025-11-17 14:20:59 [32minfo[39m [32mGET /api/v1/tasks/my-tasks 304 25.046 ms - -[39m
[32m[39m
2025-11-17 14:21:07 [32minfo[39m [32mGET /api/v1/users/vet/assigned-farms 304 15.034 ms - -[39m
[32m[39m
2025-11-17 14:21:18 [32minfo[39m [32mGET /api/v1/users/vet/farms/cmi23zqea0000t1uotwyqvezv 304 70.236 ms - -[39m
[32m[39m
2025-11-17 14:21:20 [32minfo[39m [32mGET /api/v1/livestock?page=1&limit=60 304 43.322 ms - -[39m
[32m[39m
2025-11-17 14:21:21 [32minfo[39m [32mGET /api/v1/tasks/my-tasks?page=1&limit=10 304 15.457 ms - -[39m
[32m[39m
2025-11-17 14:21:24 [32minfo[39m [32mGET /api/v1/users/vet/assigned-farms 304 12.238 ms - -[39m
[32m[39m
2025-11-17 14:30:32 [32minfo[39m [32mPOST /api/v1/auth/vet-login 200 207.440 ms - 588[39m
[32m[39m
2025-11-17 14:30:35 [32minfo[39m [32mGET /api/v1/tasks/my-tasks 304 195.153 ms - -[39m
[32m[39m
2025-11-17 14:30:43 [32minfo[39m [32mGET /api/v1/users/vet/assigned-farms 304 18.429 ms - -[39m
[32m[39m
2025-11-17 14:33:33 [32minfo[39m [32mPOST /api/v1/auth/vet-login 200 128.019 ms - 588[39m
[32m[39m
2025-11-17 14:33:35 [32minfo[39m [32mGET /api/v1/tasks/my-tasks 304 23.473 ms - -[39m
[32m[39m
2025-11-17 14:33:38 [32minfo[39m [32mGET /api/v1/users/vet/assigned-farms 304 10.102 ms - -[39m
[32m[39m
2025-11-17 14:34:21 [32minfo[39m [32mPOST /api/v1/auth/vet-login 200 114.543 ms - 588[39m
[32m[39m
2025-11-17 14:34:23 [32minfo[39m [32mGET /api/v1/tasks/my-tasks 304 17.635 ms - -[39m
[32m[39m
2025-11-17 14:34:28 [32minfo[39m [32mGET /api/v1/users/vet/assigned-farms 304 8.337 ms - -[39m
[32m[39m
2025-11-17 14:35:23 [32minfo[39m [32mPOST /api/v1/auth/vet-login 200 119.581 ms - 588[39m
[32m[39m
2025-11-17 14:35:24 [32minfo[39m [32mGET /api/v1/tasks/my-tasks 304 12.262 ms - -[39m
[32m[39m
2025-11-17 14:35:31 [32minfo[39m [32mGET /api/v1/users/vet/assigned-farms 304 7.874 ms - -[39m
[32m[39m
2025-11-17 14:38:21 [32minfo[39m [32mPOST /api/v1/auth/vet-login 200 203.425 ms - 588[39m
[32m[39m
2025-11-17 14:38:24 [32minfo[39m [32mGET /api/v1/tasks/my-tasks 304 88.410 ms - -[39m
[32m[39m
2025-11-17 14:38:28 [32minfo[39m [32mGET /api/v1/users/vet/assigned-farms 304 9.585 ms - -[39m
[32m[39m
2025-11-17 14:39:27 [32minfo[39m [32mPOST /api/v1/auth/vet-login 200 116.589 ms - 588[39m
[32m[39m
2025-11-17 14:39:29 [32minfo[39m [32mGET /api/v1/tasks/my-tasks 304 13.829 ms - -[39m
[32m[39m
2025-11-17 14:39:34 [32minfo[39m [32mGET /api/v1/users/vet/assigned-farms 304 9.530 ms - -[39m
[32m[39m
2025-11-17 14:40:10 [32minfo[39m [32mPOST /api/v1/auth/vet-login 200 108.067 ms - 588[39m
[32m[39m
2025-11-17 14:40:11 [32minfo[39m [32mGET /api/v1/tasks/my-tasks 304 19.590 ms - -[39m
[32m[39m
2025-11-17 14:40:16 [32minfo[39m [32mGET /api/v1/users/vet/assigned-farms 304 7.662 ms - -[39m
[32m[39m
2025-11-17 14:41:00 [32minfo[39m [32mPOST /api/v1/auth/vet-login 200 121.044 ms - 588[39m
[32m[39m
2025-11-17 14:41:02 [32minfo[39m [32mGET /api/v1/tasks/my-tasks 304 16.611 ms - -[39m
[32m[39m
2025-11-17 14:41:11 [32minfo[39m [32mGET /api/v1/users/vet/assigned-farms 304 8.071 ms - -[39m
[32m[39m
2025-11-17 14:41:56 [32minfo[39m [32mPOST /api/v1/auth/vet-login 200 129.362 ms - 588[39m
[32m[39m
2025-11-17 14:41:59 [32minfo[39m [32mGET /api/v1/tasks/my-tasks 304 18.549 ms - -[39m
[32m[39m
2025-11-17 14:42:05 [32minfo[39m [32mGET /api/v1/tasks/my-tasks 304 8.394 ms - -[39m
[32m[39m
2025-11-17 14:42:09 [32minfo[39m [32mGET /api/v1/tasks/my-tasks 304 9.088 ms - -[39m
[32m[39m
2025-11-17 14:42:14 [32minfo[39m [32mGET /api/v1/tasks/my-tasks 304 10.030 ms - -[39m
[32m[39m
2025-11-17 14:42:19 [32minfo[39m [32mGET /api/v1/users/vet/assigned-farms 304 8.099 ms - -[39m
[32m[39m
2025-11-17 14:42:25 [32minfo[39m [32mGET /api/v1/users/vet/farms/cmi23zqea0000t1uotwyqvezv 304 62.792 ms - -[39m
[32m[39m
2025-11-17 14:42:26 [32minfo[39m [32mGET /api/v1/livestock?page=1&limit=60 304 33.074 ms - -[39m
[32m[39m
2025-11-17 14:42:26 [32minfo[39m [32mGET /api/v1/tasks/my-tasks?page=1&limit=10 304 13.874 ms - -[39m
[32m[39m
2025-11-17 14:42:47 [32minfo[39m [32mGET /api/v1/livestock/cmi23zrer000ct1uomy9y9z95/health-history 304 230.484 ms - -[39m
[32m[39m
2025-11-17 14:42:47 [32minfo[39m [32mGET /api/v1/livestock/cmi23zrer000ct1uomy9y9z95/activity-timeline 304 141.667 ms - -[39m
[32m[39m
2025-11-17 17:01:07 [32minfo[39m [32mPOST /api/v1/auth/vet-login 200 534.641 ms - 588[39m
[32m[39m
2025-11-17 17:01:52 [32minfo[39m [32mPOST /api/v1/diagnosis 422 25.843 ms - 305[39m
[32m[39m
2025-11-17 17:05:56 [32minfo[39m [32mPOST /api/v1/diagnosis 422 11.448 ms - 305[39m
[32m[39m
2025-11-17 17:06:30 [32minfo[39m [32mPOST /api/v1/diagnosis 422 112.731 ms - 305[39m
[32m[39m
2025-11-17 17:08:45 [32minfo[39m [32mPOST /api/v1/diagnosis 422 8.201 ms - 305[39m
[32m[39m
2025-11-17 17:09:10 [32minfo[39m [32mPOST /api/v1/diagnosis 422 6.890 ms - 305[39m
[32m[39m
2025-11-17 17:09:56 [32minfo[39m [32mGET /api/v1/diagnosis 404 0.632 ms - 121[39m
[32m[39m
2025-11-17 17:10:07 [32minfo[39m [32mPOST /api/v1/diagnosis 422 6.509 ms - 305[39m
[32m[39m
2025-11-17 17:13:28 [32minfo[39m [32mPOST /api/v1/diagnosis 201 252.402 ms - 711[39m
[32m[39m
2025-11-17 19:33:14 [32minfo[39m [32mPOST /api/v1/auth/vet-login 200 343.244 ms - 588[39m
[32m[39m
2025-11-17 19:33:16 [32minfo[39m [32mGET /api/v1/tasks/my-tasks 200 218.735 ms - 4795[39m
[32m[39m
2025-11-17 19:33:24 [32minfo[39m [32mGET /api/v1/users/vet/assigned-farms 200 27.436 ms - 1132[39m
[32m[39m
2025-11-17 19:33:38 [32minfo[39m [32mGET /api/v1/users/vet/farms/cmi23zqea0000t1uotwyqvezv 200 128.410 ms - 18022[39m
[32m[39m
2025-11-17 19:33:38 [32minfo[39m [32mGET /api/v1/tasks/my-tasks?page=1&limit=10 200 23.017 ms - 4795[39m
[32m[39m
2025-11-17 19:33:39 [32minfo[39m [32mGET /api/v1/livestock?page=1&limit=60 200 40.862 ms - 62371[39m
[32m[39m
2025-11-17 19:33:47 [32minfo[39m [32mGET /api/v1/livestock/cmi23zrer000ct1uomy9y9z95/health-history 200 243.728 ms - 3240[39m
[32m[39m
2025-11-17 19:33:47 [32minfo[39m [32mGET /api/v1/livestock/cmi23zrer000ct1uomy9y9z95/activity-timeline 200 151.945 ms - 4666[39m
[32m[39m
2025-11-17 19:34:35 [32minfo[39m [32mGET /api/v1/livestock/cmi23zrer000ct1uomy9y9z95/activity-timeline 304 1463.998 ms - -[39m
[32m[39m
2025-11-17 19:34:35 [32minfo[39m [32mGET /api/v1/livestock/cmi23zrer000ct1uomy9y9z95/health-history 304 82.891 ms - -[39m
[32m[39m
2025-11-17 20:02:47 [32minfo[39m [32mGET /api/v1/users/vet/farms/cmi23zqea0000t1uotwyqvezv 304 410.117 ms - -[39m
[32m[39m
2025-11-17 20:02:49 [32minfo[39m [32mGET /api/v1/livestock?page=1&limit=60 304 44.596 ms - -[39m
[32m[39m
2025-11-17 20:02:49 [32minfo[39m [32mGET /api/v1/tasks/my-tasks?page=1&limit=10 304 183.862 ms - -[39m
[32m[39m
2025-11-17 20:04:20 [32minfo[39m [32mPOST /api/v1/auth/vet-login 200 151.361 ms - 588[39m
[32m[39m
2025-11-17 20:04:22 [32minfo[39m [32mGET /api/v1/tasks/my-tasks 304 27.927 ms - -[39m
[32m[39m
2025-11-17 20:04:26 [32minfo[39m [32mGET /api/v1/users/vet/assigned-farms 304 10.379 ms - -[39m
[32m[39m
2025-11-17 20:04:42 [32minfo[39m [32mGET /api/v1/users/vet/farms/cmi23zr4r0006t1uo7yv915n3 200 54.230 ms - 2513[39m
[32m[39m
2025-11-17 20:04:44 [32minfo[39m [32mGET /api/v1/tasks/my-tasks?page=1&limit=10 304 9.867 ms - -[39m
[32m[39m
2025-11-17 20:04:44 [32minfo[39m [32mGET /api/v1/livestock?page=1&limit=60 304 33.859 ms - -[39m
[32m[39m
2025-11-17 20:04:58 [32minfo[39m [32mGET /api/v1/livestock/cmi23zrik002kt1uowlwswfp2/health-history 200 23.347 ms - 271[39m
[32m[39m
2025-11-17 20:04:58 [32minfo[39m [32mGET /api/v1/livestock/cmi23zrik002kt1uowlwswfp2/activity-timeline 200 251.491 ms - 333[39m
[32m[39m
2025-11-17 22:54:35 [32minfo[39m [32mPOST /api/v1/auth/vet-login 200 326.404 ms - 588[39m
[32m[39m
2025-11-17 22:54:38 [32minfo[39m [32mGET /api/v1/tasks/my-tasks 304 122.304 ms - -[39m
[32m[39m
2025-11-17 22:54:44 [32minfo[39m [32mGET /api/v1/users/vet/assigned-farms 304 20.347 ms - -[39m
[32m[39m
2025-11-17 22:54:50 [32minfo[39m [32mGET /api/v1/users/vet/farms/cmi23zqea0000t1uotwyqvezv 304 109.141 ms - -[39m
[32m[39m
2025-11-17 22:54:51 [32minfo[39m [32mGET /api/v1/tasks/my-tasks?page=1&limit=10 304 18.743 ms - -[39m
[32m[39m
2025-11-17 22:54:52 [32minfo[39m [32mGET /api/v1/livestock?page=1&limit=60 304 34.467 ms - -[39m
[32m[39m
2025-11-17 22:55:06 [32minfo[39m [32mGET /api/v1/livestock/cmi23zrer000ct1uomy9y9z95/activity-timeline 200 198.243 ms - 4666[39m
[32m[39m
2025-11-17 22:55:07 [32minfo[39m [32mGET /api/v1/livestock/cmi23zrer000ct1uomy9y9z95/health-history 200 25.966 ms - 3240[39m
[32m[39m
2025-11-17 22:57:36 [32minfo[39m [32mPOST /api/v1/diagnosis/cmi23zrer000ct1uomy9y9z95 201 30.283 ms - 713[39m
[32m[39m
2025-11-17 23:05:45 [32minfo[39m [32mGET /api/v1/users/vet/farms/cmi23zqea0000t1uotwyqvezv 304 200.343 ms - -[39m
[32m[39m
2025-11-17 23:05:48 [32minfo[39m [32mGET /api/v1/livestock?page=1&limit=60 304 26.210 ms - -[39m
[32m[39m
2025-11-17 23:05:48 [32minfo[39m [32mGET /api/v1/tasks/my-tasks?page=1&limit=10 304 213.183 ms - -[39m
[32m[39m
2025-11-17 23:12:02 [32minfo[39m [32mGET /api/v1/livestock/cmi23zrer000ct1uomy9y9z95/health-history 200 225.438 ms - 3240[39m
[32m[39m
2025-11-17 23:12:03 [32minfo[39m [32mGET /api/v1/livestock/cmi23zrer000ct1uomy9y9z95/activity-timeline 200 475.584 ms - 6811[39m
[32m[39m
2025-11-17 23:13:48 [32minfo[39m [32mGET /api/v1/livestock/cmi23zrex000et1uouk7boeg1/activity-timeline 200 40.867 ms - 4668[39m
[32m[39m
2025-11-17 23:13:48 [32minfo[39m [32mGET /api/v1/users/vet/farms/cmi23zqea0000t1uotwyqvezv 200 91.517 ms - 18022[39m
[32m[39m
2025-11-17 23:13:49 [32minfo[39m [32mGET /api/v1/livestock/cmi23zrex000et1uouk7boeg1/health-history 200 22.351 ms - 3230[39m
[32m[39m
2025-11-17 23:13:50 [32minfo[39m [32mGET /api/v1/livestock?page=1&limit=60 304 28.829 ms - -[39m
[32m[39m
2025-11-17 23:13:51 [32minfo[39m [32mGET /api/v1/tasks/my-tasks?page=1&limit=10 304 13.966 ms - -[39m
[32m[39m
2025-11-17 23:14:56 [32minfo[39m [32mPOST /api/v1/diagnosis/cmi23zrex000et1uouk7boeg1 201 33.472 ms - 642[39m
[32m[39m
2025-11-17 23:15:12 [32minfo[39m [32mGET /api/v1/users/vet/farms/cmi23zqea0000t1uotwyqvezv 200 71.117 ms - 18022[39m
[32m[39m
2025-11-17 23:15:13 [32minfo[39m [32mGET /api/v1/livestock?page=1&limit=60 304 29.560 ms - -[39m
[32m[39m
2025-11-17 23:15:14 [32minfo[39m [32mGET /api/v1/livestock/cmi23zrex000et1uouk7boeg1/activity-timeline 200 34.495 ms - 5584[39m
[32m[39m
2025-11-17 23:15:14 [32minfo[39m [32mGET /api/v1/livestock/cmi23zrex000et1uouk7boeg1/health-history 200 41.466 ms - 3230[39m
[32m[39m
2025-11-17 23:15:14 [32minfo[39m [32mGET /api/v1/tasks/my-tasks?page=1&limit=10 304 14.898 ms - -[39m
[32m[39m
2025-11-18 06:58:17 [32minfo[39m [32mPOST /api/v1/auth/vet-login 200 343.252 ms - 588[39m
[32m[39m
2025-11-18 06:59:49 [32minfo[39m [32mGET /api/v1/treatment/cmi23zrer000ct1uomy9y9z95/prescribe 404 2.374 ms - 157[39m
[32m[39m
2025-11-18 07:00:16 [32minfo[39m [32mPOST /api/v1/treatment/cmi23zrer000ct1uomy9y9z95/prescribe 201 87.288 ms - 734[39m
[32m[39m
2025-11-18 07:34:47 [32minfo[39m [32mPOST /api/v1/auth/vet-login 200 173.144 ms - 588[39m
[32m[39m
2025-11-18 07:34:49 [32minfo[39m [32mGET /api/v1/tasks/my-tasks 304 117.665 ms - -[39m
[32m[39m
2025-11-18 07:34:53 [32minfo[39m [32mGET /api/v1/users/vet/assigned-farms 304 19.667 ms - -[39m
[32m[39m
2025-11-18 07:35:53 [32minfo[39m [32mGET /api/v1/users/vet/farms/cmi23zqea0000t1uotwyqvezv 304 118.883 ms - -[39m
[32m[39m
2025-11-18 07:35:55 [32minfo[39m [32mGET /api/v1/tasks/my-tasks?page=1&limit=10 304 13.058 ms - -[39m
[32m[39m
2025-11-18 07:35:55 [32minfo[39m [32mGET /api/v1/livestock?page=1&limit=60 304 40.640 ms - -[39m
[32m[39m
2025-11-18 07:36:01 [32minfo[39m [32mGET /api/v1/livestock/cmi23zrer000ct1uomy9y9z95/activity-timeline 200 234.273 ms - 6811[39m
[32m[39m
2025-11-18 07:36:01 [32minfo[39m [32mGET /api/v1/livestock/cmi23zrer000ct1uomy9y9z95/health-history 304 34.056 ms - -[39m
[32m[39m
2025-11-18 07:42:27 [32minfo[39m [32mPOST /api/v1/diagnosis/cmi23zrer000ct1uomy9y9z95 201 32.708 ms - 625[39m
[32m[39m
2025-11-18 07:42:36 [32minfo[39m [32mGET /api/v1/users/vet/farms/cmi23zqea0000t1uotwyqvezv 304 111.243 ms - -[39m
[32m[39m
2025-11-18 07:42:38 [32minfo[39m [32mGET /api/v1/tasks/my-tasks?page=1&limit=10 304 116.781 ms - -[39m
[32m[39m
2025-11-18 07:42:38 [32minfo[39m [32mGET /api/v1/livestock?page=1&limit=60 304 37.130 ms - -[39m
[32m[39m
2025-11-18 07:42:40 [32minfo[39m [32mGET /api/v1/livestock/cmi23zrer000ct1uomy9y9z95/health-history 304 46.874 ms - -[39m
[32m[39m
2025-11-18 07:42:41 [32minfo[39m [32mGET /api/v1/livestock/cmi23zrer000ct1uomy9y9z95/activity-timeline 200 320.571 ms - 7678[39m
[32m[39m
2025-11-18 07:44:43 [32minfo[39m [32mPOST /api/v1/treatment/cmi23zrer000ct1uomy9y9z95/prescribe 201 41.884 ms - 744[39m
[32m[39m
2025-11-18 07:44:53 [32minfo[39m [32mGET /api/v1/users/vet/farms/cmi23zqea0000t1uotwyqvezv 304 112.925 ms - -[39m
[32m[39m
2025-11-18 07:44:54 [32minfo[39m [32mGET /api/v1/livestock/cmi23zrer000ct1uomy9y9z95/health-history 304 24.932 ms - -[39m
[32m[39m
2025-11-18 07:44:54 [32minfo[39m [32mGET /api/v1/livestock/cmi23zrer000ct1uomy9y9z95/activity-timeline 304 39.367 ms - -[39m
[32m[39m
2025-11-18 07:44:54 [32minfo[39m [32mGET /api/v1/livestock?page=1&limit=60 304 39.272 ms - -[39m
[32m[39m
2025-11-18 07:44:54 [32minfo[39m [32mGET /api/v1/tasks/my-tasks?page=1&limit=10 304 16.935 ms - -[39m
[32m[39m
2025-11-18 07:45:54 [32minfo[39m [32mGET /api/v1/users/vet/farms/cmi23zqea0000t1uotwyqvezv 304 134.091 ms - -[39m
[32m[39m
2025-11-18 07:45:54 [32minfo[39m [32mGET /api/v1/tasks/my-tasks?page=1&limit=10 304 13.824 ms - -[39m
[32m[39m
2025-11-18 07:45:55 [32minfo[39m [32mGET /api/v1/livestock?page=1&limit=60 304 47.518 ms - -[39m
[32m[39m
2025-11-18 07:45:55 [32minfo[39m [32mGET /api/v1/users/vet/assigned-farms 304 12.826 ms - -[39m
[32m[39m
2025-11-18 07:45:58 [32minfo[39m [32mGET /api/v1/tasks/my-tasks 304 9.348 ms - -[39m
[32m[39m
2025-11-18 07:46:09 [32minfo[39m [32mGET /api/v1/users/vet/assigned-farms 304 12.310 ms - -[39m
[32m[39m
2025-11-18 07:46:13 [32minfo[39m [32mGET /api/v1/tasks/my-tasks 304 11.684 ms - -[39m
[32m[39m
2025-11-18 07:46:14 [32minfo[39m [32mGET /api/v1/users/vet/assigned-farms 304 12.457 ms - -[39m
[32m[39m
2025-11-18 07:46:22 [32minfo[39m [32mGET /api/v1/users/vet/farms/cmi23zqea0000t1uotwyqvezv 304 141.751 ms - -[39m
[32m[39m
2025-11-18 07:46:23 [32minfo[39m [32mGET /api/v1/tasks/my-tasks?page=1&limit=10 304 9.684 ms - -[39m
[32m[39m
2025-11-18 07:46:24 [32minfo[39m [32mGET /api/v1/livestock?page=1&limit=60 304 37.488 ms - -[39m
[32m[39m
2025-11-18 07:50:17 [32minfo[39m [32mGET /api/v1/livestock/cmi23zrer000ct1uomy9y9z95/health-history 304 487.909 ms - -[39m
[32m[39m
2025-11-18 07:50:17 [32minfo[39m [32mGET /api/v1/livestock/cmi23zrer000ct1uomy9y9z95/activity-timeline 200 389.231 ms - 9911[39m
[32m[39m
2025-11-18 09:09:04 [32minfo[39m [32mPOST /api/v1/auth/vet-login 200 399.776 ms - 588[39m
[32m[39m
2025-11-18 09:09:50 [32minfo[39m [32mGET /api/v1/auth/treatment/follow-up 404 4.274 ms - 136[39m
[32m[39m
2025-11-18 09:09:58 [32minfo[39m [32mPOST /api/v1/auth/treatment/follow-up 404 0.914 ms - 136[39m
[32m[39m
2025-11-18 09:10:13 [32minfo[39m [32mPOST /api/v1/treatment/follow-up 404 0.751 ms - 131[39m
[32m[39m
2025-11-18 09:10:31 [32minfo[39m [32mPOST /api/v1/treatment/follow-ups 403 16.630 ms - 72[39m
[32m[39m
2025-11-18 09:11:17 [32minfo[39m [32mPOST /api/v1/treatment/follow-ups 422 197.728 ms - 494[39m
[32m[39m
2025-11-18 09:11:46 [32minfo[39m [32mPOST /api/v1/treatment/follow-ups 201 125.209 ms - 759[39m
[32m[39m
2025-11-18 09:35:34 [32minfo[39m [32mGET /api/v1/users/vet/farms/cmi23zqea0000t1uotwyqvezv 401 19.398 ms - 64[39m
[32m[39m
2025-11-18 09:35:34 [32minfo[39m [32mGET /api/v1/livestock/cmi23zrer000ct1uomy9y9z95/health-history 401 2.855 ms - 64[39m
[32m[39m
2025-11-18 09:35:34 [32minfo[39m [32mGET /api/v1/livestock/cmi23zrer000ct1uomy9y9z95/activity-timeline 401 2.597 ms - 64[39m
[32m[39m
2025-11-18 09:37:03 [32minfo[39m [32mPOST /api/v1/auth/vet-login 200 182.290 ms - 588[39m
[32m[39m
2025-11-18 09:37:05 [32minfo[39m [32mGET /api/v1/tasks/my-tasks 304 210.044 ms - -[39m
[32m[39m
2025-11-18 09:37:07 [32minfo[39m [32mGET /api/v1/users/vet/assigned-farms 304 18.644 ms - -[39m
[32m[39m
2025-11-18 09:37:10 [32minfo[39m [32mGET /api/v1/tasks/my-tasks 304 11.014 ms - -[39m
[32m[39m
2025-11-18 09:37:13 [32minfo[39m [32mGET /api/v1/users/vet/assigned-farms 304 12.084 ms - -[39m
[32m[39m
2025-11-18 09:37:20 [32minfo[39m [32mGET /api/v1/users/vet/farms/cmi23zqea0000t1uotwyqvezv 200 85.290 ms - 18022[39m
[32m[39m
2025-11-18 09:37:21 [32minfo[39m [32mGET /api/v1/livestock?page=1&limit=60 304 44.920 ms - -[39m
[32m[39m
2025-11-18 09:37:22 [32minfo[39m [32mGET /api/v1/tasks/my-tasks?page=1&limit=10 304 12.844 ms - -[39m
[32m[39m
2025-11-18 09:37:30 [32minfo[39m [32mGET /api/v1/livestock/cmi23zrer000ct1uomy9y9z95/health-history 200 98.007 ms - 3240[39m
[32m[39m
2025-11-18 09:37:30 [32minfo[39m [32mGET /api/v1/livestock/cmi23zrer000ct1uomy9y9z95/activity-timeline 200 141.240 ms - 9911[39m
[32m[39m
2025-11-18 09:41:09 [32minfo[39m [32mPOST /api/v1/auth/vet-login 200 142.593 ms - 588[39m
[32m[39m
2025-11-18 09:41:11 [32minfo[39m [32mGET /api/v1/tasks/my-tasks 304 17.696 ms - -[39m
[32m[39m
2025-11-18 09:41:13 [32minfo[39m [32mGET /api/v1/users/vet/assigned-farms 304 9.919 ms - -[39m
[32m[39m
2025-11-18 09:41:19 [32minfo[39m [32mGET /api/v1/users/vet/farms/cmi23zqea0000t1uotwyqvezv 304 68.769 ms - -[39m
[32m[39m
2025-11-18 09:41:21 [32minfo[39m [32mGET /api/v1/tasks/my-tasks?page=1&limit=10 304 12.885 ms - -[39m
[32m[39m
2025-11-18 09:41:21 [32minfo[39m [32mGET /api/v1/livestock?page=1&limit=60 304 27.158 ms - -[39m
[32m[39m
2025-11-18 09:41:28 [32minfo[39m [32mGET /api/v1/livestock/cmi23zrer000ct1uomy9y9z95/health-history 304 16.249 ms - -[39m
[32m[39m
2025-11-18 09:41:28 [32minfo[39m [32mGET /api/v1/livestock/cmi23zrer000ct1uomy9y9z95/activity-timeline 304 217.391 ms - -[39m
[32m[39m
2025-11-18 09:43:14 [32minfo[39m [32mPOST /api/v1/auth/vet-login 200 128.768 ms - 588[39m
[32m[39m
2025-11-18 09:43:16 [32minfo[39m [32mGET /api/v1/tasks/my-tasks 304 94.540 ms - -[39m
[32m[39m
2025-11-18 09:43:20 [32minfo[39m [32mGET /api/v1/users/vet/assigned-farms 304 11.618 ms - -[39m
[32m[39m
2025-11-18 09:43:24 [32minfo[39m [32mGET /api/v1/users/vet/farms/cmi23zqea0000t1uotwyqvezv 304 66.933 ms - -[39m
[32m[39m
2025-11-18 09:43:25 [32minfo[39m [32mGET /api/v1/tasks/my-tasks?page=1&limit=10 304 11.749 ms - -[39m
[32m[39m
2025-11-18 09:43:26 [32minfo[39m [32mGET /api/v1/livestock?page=1&limit=60 304 25.116 ms - -[39m
[32m[39m
2025-11-18 09:43:32 [32minfo[39m [32mGET /api/v1/livestock/cmi23zrer000ct1uomy9y9z95/health-history 304 100.336 ms - -[39m
[32m[39m
2025-11-18 09:43:33 [32minfo[39m [32mGET /api/v1/livestock/cmi23zrer000ct1uomy9y9z95/activity-timeline 304 252.965 ms - -[39m
[32m[39m
2025-11-18 09:47:30 [32minfo[39m [32mPOST /api/v1/auth/vet-login 200 133.032 ms - 588[39m
[32m[39m
2025-11-18 09:47:33 [32minfo[39m [32mGET /api/v1/tasks/my-tasks 304 25.107 ms - -[39m
[32m[39m
2025-11-18 09:47:40 [32minfo[39m [32mGET /api/v1/users/vet/assigned-farms 304 11.253 ms - -[39m
[32m[39m
2025-11-18 09:47:44 [32minfo[39m [32mGET /api/v1/users/vet/farms/cmi23zqea0000t1uotwyqvezv 304 71.169 ms - -[39m
[32m[39m
2025-11-18 09:47:46 [32minfo[39m [32mGET /api/v1/livestock?page=1&limit=60 304 24.799 ms - -[39m
[32m[39m
2025-11-18 09:47:47 [32minfo[39m [32mGET /api/v1/tasks/my-tasks?page=1&limit=10 304 13.535 ms - -[39m
[32m[39m
2025-11-18 09:47:57 [32minfo[39m [32mGET /api/v1/livestock/cmi23zrer000ct1uomy9y9z95/activity-timeline 200 102.805 ms - 9911[39m
[32m[39m
2025-11-18 09:47:58 [32minfo[39m [32mGET /api/v1/livestock/cmi23zrer000ct1uomy9y9z95/health-history 200 27.143 ms - 3240[39m
[32m[39m
2025-11-18 11:27:08 [32minfo[39m [32mPOST /api/v1/auth/vet-login 200 183.672 ms - 588[39m
[32m[39m
2025-11-18 11:27:11 [32minfo[39m [32mGET /api/v1/tasks/my-tasks 304 115.676 ms - -[39m
[32m[39m
2025-11-18 11:27:18 [32minfo[39m [32mGET /api/v1/users/vet/assigned-farms 304 24.948 ms - -[39m
[32m[39m
2025-11-18 11:27:23 [32minfo[39m [32mGET /api/v1/users/vet/farms/cmi23zqea0000t1uotwyqvezv 304 109.385 ms - -[39m
[32m[39m
2025-11-18 11:27:24 [32minfo[39m [32mGET /api/v1/tasks/my-tasks?page=1&limit=10 304 19.221 ms - -[39m
[32m[39m
2025-11-18 11:27:25 [32minfo[39m [32mGET /api/v1/livestock?page=1&limit=60 304 41.508 ms - -[39m
[32m[39m
2025-11-18 11:27:32 [32minfo[39m [32mGET /api/v1/livestock/cmi23zrer000ct1uomy9y9z95/health-history 304 511.159 ms - -[39m
[32m[39m
2025-11-18 11:27:32 [32minfo[39m [32mGET /api/v1/livestock/cmi23zrer000ct1uomy9y9z95/activity-timeline 304 389.670 ms - -[39m
[32m[39m
2025-11-18 11:28:38 [32minfo[39m [32mPOST /api/v1/auth/vet-login 200 175.334 ms - 588[39m
[32m[39m
2025-11-18 11:28:39 [32minfo[39m [32mGET /api/v1/tasks/my-tasks 304 21.369 ms - -[39m
[32m[39m
2025-11-18 11:28:47 [32minfo[39m [32mGET /api/v1/users/vet/assigned-farms 304 13.009 ms - -[39m
[32m[39m
2025-11-18 11:28:54 [32minfo[39m [32mGET /api/v1/users/vet/farms/cmi23zqea0000t1uotwyqvezv 304 94.061 ms - -[39m
[32m[39m
2025-11-18 11:28:55 [32minfo[39m [32mGET /api/v1/livestock?page=1&limit=60 304 38.437 ms - -[39m
[32m[39m
2025-11-18 11:28:56 [32minfo[39m [32mGET /api/v1/tasks/my-tasks?page=1&limit=10 304 15.157 ms - -[39m
[32m[39m
2025-11-18 11:29:06 [32minfo[39m [32mGET /api/v1/livestock/cmi23zrer000ct1uomy9y9z95/health-history 304 22.807 ms - -[39m
[32m[39m
2025-11-18 11:29:07 [32minfo[39m [32mGET /api/v1/livestock/cmi23zrer000ct1uomy9y9z95/activity-timeline 304 245.436 ms - -[39m
[32m[39m
2025-11-18 11:41:20 [32minfo[39m [32mPOST /api/v1/auth/vet-login 200 190.108 ms - 588[39m
[32m[39m
2025-11-18 11:41:23 [32minfo[39m [32mGET /api/v1/tasks/my-tasks 304 228.391 ms - -[39m
[32m[39m
2025-11-18 11:41:29 [32minfo[39m [32mGET /api/v1/users/vet/assigned-farms 304 13.670 ms - -[39m
[32m[39m
2025-11-18 11:41:33 [32minfo[39m [32mGET /api/v1/users/vet/farms/cmi23zqea0000t1uotwyqvezv 304 109.797 ms - -[39m
[32m[39m
2025-11-18 11:41:35 [32minfo[39m [32mGET /api/v1/livestock?page=1&limit=60 304 32.360 ms - -[39m
[32m[39m
2025-11-18 11:41:35 [32minfo[39m [32mGET /api/v1/tasks/my-tasks?page=1&limit=10 304 20.483 ms - -[39m
[32m[39m
2025-11-18 11:41:41 [32minfo[39m [32mGET /api/v1/livestock/cmi23zrer000ct1uomy9y9z95/health-history 304 280.076 ms - -[39m
[32m[39m
2025-11-18 11:41:42 [32minfo[39m [32mGET /api/v1/livestock/cmi23zrer000ct1uomy9y9z95/activity-timeline 304 201.885 ms - -[39m
[32m[39m
2025-11-18 11:45:52 [32minfo[39m [32mPOST /api/v1/auth/vet-login 200 391.017 ms - 588[39m
[32m[39m
2025-11-18 11:45:55 [32minfo[39m [32mGET /api/v1/tasks/my-tasks 304 25.487 ms - -[39m
[32m[39m
2025-11-18 11:46:01 [32minfo[39m [32mGET /api/v1/users/vet/assigned-farms 304 16.052 ms - -[39m
[32m[39m
2025-11-18 11:46:08 [32minfo[39m [32mGET /api/v1/users/vet/farms/cmi23zqea0000t1uotwyqvezv 304 181.791 ms - -[39m
[32m[39m
2025-11-18 11:46:09 [32minfo[39m [32mGET /api/v1/tasks/my-tasks?page=1&limit=10 304 33.651 ms - -[39m
[32m[39m
2025-11-18 11:46:09 [32minfo[39m [32mGET /api/v1/livestock?page=1&limit=60 304 38.755 ms - -[39m
[32m[39m
2025-11-18 11:46:15 [32minfo[39m [32mGET /api/v1/livestock/cmi23zrer000ct1uomy9y9z95/health-history 304 31.082 ms - -[39m
[32m[39m
2025-11-18 11:46:16 [32minfo[39m [32mGET /api/v1/livestock/cmi23zrer000ct1uomy9y9z95/activity-timeline 304 162.240 ms - -[39m
[32m[39m
2025-11-18 11:48:08 [32minfo[39m [32mPOST /api/v1/auth/vet-login 200 173.806 ms - 588[39m
[32m[39m
2025-11-18 11:48:11 [32minfo[39m [32mGET /api/v1/tasks/my-tasks 304 124.443 ms - -[39m
[32m[39m
2025-11-18 11:48:16 [32minfo[39m [32mGET /api/v1/users/vet/assigned-farms 304 28.555 ms - -[39m
[32m[39m
2025-11-18 11:48:22 [32minfo[39m [32mGET /api/v1/users/vet/farms/cmi23zqea0000t1uotwyqvezv 304 138.389 ms - -[39m
[32m[39m
2025-11-18 11:48:23 [32minfo[39m [32mGET /api/v1/livestock?page=1&limit=60 304 83.423 ms - -[39m
[32m[39m
2025-11-18 11:48:24 [32minfo[39m [32mGET /api/v1/tasks/my-tasks?page=1&limit=10 304 21.666 ms - -[39m
[32m[39m
2025-11-18 11:48:30 [32minfo[39m [32mGET /api/v1/livestock/cmi23zrer000ct1uomy9y9z95/health-history 304 144.835 ms - -[39m
[32m[39m
2025-11-18 11:48:31 [32minfo[39m [32mGET /api/v1/livestock/cmi23zrer000ct1uomy9y9z95/activity-timeline 304 247.838 ms - -[39m
[32m[39m
2025-11-18 11:50:38 [32minfo[39m [32mPOST /api/v1/treatment/follow-ups 422 25.339 ms - 187[39m
[32m[39m
2025-11-18 11:51:06 [32minfo[39m [32mPOST /api/v1/treatment/follow-ups 201 42.958 ms - 804[39m
[32m[39m
2025-11-18 11:53:13 [31merror[39m [31mInvalid credentials Invalid credentials[39m
2025-11-18 11:53:13 [32minfo[39m [32mPOST /api/v1/auth/vet-login 400 227.075 ms - 47[39m
[32m[39m
2025-11-18 11:53:21 [32minfo[39m [32mPOST /api/v1/auth/vet-login 200 157.840 ms - 588[39m
[32m[39m
2025-11-18 11:53:24 [32minfo[39m [32mGET /api/v1/tasks/my-tasks 304 44.760 ms - -[39m
[32m[39m
2025-11-18 11:53:27 [32minfo[39m [32mGET /api/v1/users/vet/assigned-farms 304 18.602 ms - -[39m
[32m[39m
2025-11-18 11:53:33 [32minfo[39m [32mGET /api/v1/users/vet/farms/cmi23zqea0000t1uotwyqvezv 304 189.040 ms - -[39m
[32m[39m
2025-11-18 11:53:36 [32minfo[39m [32mGET /api/v1/livestock?page=1&limit=60 304 39.662 ms - -[39m
[32m[39m
2025-11-18 11:53:36 [32minfo[39m [32mGET /api/v1/tasks/my-tasks?page=1&limit=10 304 194.161 ms - -[39m
[32m[39m
2025-11-18 11:53:42 [32minfo[39m [32mGET /api/v1/livestock/cmi23zrer000ct1uomy9y9z95/health-history 304 321.391 ms - -[39m
[32m[39m
2025-11-18 11:53:44 [32minfo[39m [32mGET /api/v1/livestock/cmi23zrer000ct1uomy9y9z95/activity-timeline 304 287.014 ms - -[39m
[32m[39m
2025-11-18 12:00:01 [31merror[39m [31mInvalid credentials Invalid credentials[39m
2025-11-18 12:00:01 [32minfo[39m [32mPOST /api/v1/auth/vet-login 400 197.171 ms - 47[39m
[32m[39m
2025-11-18 12:00:12 [32minfo[39m [32mPOST /api/v1/auth/vet-login 200 178.014 ms - 588[39m
[32m[39m
2025-11-18 12:00:14 [32minfo[39m [32mGET /api/v1/tasks/my-tasks 304 217.818 ms - -[39m
[32m[39m
2025-11-18 12:00:25 [32minfo[39m [32mGET /api/v1/users/vet/assigned-farms 304 11.766 ms - -[39m
[32m[39m
2025-11-18 12:00:30 [32minfo[39m [32mGET /api/v1/users/vet/farms/cmi23zqea0000t1uotwyqvezv 304 75.815 ms - -[39m
[32m[39m
2025-11-18 12:00:31 [32minfo[39m [32mGET /api/v1/tasks/my-tasks?page=1&limit=10 304 16.454 ms - -[39m
[32m[39m
2025-11-18 12:00:32 [32minfo[39m [32mGET /api/v1/livestock?page=1&limit=60 304 27.821 ms - -[39m
[32m[39m
2025-11-18 12:00:44 [32minfo[39m [32mGET /api/v1/livestock/cmi23zrer000ct1uomy9y9z95/health-history 200 33.525 ms - 3240[39m
[32m[39m
2025-11-18 12:00:44 [32minfo[39m [32mGET /api/v1/livestock/cmi23zrer000ct1uomy9y9z95/activity-timeline 200 209.942 ms - 9911[39m
[32m[39m
2025-11-18 12:40:26 [32minfo[39m [32mPOST /api/v1/auth/vet-login 200 187.692 ms - 588[39m
[32m[39m
2025-11-18 12:40:30 [32minfo[39m [32mGET /api/v1/tasks/my-tasks 304 116.029 ms - -[39m
[32m[39m
2025-11-18 12:43:23 [32minfo[39m [32mPOST /api/v1/auth/vet-login 200 142.452 ms - 588[39m
[32m[39m
2025-11-18 12:43:25 [32minfo[39m [32mGET /api/v1/tasks/my-tasks 304 105.740 ms - -[39m
[32m[39m
2025-11-18 12:43:29 [32minfo[39m [32mGET /api/v1/users/vet/assigned-farms 304 19.408 ms - -[39m
[32m[39m
2025-11-18 12:43:33 [32minfo[39m [32mGET /api/v1/users/vet/assigned-farms 304 8.430 ms - -[39m
[32m[39m
2025-11-18 12:43:37 [32minfo[39m [32mGET /api/v1/tasks/my-tasks 304 22.675 ms - -[39m
[32m[39m
2025-11-18 12:43:50 [32minfo[39m [32mGET /api/v1/users/vet/assigned-farms 304 19.033 ms - -[39m
[32m[39m
2025-11-18 12:43:52 [32minfo[39m [32mGET /api/v1/users/vet/farms/cmi23zqea0000t1uotwyqvezv 304 106.044 ms - -[39m
[32m[39m
2025-11-18 12:43:53 [32minfo[39m [32mGET /api/v1/tasks/my-tasks?page=1&limit=10 304 11.351 ms - -[39m
[32m[39m
2025-11-18 12:43:54 [32minfo[39m [32mGET /api/v1/livestock?page=1&limit=60 304 33.772 ms - -[39m
[32m[39m
2025-11-18 12:44:00 [32minfo[39m [32mGET /api/v1/livestock/cmi23zrer000ct1uomy9y9z95/health-history 304 42.850 ms - -[39m
[32m[39m
2025-11-18 12:44:00 [32minfo[39m [32mGET /api/v1/livestock/cmi23zrer000ct1uomy9y9z95/activity-timeline 304 234.012 ms - -[39m
[32m[39m
2025-11-18 12:44:59 [32minfo[39m [32mGET /api/v1/users/vet/farms/cmi23zqea0000t1uotwyqvezv 304 317.376 ms - -[39m
[32m[39m
2025-11-18 12:44:59 [32minfo[39m [32mGET /api/v1/livestock?page=1&limit=60 304 29.787 ms - -[39m
[32m[39m
2025-11-18 12:45:00 [32minfo[39m [32mGET /api/v1/tasks/my-tasks?page=1&limit=10 304 17.326 ms - -[39m
[32m[39m
2025-11-18 12:45:01 [32minfo[39m [32mGET /api/v1/users/vet/assigned-farms 304 11.887 ms - -[39m
[32m[39m
2025-11-18 12:45:02 [32minfo[39m [32mGET /api/v1/tasks/my-tasks 304 9.883 ms - -[39m
[32m[39m
2025-11-18 12:46:05 [32minfo[39m [32mGET /api/v1/tasks/my-tasks 304 248.344 ms - -[39m
[32m[39m
2025-11-18 13:00:59 [31merror[39m [31mInvalid credentials Invalid credentials[39m
2025-11-18 13:00:59 [32minfo[39m [32mPOST /api/v1/auth/vet-login 400 150.086 ms - 47[39m
[32m[39m
2025-11-18 13:01:11 [32minfo[39m [32mPOST /api/v1/auth/vet-login 200 220.418 ms - 588[39m
[32m[39m
2025-11-18 13:01:15 [32minfo[39m [32mGET /api/v1/tasks/my-tasks 304 111.336 ms - -[39m
[32m[39m
2025-11-18 13:01:22 [32minfo[39m [32mGET /api/v1/users/vet/assigned-farms 304 11.299 ms - -[39m
[32m[39m
2025-11-18 13:01:26 [32minfo[39m [32mGET /api/v1/users/vet/farms/cmi23zqea0000t1uotwyqvezv 200 85.450 ms - 18022[39m
[32m[39m
2025-11-18 13:01:27 [32minfo[39m [32mGET /api/v1/livestock?page=1&limit=60 304 30.934 ms - -[39m
[32m[39m
2025-11-18 13:01:28 [32minfo[39m [32mGET /api/v1/tasks/my-tasks?page=1&limit=10 304 27.034 ms - -[39m
[32m[39m
2025-11-18 13:01:39 [32minfo[39m [32mGET /api/v1/livestock/cmi23zrer000ct1uomy9y9z95/activity-timeline 304 215.081 ms - -[39m
[32m[39m
2025-11-18 13:01:39 [32minfo[39m [32mGET /api/v1/livestock/cmi23zrer000ct1uomy9y9z95/health-history 304 27.452 ms - -[39m
[32m[39m
2025-11-18 13:08:09 [32minfo[39m [32mPOST /api/v1/auth/vet-login 200 158.856 ms - 588[39m
[32m[39m
2025-11-18 13:08:11 [32minfo[39m [32mGET /api/v1/tasks/my-tasks 304 110.446 ms - -[39m
[32m[39m
2025-11-18 13:08:16 [32minfo[39m [32mGET /api/v1/users/vet/assigned-farms 304 13.305 ms - -[39m
[32m[39m
2025-11-18 13:08:21 [32minfo[39m [32mGET /api/v1/users/vet/farms/cmi23zqea0000t1uotwyqvezv 304 99.116 ms - -[39m
[32m[39m
2025-11-18 13:08:22 [32minfo[39m [32mGET /api/v1/livestock?page=1&limit=60 304 31.175 ms - -[39m
[32m[39m
2025-11-18 13:08:23 [32minfo[39m [32mGET /api/v1/tasks/my-tasks?page=1&limit=10 304 14.267 ms - -[39m
[32m[39m
2025-11-18 13:08:30 [32minfo[39m [32mGET /api/v1/livestock/cmi23zrer000ct1uomy9y9z95/health-history 200 118.226 ms - 3240[39m
[32m[39m
2025-11-18 13:08:31 [32minfo[39m [32mGET /api/v1/livestock/cmi23zrer000ct1uomy9y9z95/activity-timeline 200 176.620 ms - 9911[39m
[32m[39m
2025-11-18 13:16:05 [32minfo[39m [32mPOST /api/v1/auth/vet-login 200 160.836 ms - 588[39m
[32m[39m
2025-11-18 13:16:08 [32minfo[39m [32mGET /api/v1/tasks/my-tasks 304 217.441 ms - -[39m
[32m[39m
2025-11-18 13:21:12 [32minfo[39m [32mGET /api/v1/users/vet/assigned-farms 304 102.094 ms - -[39m
[32m[39m
2025-11-18 13:21:18 [32minfo[39m [32mGET /api/v1/users/vet/farms/cmi23zqea0000t1uotwyqvezv 304 84.906 ms - -[39m
[32m[39m
2025-11-18 13:21:20 [32minfo[39m [32mGET /api/v1/livestock?page=1&limit=60 304 24.229 ms - -[39m
[32m[39m
2025-11-18 13:21:20 [32minfo[39m [32mGET /api/v1/tasks/my-tasks?page=1&limit=10 304 194.523 ms - -[39m
[32m[39m
2025-11-18 13:21:32 [32minfo[39m [32mGET /api/v1/livestock/cmi23zrer000ct1uomy9y9z95/health-history 304 201.782 ms - -[39m
[32m[39m
2025-11-18 13:21:33 [32minfo[39m [32mGET /api/v1/livestock/cmi23zrer000ct1uomy9y9z95/activity-timeline 304 253.317 ms - -[39m
[32m[39m
2025-11-18 13:23:38 [32minfo[39m [32mPOST /api/v1/treatment/follow-ups 201 86.222 ms - 808[39m
[32m[39m
2025-11-18 13:23:48 [32minfo[39m [32mGET /api/v1/users/vet/farms/cmi23zqea0000t1uotwyqvezv 304 89.709 ms - -[39m
[32m[39m
2025-11-18 13:23:50 [32minfo[39m [32mGET /api/v1/livestock?page=1&limit=60 304 27.136 ms - -[39m
[32m[39m
2025-11-18 13:23:50 [32minfo[39m [32mGET /api/v1/tasks/my-tasks?page=1&limit=10 304 14.216 ms - -[39m
[32m[39m
2025-11-18 13:23:55 [32minfo[39m [32mGET /api/v1/users/vet/assigned-farms 200 15.416 ms - 1132[39m
[32m[39m
2025-11-18 13:26:54 [32minfo[39m [32mGET /api/v1/tasks/my-tasks 304 288.485 ms - -[39m
[32m[39m
2025-11-18 13:35:22 [32minfo[39m [32mGET /api/v1/notifications 401 21.394 ms - 66[39m
[32m[39m
2025-11-18 13:35:40 [32minfo[39m [32mPOST /api/v1/auth/vet-login 200 363.553 ms - 588[39m
[32m[39m
2025-11-18 13:36:10 [32minfo[39m [32mGET /api/v1/notifications 200 222.519 ms - 11417[39m
[32m[39m
2025-11-18 14:12:51 [32minfo[39m [32mPOST /api/v1/auth/vet-login 200 174.029 ms - 588[39m
[32m[39m
2025-11-18 14:12:55 [32minfo[39m [32mGET /api/v1/tasks/my-tasks 200 103.215 ms - 4795[39m
[32m[39m
2025-11-18 14:15:57 [32minfo[39m [32mPOST /api/v1/auth/vet-login 200 181.896 ms - 588[39m
[32m[39m
2025-11-18 14:20:49 [32minfo[39m [32mPOST /api/v1/auth/vet-login 200 117.568 ms - 588[39m
[32m[39m
2025-11-18 14:20:52 [32minfo[39m [32mGET /api/v1/tasks/my-tasks 304 203.394 ms - -[39m
[32m[39m
2025-11-18 14:20:55 [32minfo[39m [32mGET /api/v1/users/vet/assigned-farms 304 22.568 ms - -[39m
[32m[39m
2025-11-18 14:21:06 [32minfo[39m [32mGET /api/v1/tasks/my-tasks 304 20.449 ms - -[39m
[32m[39m
2025-11-18 14:21:31 [32minfo[39m [32mGET /api/v1/tasks/my-tasks 304 10.016 ms - -[39m
[32m[39m
2025-11-18 14:21:33 [32minfo[39m [32mGET /api/v1/tasks/my-tasks 304 13.488 ms - -[39m
[32m[39m
2025-11-18 14:21:34 [32minfo[39m [32mGET /api/v1/tasks/my-tasks 304 14.675 ms - -[39m
[32m[39m
2025-11-18 14:21:35 [32minfo[39m [32mGET /api/v1/tasks/my-tasks 304 9.297 ms - -[39m
[32m[39m
2025-11-18 14:21:35 [32minfo[39m [32mGET /api/v1/tasks/my-tasks 304 20.540 ms - -[39m
[32m[39m
2025-11-18 14:21:35 [32minfo[39m [32mGET /api/v1/tasks/my-tasks 304 9.757 ms - -[39m
[32m[39m
2025-11-18 14:21:36 [32minfo[39m [32mGET /api/v1/tasks/my-tasks 304 8.856 ms - -[39m
[32m[39m
2025-11-18 14:21:37 [32minfo[39m [32mGET /api/v1/tasks/my-tasks 304 13.027 ms - -[39m
[32m[39m
2025-11-18 14:22:26 [32minfo[39m [32mGET /api/v1/notifications 200 94.814 ms - 11417[39m
[32m[39m
2025-11-18 14:22:39 [32minfo[39m [32mPATCH /api/v1/notifications/cmi4ap0j2000bt1n0jfwhbpyf/status 404 2.972 ms - 158[39m
[32m[39m
2025-11-18 14:22:47 [32minfo[39m [32mGET /api/v1/tasks/my-tasks 304 16.366 ms - -[39m
[32m[39m
2025-11-18 14:55:41 [32minfo[39m [32mPATCH /api/v1/notifications/cmi460jpr000kt1dgrc6h0faz/status 404 10.748 ms - 158[39m
[32m[39m
2025-11-18 14:56:23 [32minfo[39m [32mPATCH /api/v1/notifications/cmi460jpr000kt1dgrc6h0faz/status 404 2.296 ms - 158[39m
[32m[39m
2025-11-18 14:57:24 [32minfo[39m [32mPATCH /api/v1/notifications/cmi460jpr000kt1dgrc6h0faz/status 401 17.281 ms - 64[39m
[32m[39m
2025-11-18 14:57:43 [32minfo[39m [32mPOST /api/v1/auth/vet-login 200 327.567 ms - 588[39m
[32m[39m
2025-11-18 14:59:28 [32minfo[39m [32mPATCH /api/v1/notifications/cmi460jpr000kt1dgrc6h0faz/status 422 11.055 ms - 175[39m
[32m[39m
2025-11-18 14:59:54 [31merror[39m [31mPrisma error: [39m
[31mInvalid `prisma.notification.update()` invocation in[39m
[31mC:\Users\DoBUY\Agritech-Backend\src\contollers\notification.controller.ts:66:52[39m

[31m  63 const notificationId = req.params.notificationId;[39m
[31m  64 const { status } = req.body;[39m
[31m  65 [39m
[31m→ 66 const notification = await prisma.notification.update([39m
[31mAn operation failed because it depends on one or more records that were required but not found. No record was found for an update. [39m
[31mInvalid `prisma.notification.update()` invocation in[39m
[31mC:\Users\DoBUY\Agritech-Backend\src\contollers\notification.controller.ts:66:52[39m

[31m  63 const notificationId = req.params.notificationId;[39m
[31m  64 const { status } = req.body;[39m
[31m  65 [39m
[31m→ 66 const notification = await prisma.notification.update([39m
[31mAn operation failed because it depends on one or more records that were required but not found. No record was found for an update.[39m
2025-11-18 14:59:54 [32minfo[39m [32mPATCH /api/v1/notifications/cmi460jpr000kt1dgrc6h0faz/status 400 61.260 ms - 478[39m
[32m[39m
2025-11-18 15:04:45 [31merror[39m [31mYou do not have permission to update this notification You do not have permission to update this notification[39m
2025-11-18 15:04:45 [32minfo[39m [32mPATCH /api/v1/notifications/cmi460jpr000kt1dgrc6h0faz/status 403 212.006 ms - 82[39m
[32m[39m
2025-11-18 15:37:37 [31merror[39m [31mPrisma error: [39m
[31mInvalid `prisma.notification.update()` invocation in[39m
[31mC:\Users\DoBUY\Agritech-Backend\src\contollers\notification.controller.ts:66:52[39m

[31m  63 const notificationId = req.params.notificationId;[39m
[31m  64 const { status } = req.body;[39m
[31m  65 [39m
[31m→ 66 const notification = await prisma.notification.update([39m
[31mAn operation failed because it depends on one or more records that were required but not found. No record was found for an update. [39m
[31mInvalid `prisma.notification.update()` invocation in[39m
[31mC:\Users\DoBUY\Agritech-Backend\src\contollers\notification.controller.ts:66:52[39m

[31m  63 const notificationId = req.params.notificationId;[39m
[31m  64 const { status } = req.body;[39m
[31m  65 [39m
[31m→ 66 const notification = await prisma.notification.update([39m
[31mAn operation failed because it depends on one or more records that were required but not found. No record was found for an update.[39m
2025-11-18 15:37:37 [32minfo[39m [32mPATCH /api/v1/notifications/cmi460jpr000kt1dgrc6h0faz/status 400 1456.680 ms - 478[39m
[32m[39m
2025-11-18 15:38:15 [31merror[39m [31mPrisma error: [39m
[31mInvalid `prisma.notification.update()` invocation in[39m
[31mC:\Users\DoBUY\Agritech-Backend\src\contollers\notification.controller.ts:66:52[39m

[31m  63 const notificationId = req.params.notificationId;[39m
[31m  64 const { status } = req.body;[39m
[31m  65 [39m
[31m→ 66 const notification = await prisma.notification.update([39m
[31mAn operation failed because it depends on one or more records that were required but not found. No record was found for an update. [39m
[31mInvalid `prisma.notification.update()` invocation in[39m
[31mC:\Users\DoBUY\Agritech-Backend\src\contollers\notification.controller.ts:66:52[39m

[31m  63 const notificationId = req.params.notificationId;[39m
[31m  64 const { status } = req.body;[39m
[31m  65 [39m
[31m→ 66 const notification = await prisma.notification.update([39m
[31mAn operation failed because it depends on one or more records that were required but not found. No record was found for an update.[39m
2025-11-18 15:38:15 [32minfo[39m [32mPATCH /api/v1/notifications/cmi460jpr000kt1dgrc6h0faz/status 400 15.990 ms - 478[39m
[32m[39m
2025-11-18 15:38:42 [32minfo[39m [32mPATCH /api/v1/notifications/cmi460jq9000nt1dgbpsfckym/status 200 140.111 ms - 647[39m
[32m[39m
2025-11-18 20:01:51 [32minfo[39m [32mPATCH /api/v1/notifications/cmi460jq9000nt1dgbpsfckym/status 401 11.835 ms - 64[39m
[32m[39m
2025-11-18 20:02:01 [32minfo[39m [32mPOST /api/v1/auth/vet-login 200 231.493 ms - 588[39m
[32m[39m
2025-11-18 20:02:43 [32minfo[39m [32mPATCH /api/v1/notifications/cmi460jq9000nt1dgbpsfckym/status 200 23.625 ms - 647[39m
[32m[39m
2025-11-18 20:15:52 [32minfo[39m [32mPOST /api/v1/auth/vet-login 200 142.388 ms - 588[39m
[32m[39m
2025-11-18 20:15:55 [32minfo[39m [32mGET /api/v1/tasks/my-tasks 304 117.812 ms - -[39m
[32m[39m
2025-11-18 20:16:05 [32minfo[39m [32mGET /api/v1/notifications 200 190.997 ms - 11437[39m
[32m[39m
2025-11-18 20:16:12 [32minfo[39m [32mPATCH /api/v1/notifications/cmi460jra000rt1dg9id2v023/status 200 18.289 ms - 647[39m
[32m[39m
2025-11-18 20:16:34 [32minfo[39m [32mGET /api/v1/notifications 200 13.185 ms - 11457[39m
[32m[39m
2025-11-18 20:16:40 [32minfo[39m [32mPATCH /api/v1/notifications/cmi4ap0j2000bt1n0jfwhbpyf/status 200 16.748 ms - 666[39m
[32m[39m
2025-11-18 20:16:53 [32minfo[39m [32mGET /api/v1/notifications 200 13.828 ms - 11477[39m
[32m[39m
2025-11-18 20:16:56 [32minfo[39m [32mGET /api/v1/notifications 304 11.446 ms - -[39m
[32m[39m
2025-11-18 20:17:01 [32minfo[39m [32mGET /api/v1/tasks/my-tasks 304 11.970 ms - -[39m
[32m[39m
2025-11-18 20:59:43 [32minfo[39m [32mPOST /api/v1/auth/vet-login 200 197.905 ms - 588[39m
[32m[39m
2025-11-18 20:59:46 [32minfo[39m [32mGET /api/v1/notifications 304 256.620 ms - -[39m
[32m[39m
2025-11-18 20:59:47 [32minfo[39m [32mGET /api/v1/tasks/my-tasks 304 26.108 ms - -[39m
[32m[39m
2025-11-18 20:59:52 [32minfo[39m [32mGET /api/v1/notifications 304 18.805 ms - -[39m
[32m[39m
2025-11-18 21:00:04 [32minfo[39m [32mPATCH /api/v1/notifications/cmi460k9m0023t1dg60b1ufjc/status 200 198.209 ms - 647[39m
[32m[39m
2025-11-18 21:00:08 [32minfo[39m [32mPATCH /api/v1/notifications/cmi460k2f001zt1dgpijl04uw/status 200 7.685 ms - 647[39m
[32m[39m
2025-11-18 21:00:11 [32minfo[39m [32mPATCH /api/v1/notifications/cmi460k1v001vt1dglwaseeos/status 200 7.353 ms - 647[39m
[32m[39m
2025-11-18 21:00:15 [32minfo[39m [32mPATCH /api/v1/notifications/cmi460k0s001rt1dg0yc7jgj9/status 200 8.637 ms - 647[39m
[32m[39m
2025-11-18 21:00:16 [32minfo[39m [32mGET /api/v1/notifications 200 14.203 ms - 11557[39m
[32m[39m
2025-11-18 21:00:16 [32minfo[39m [32mPATCH /api/v1/notifications/cmi460jzw001nt1dgfj6rponk/status 200 9.095 ms - 647[39m
[32m[39m
2025-11-18 21:00:19 [32minfo[39m [32mGET /api/v1/tasks/my-tasks 304 14.963 ms - -[39m
[32m[39m
2025-11-18 21:00:38 [32minfo[39m [32mGET /api/v1/notifications 200 16.570 ms - 11577[39m
[32m[39m
2025-11-18 21:00:45 [32minfo[39m [32mGET /api/v1/notifications 304 11.579 ms - -[39m
[32m[39m
2025-11-18 21:00:46 [32minfo[39m [32mGET /api/v1/tasks/my-tasks 304 18.877 ms - -[39m
[32m[39m
2025-11-18 21:00:49 [32minfo[39m [32mGET /api/v1/notifications 200 10.459 ms - 11577[39m
[32m[39m
2025-11-18 21:01:01 [32minfo[39m [32mPATCH /api/v1/notifications/cmi460jor000jt1dgvxrgibdq/status 200 15.114 ms - 647[39m
[32m[39m
2025-11-18 21:01:04 [32minfo[39m [32mGET /api/v1/tasks/my-tasks 304 13.335 ms - -[39m
[32m[39m
2025-11-18 21:01:09 [32minfo[39m [32mGET /api/v1/notifications 200 10.737 ms - 11596[39m
[32m[39m
2025-11-18 21:01:15 [32minfo[39m [32mGET /api/v1/notifications 304 11.653 ms - -[39m
[32m[39m
2025-11-18 21:01:20 [32minfo[39m [32mGET /api/v1/tasks/my-tasks 304 11.051 ms - -[39m
[32m[39m
2025-11-18 21:01:24 [32minfo[39m [32mGET /api/v1/notifications 200 9.771 ms - 11596[39m
[32m[39m
2025-11-18 21:01:27 [32minfo[39m [32mPATCH /api/v1/notifications/cmi4ap0i40007t1n0o6ml9zy1/status 200 15.145 ms - 666[39m
[32m[39m
2025-11-18 21:01:29 [32minfo[39m [32mGET /api/v1/tasks/my-tasks 304 9.764 ms - -[39m
[32m[39m
2025-11-18 21:01:34 [32minfo[39m [32mGET /api/v1/notifications 200 10.382 ms - 11616[39m
[32m[39m
2025-11-18 21:01:37 [32minfo[39m [32mPATCH /api/v1/notifications/cmi460kau0027t1dgz4t13erd/status 200 6.609 ms - 647[39m
[32m[39m
2025-11-18 21:01:45 [32minfo[39m [32mGET /api/v1/notifications 200 10.232 ms - 11636[39m
[32m[39m
2025-11-18 21:01:57 [32minfo[39m [32mGET /api/v1/tasks/my-tasks 304 9.455 ms - -[39m
[32m[39m
2025-11-18 21:02:01 [32minfo[39m [32mGET /api/v1/notifications 200 11.948 ms - 11636[39m
[32m[39m
2025-11-18 21:02:10 [32minfo[39m [32mGET /api/v1/tasks/my-tasks 304 9.438 ms - -[39m
[32m[39m
2025-11-18 21:02:15 [32minfo[39m [32mGET /api/v1/notifications 304 9.825 ms - -[39m
[32m[39m
2025-11-18 21:02:45 [32minfo[39m [32mGET /api/v1/notifications 200 18.938 ms - 11636[39m
[32m[39m
2025-11-18 21:03:16 [32minfo[39m [32mGET /api/v1/notifications 200 22.518 ms - 11636[39m
[32m[39m
2025-11-18 21:03:46 [32minfo[39m [32mGET /api/v1/notifications 200 13.195 ms - 11636[39m
[32m[39m
2025-11-18 21:04:16 [32minfo[39m [32mGET /api/v1/notifications 200 11.938 ms - 11636[39m
[32m[39m
2025-11-18 21:04:47 [32minfo[39m [32mGET /api/v1/notifications 200 391.168 ms - 11636[39m
[32m[39m
2025-11-18 21:05:15 [32minfo[39m [32mGET /api/v1/notifications 200 142.737 ms - 11636[39m
[32m[39m
2025-11-18 21:05:45 [32minfo[39m [32mGET /api/v1/notifications 200 25.121 ms - 11636[39m
[32m[39m
2025-11-18 21:06:16 [32minfo[39m [32mGET /api/v1/notifications 200 15.984 ms - 11636[39m
[32m[39m
2025-11-18 21:08:23 [32minfo[39m [32mGET /api/v1/notifications 200 22.022 ms - 11636[39m
[32m[39m
2025-11-18 21:08:52 [32minfo[39m [32mGET /api/v1/notifications 200 33.800 ms - 11636[39m
[32m[39m
2025-11-18 21:09:22 [32minfo[39m [32mGET /api/v1/notifications 304 1410.205 ms - -[39m
[32m[39m
2025-11-18 21:09:53 [32minfo[39m [32mGET /api/v1/notifications 200 2085.867 ms - 11636[39m
[32m[39m
2025-11-18 21:10:24 [32minfo[39m [32mGET /api/v1/notifications 200 1742.573 ms - 11636[39m
[32m[39m
2025-11-18 21:10:51 [32minfo[39m [32mGET /api/v1/notifications 200 44.058 ms - 11636[39m
[32m[39m
2025-11-18 21:11:22 [32minfo[39m [32mGET /api/v1/notifications 200 19.104 ms - 11636[39m
[32m[39m
2025-11-18 21:11:55 [32minfo[39m [32mGET /api/v1/notifications 200 3052.421 ms - 11636[39m
[32m[39m
2025-11-18 21:12:22 [32minfo[39m [32mGET /api/v1/notifications 200 33.000 ms - 11636[39m
[32m[39m
2025-11-18 21:12:53 [32minfo[39m [32mGET /api/v1/notifications 200 681.202 ms - 11636[39m
[32m[39m
2025-11-18 21:14:18 [32minfo[39m [32mPOST /api/v1/auth/vet-login 200 3281.857 ms - 588[39m
[32m[39m
2025-11-18 21:14:23 [32minfo[39m [32mGET /api/v1/notifications 200 34.911 ms - 11636[39m
[32m[39m
2025-11-18 21:14:23 [32minfo[39m [32mGET /api/v1/tasks/my-tasks 304 114.338 ms - -[39m
[32m[39m
2025-11-18 21:14:32 [32minfo[39m [32mGET /api/v1/notifications 304 160.579 ms - -[39m
[32m[39m
2025-11-18 21:14:33 [32minfo[39m [32mGET /api/v1/tasks/my-tasks 304 338.426 ms - -[39m
[32m[39m
2025-11-18 21:14:41 [32minfo[39m [32mGET /api/v1/users/vet/assigned-farms 304 499.993 ms - -[39m
[32m[39m
2025-11-18 21:14:49 [32minfo[39m [32mGET /api/v1/notifications 304 799.176 ms - -[39m
[32m[39m
2025-11-18 21:14:51 [32minfo[39m [32mGET /api/v1/notifications 304 601.980 ms - -[39m
[32m[39m
2025-11-18 21:15:19 [32minfo[39m [32mGET /api/v1/notifications 200 859.719 ms - 11636[39m
[32m[39m
2025-11-18 21:15:20 [32minfo[39m [32mGET /api/v1/notifications 200 53.559 ms - 11636[39m
[32m[39m
2025-11-18 21:15:48 [32minfo[39m [32mGET /api/v1/notifications 304 457.764 ms - -[39m
[32m[39m
2025-11-18 21:15:49 [32minfo[39m [32mGET /api/v1/notifications 304 201.692 ms - -[39m
[32m[39m
2025-11-18 21:16:19 [32minfo[39m [32mGET /api/v1/notifications 200 1577.072 ms - 11636[39m
[32m[39m
2025-11-18 21:16:21 [32minfo[39m [32mGET /api/v1/notifications 200 328.520 ms - 11636[39m
[32m[39m
2025-11-18 21:16:49 [32minfo[39m [32mGET /api/v1/notifications 304 290.825 ms - -[39m
[32m[39m
2025-11-18 21:16:50 [32minfo[39m [32mGET /api/v1/notifications 304 429.692 ms - -[39m
[32m[39m
2025-11-18 21:17:17 [32minfo[39m [32mGET /api/v1/notifications 304 63.819 ms - -[39m
[32m[39m
2025-11-18 21:17:20 [32minfo[39m [32mGET /api/v1/notifications 304 24.742 ms - -[39m
[32m[39m
2025-11-18 21:17:50 [32minfo[39m [32mGET /api/v1/notifications 200 1109.916 ms - 11636[39m
[32m[39m
2025-11-18 21:17:52 [32minfo[39m [32mGET /api/v1/notifications 304 388.261 ms - -[39m
[32m[39m
2025-11-18 21:19:05 [32minfo[39m [32mPOST /api/v1/auth/vet-login 200 1652.366 ms - 588[39m
[32m[39m
2025-11-18 21:19:09 [32minfo[39m [32mGET /api/v1/tasks/my-tasks 304 733.322 ms - -[39m
[32m[39m
2025-11-18 21:19:09 [32minfo[39m [32mGET /api/v1/notifications 200 793.880 ms - 11636[39m
[32m[39m
2025-11-18 21:19:17 [32minfo[39m [32mGET /api/v1/users/vet/assigned-farms 304 26.785 ms - -[39m
[32m[39m
2025-11-18 21:19:26 [32minfo[39m [32mGET /api/v1/tasks/my-tasks 304 30.089 ms - -[39m
[32m[39m
2025-11-18 21:19:38 [32minfo[39m [32mGET /api/v1/notifications 304 27.554 ms - -[39m
[32m[39m
2025-11-18 21:20:07 [32minfo[39m [32mGET /api/v1/notifications 200 12.390 ms - 11636[39m
[32m[39m
2025-11-18 22:09:34 [32minfo[39m [32mPOST /api/v1/auth/vet-login 200 436.505 ms - 588[39m
[32m[39m
2025-11-18 22:09:40 [32minfo[39m [32mGET /api/v1/tasks/my-tasks 304 195.573 ms - -[39m
[32m[39m
2025-11-18 22:09:41 [32minfo[39m [32mGET /api/v1/notifications 200 261.025 ms - 11636[39m
[32m[39m
2025-11-18 22:09:50 [32minfo[39m [32mGET /api/v1/notifications 304 11.067 ms - -[39m
[32m[39m
2025-11-18 22:10:08 [32minfo[39m [32mGET /api/v1/notifications 200 733.187 ms - 11636[39m
[32m[39m
2025-11-18 22:10:39 [32minfo[39m [32mGET /api/v1/notifications 304 27.211 ms - -[39m
[32m[39m
2025-11-18 22:11:06 [32minfo[39m [32mGET /api/v1/notifications 200 11.978 ms - 11636[39m
[32m[39m
2025-11-18 22:11:41 [32minfo[39m [32mGET /api/v1/notifications 304 24.587 ms - -[39m
[32m[39m
2025-11-18 22:12:07 [32minfo[39m [32mGET /api/v1/notifications 200 15.418 ms - 11636[39m
[32m[39m
2025-11-18 22:12:35 [32minfo[39m [32mGET /api/v1/notifications 200 15.229 ms - 11636[39m
[32m[39m
2025-11-18 22:13:10 [32minfo[39m [32mGET /api/v1/notifications 200 192.191 ms - 11636[39m
[32m[39m
2025-11-18 22:13:37 [32minfo[39m [32mGET /api/v1/notifications 200 12.786 ms - 11636[39m
[32m[39m
2025-11-18 22:14:09 [32minfo[39m [32mGET /api/v1/notifications 200 11.275 ms - 11636[39m
[32m[39m
2025-11-18 22:14:37 [32minfo[39m [32mGET /api/v1/notifications 200 11.284 ms - 11636[39m
[32m[39m
2025-11-18 22:15:04 [32minfo[39m [32mGET /api/v1/tasks/my-tasks 304 366.644 ms - -[39m
[32m[39m
2025-11-18 22:15:07 [32minfo[39m [32mGET /api/v1/notifications 200 200.125 ms - 11636[39m
[32m[39m
2025-11-18 22:15:38 [32minfo[39m [32mGET /api/v1/notifications 200 22.263 ms - 11636[39m
[32m[39m
2025-11-18 22:16:07 [32minfo[39m [32mGET /api/v1/notifications 200 25.706 ms - 11636[39m
[32m[39m
2025-11-18 22:16:37 [32minfo[39m [32mGET /api/v1/notifications 200 25.579 ms - 11636[39m
[32m[39m
2025-11-19 04:54:52 [32minfo[39m [32mPOST /api/v1/auth/vet-login 200 400.873 ms - 588[39m
[32m[39m
2025-11-19 04:54:55 [32minfo[39m [32mGET /api/v1/notifications 200 140.995 ms - 11636[39m
[32m[39m
2025-11-19 04:54:55 [32minfo[39m [32mGET /api/v1/tasks/my-tasks 304 34.526 ms - -[39m
[32m[39m
2025-11-19 04:55:05 [32minfo[39m [32mGET /api/v1/users/vet/assigned-farms 304 25.624 ms - -[39m
[32m[39m
2025-11-19 04:55:11 [32minfo[39m [32mGET /api/v1/tasks/my-tasks 304 29.378 ms - -[39m
[32m[39m
2025-11-19 04:55:25 [32minfo[39m [32mGET /api/v1/notifications 304 12.909 ms - -[39m
[32m[39m
2025-11-19 04:55:55 [32minfo[39m [32mGET /api/v1/notifications 200 37.161 ms - 11636[39m
[32m[39m
2025-11-19 04:56:25 [32minfo[39m [32mGET /api/v1/notifications 200 16.639 ms - 11636[39m
[32m[39m
2025-11-19 04:56:54 [32minfo[39m [32mGET /api/v1/notifications 200 14.155 ms - 11636[39m
[32m[39m
2025-11-19 04:57:23 [32minfo[39m [32mPOST /api/v1/auth/vet-login 200 296.672 ms - 588[39m
[32m[39m
2025-11-19 04:57:25 [32minfo[39m [32mGET /api/v1/notifications 200 20.807 ms - 11636[39m
[32m[39m
2025-11-19 04:57:55 [32minfo[39m [32mGET /api/v1/notifications 200 15.746 ms - 11636[39m
[32m[39m
2025-11-19 04:57:58 [32minfo[39m [32mGET /api/v1/tasks/my-tasks 200 16.286 ms - 4795[39m
[32m[39m
2025-11-19 04:58:25 [32minfo[39m [32mGET /api/v1/notifications 200 20.494 ms - 11636[39m
[32m[39m
2025-11-19 04:58:54 [32minfo[39m [32mGET /api/v1/notifications 200 13.935 ms - 11636[39m
[32m[39m
2025-11-19 04:59:25 [32minfo[39m [32mGET /api/v1/notifications 200 17.518 ms - 11636[39m
[32m[39m
2025-11-19 04:59:55 [32minfo[39m [32mGET /api/v1/notifications 200 91.670 ms - 11636[39m
[32m[39m
2025-11-19 05:00:26 [32minfo[39m [32mGET /api/v1/notifications 200 242.771 ms - 11636[39m
[32m[39m
2025-11-19 05:00:54 [32minfo[39m [32mGET /api/v1/notifications 200 11.462 ms - 11636[39m
[32m[39m
2025-11-19 05:01:24 [32minfo[39m [32mGET /api/v1/notifications 200 11.553 ms - 11636[39m
[32m[39m
2025-11-19 05:01:55 [32minfo[39m [32mGET /api/v1/notifications 200 18.275 ms - 11636[39m
[32m[39m
2025-11-19 05:02:24 [32minfo[39m [32mGET /api/v1/notifications 200 12.629 ms - 11636[39m
[32m[39m
2025-11-19 05:02:55 [32minfo[39m [32mGET /api/v1/notifications 200 20.630 ms - 11636[39m
[32m[39m
2025-11-19 05:03:25 [32minfo[39m [32mGET /api/v1/notifications 200 12.389 ms - 11636[39m
[32m[39m
2025-11-19 05:03:55 [32minfo[39m [32mGET /api/v1/notifications 200 25.125 ms - 11636[39m
[32m[39m
2025-11-19 05:04:25 [32minfo[39m [32mGET /api/v1/notifications 200 12.609 ms - 11636[39m
[32m[39m
2025-11-19 05:04:55 [32minfo[39m [32mGET /api/v1/notifications 200 10.917 ms - 11636[39m
[32m[39m
2025-11-19 05:05:05 [32minfo[39m [32mGET /api/v1/users/vet/assigned-farms 304 14.204 ms - -[39m
[32m[39m
2025-11-19 05:05:10 [32minfo[39m [32mGET /api/v1/users/vet/farms/cmi23zqea0000t1uotwyqvezv 304 107.335 ms - -[39m
[32m[39m
2025-11-19 05:05:11 [32minfo[39m [32mGET /api/v1/tasks/my-tasks?page=1&limit=10 304 92.181 ms - -[39m
[32m[39m
2025-11-19 05:05:12 [32minfo[39m [32mGET /api/v1/livestock?page=1&limit=60 304 39.245 ms - -[39m
[32m[39m
2025-11-19 05:05:19 [32minfo[39m [32mGET /api/v1/livestock/cmi23zrer000ct1uomy9y9z95/health-history 304 28.907 ms - -[39m
[32m[39m
2025-11-19 05:05:20 [32minfo[39m [32mGET /api/v1/livestock/cmi23zrer000ct1uomy9y9z95/activity-timeline 304 171.838 ms - -[39m
[32m[39m
2025-11-19 05:05:25 [32minfo[39m [32mGET /api/v1/users/vet/farms/cmi23zqea0000t1uotwyqvezv 304 205.944 ms - -[39m
[32m[39m
2025-11-19 05:05:25 [32minfo[39m [32mGET /api/v1/notifications 304 43.785 ms - -[39m
[32m[39m
2025-11-19 05:05:28 [32minfo[39m [32mGET /api/v1/livestock?page=1&limit=60 304 25.892 ms - -[39m
[32m[39m
2025-11-19 05:05:28 [32minfo[39m [32mGET /api/v1/tasks/my-tasks?page=1&limit=10 304 13.243 ms - -[39m
[32m[39m
2025-11-19 05:05:54 [32minfo[39m [32mGET /api/v1/notifications 304 14.256 ms - -[39m
[32m[39m
2025-11-19 05:06:33 [32minfo[39m [32mGET /api/v1/notifications 200 12.618 ms - 11636[39m
[32m[39m
2025-11-19 05:07:27 [32minfo[39m [32mGET /api/v1/notifications 200 14.252 ms - 11636[39m
[32m[39m
2025-11-19 05:07:55 [32minfo[39m [32mGET /api/v1/notifications 200 27.034 ms - 11636[39m
[32m[39m
2025-11-19 05:08:24 [32minfo[39m [32mGET /api/v1/notifications 200 21.538 ms - 11636[39m
[32m[39m
2025-11-19 05:08:55 [32minfo[39m [32mGET /api/v1/notifications 200 12.496 ms - 11636[39m
[32m[39m
2025-11-19 05:09:26 [32minfo[39m [32mGET /api/v1/notifications 200 24.734 ms - 11636[39m
[32m[39m
2025-11-19 05:09:55 [32minfo[39m [32mGET /api/v1/notifications 200 11.545 ms - 11636[39m
[32m[39m
2025-11-19 05:10:25 [32minfo[39m [32mGET /api/v1/notifications 200 229.280 ms - 11636[39m
[32m[39m
2025-11-19 05:10:55 [32minfo[39m [32mGET /api/v1/notifications 200 13.016 ms - 11636[39m
[32m[39m
2025-11-19 05:11:25 [32minfo[39m [32mGET /api/v1/notifications 200 10.668 ms - 11636[39m
[32m[39m
2025-11-19 05:11:55 [32minfo[39m [32mGET /api/v1/notifications 200 16.338 ms - 11636[39m
[32m[39m
2025-11-19 05:12:26 [32minfo[39m [32mGET /api/v1/notifications 200 11.164 ms - 11636[39m
[32m[39m
2025-11-19 05:12:55 [32minfo[39m [32mGET /api/v1/notifications 200 18.617 ms - 11636[39m
[32m[39m
2025-11-19 05:13:25 [32minfo[39m [32mGET /api/v1/notifications 200 10.466 ms - 11636[39m
[32m[39m
2025-11-19 05:13:55 [32minfo[39m [32mGET /api/v1/notifications 200 12.148 ms - 11636[39m
[32m[39m
2025-11-19 05:14:24 [32minfo[39m [32mGET /api/v1/notifications 200 11.105 ms - 11636[39m
[32m[39m
2025-11-19 05:14:55 [32minfo[39m [32mGET /api/v1/notifications 200 11.346 ms - 11636[39m
[32m[39m
2025-11-19 05:15:26 [32minfo[39m [32mGET /api/v1/notifications 200 305.504 ms - 11636[39m
[32m[39m
2025-11-19 05:15:54 [32minfo[39m [32mGET /api/v1/notifications 200 14.184 ms - 11636[39m
[32m[39m
2025-11-19 05:16:25 [32minfo[39m [32mGET /api/v1/notifications 200 21.654 ms - 11636[39m
[32m[39m
2025-11-19 05:16:54 [32minfo[39m [32mGET /api/v1/notifications 200 12.554 ms - 11636[39m
[32m[39m
2025-11-19 05:17:26 [32minfo[39m [32mGET /api/v1/notifications 200 12.717 ms - 11636[39m
[32m[39m
2025-11-19 05:17:56 [32minfo[39m [32mGET /api/v1/notifications 304 11.462 ms - -[39m
[32m[39m
2025-11-19 05:18:25 [32minfo[39m [32mGET /api/v1/notifications 200 10.516 ms - 11636[39m
[32m[39m
2025-11-19 05:18:55 [32minfo[39m [32mGET /api/v1/notifications 200 15.522 ms - 11636[39m
[32m[39m
2025-11-19 05:19:26 [32minfo[39m [32mGET /api/v1/notifications 200 16.748 ms - 11636[39m
[32m[39m
2025-11-19 05:20:17 [32minfo[39m [32mPOST /api/v1/auth/vet-login 200 112.655 ms - 588[39m
[32m[39m
2025-11-19 05:20:20 [32minfo[39m [32mGET /api/v1/notifications 200 9.746 ms - 11636[39m
[32m[39m
2025-11-19 05:20:20 [32minfo[39m [32mGET /api/v1/tasks/my-tasks 304 12.700 ms - -[39m
[32m[39m
2025-11-19 05:20:29 [32minfo[39m [32mGET /api/v1/users/vet/assigned-farms 200 203.915 ms - 1132[39m
[32m[39m
2025-11-19 05:20:32 [32minfo[39m [32mGET /api/v1/tasks/my-tasks 304 186.242 ms - -[39m
[32m[39m
2025-11-19 05:20:48 [32minfo[39m [32mGET /api/v1/notifications 304 197.944 ms - -[39m
[32m[39m
2025-11-19 05:21:19 [32minfo[39m [32mGET /api/v1/notifications 200 20.334 ms - 11636[39m
[32m[39m
2025-11-19 05:21:48 [32minfo[39m [32mGET /api/v1/notifications 200 12.174 ms - 11636[39m
[32m[39m
2025-11-19 05:22:19 [32minfo[39m [32mGET /api/v1/notifications 200 54.819 ms - 11636[39m
[32m[39m
2025-11-19 05:22:48 [32minfo[39m [32mGET /api/v1/notifications 200 156.068 ms - 11636[39m
[32m[39m
2025-11-19 05:23:19 [32minfo[39m [32mGET /api/v1/notifications 200 24.489 ms - 11636[39m
[32m[39m
2025-11-19 05:23:49 [32minfo[39m [32mGET /api/v1/notifications 200 21.827 ms - 11636[39m
[32m[39m
2025-11-19 05:24:20 [32minfo[39m [32mGET /api/v1/notifications 200 168.811 ms - 11636[39m
[32m[39m
2025-11-19 05:24:49 [32minfo[39m [32mGET /api/v1/notifications 200 13.053 ms - 11636[39m
[32m[39m
2025-11-19 05:25:19 [32minfo[39m [32mGET /api/v1/notifications 200 11.615 ms - 11636[39m
[32m[39m
2025-11-19 05:25:49 [32minfo[39m [32mGET /api/v1/notifications 200 260.311 ms - 11636[39m
[32m[39m
2025-11-19 05:26:18 [32minfo[39m [32mGET /api/v1/notifications 200 14.266 ms - 11636[39m
[32m[39m
2025-11-19 05:26:49 [32minfo[39m [32mGET /api/v1/notifications 200 16.227 ms - 11636[39m
[32m[39m
2025-11-19 05:27:18 [32minfo[39m [32mGET /api/v1/notifications 304 14.136 ms - -[39m
[32m[39m
2025-11-19 05:27:50 [32minfo[39m [32mGET /api/v1/notifications 200 11.703 ms - 11636[39m
[32m[39m
2025-11-19 05:28:19 [32minfo[39m [32mGET /api/v1/notifications 200 14.049 ms - 11636[39m
[32m[39m
2025-11-19 05:28:48 [32minfo[39m [32mGET /api/v1/notifications 200 12.696 ms - 11636[39m
[32m[39m
2025-11-19 05:29:20 [32minfo[39m [32mGET /api/v1/notifications 200 249.842 ms - 11636[39m
[32m[39m
2025-11-19 05:29:48 [32minfo[39m [32mGET /api/v1/notifications 200 77.005 ms - 11636[39m
[32m[39m
2025-11-19 05:30:18 [32minfo[39m [32mGET /api/v1/notifications 200 17.048 ms - 11636[39m
[32m[39m
2025-11-19 05:30:50 [32minfo[39m [32mGET /api/v1/notifications 200 266.294 ms - 11636[39m
[32m[39m
2025-11-19 05:31:20 [32minfo[39m [32mGET /api/v1/notifications 200 1108.511 ms - 11636[39m
[32m[39m
2025-11-19 05:31:49 [32minfo[39m [32mGET /api/v1/notifications 200 43.457 ms - 11636[39m
[32m[39m
2025-11-19 05:32:30 [32minfo[39m [32mPOST /api/v1/auth/vet-login 200 131.670 ms - 588[39m
[32m[39m
2025-11-19 05:32:32 [32minfo[39m [32mGET /api/v1/tasks/my-tasks 304 19.825 ms - -[39m
[32m[39m
2025-11-19 05:32:33 [32minfo[39m [32mGET /api/v1/notifications 200 14.506 ms - 11636[39m
[32m[39m
2025-11-19 05:32:38 [32minfo[39m [32mGET /api/v1/tasks/my-tasks 304 13.567 ms - -[39m
[32m[39m
2025-11-19 05:33:03 [32minfo[39m [32mGET /api/v1/notifications 304 10.070 ms - -[39m
[32m[39m
2025-11-19 05:33:32 [32minfo[39m [32mGET /api/v1/notifications 200 23.743 ms - 11636[39m
[32m[39m
2025-11-19 05:34:03 [32minfo[39m [32mGET /api/v1/notifications 200 17.076 ms - 11636[39m
[32m[39m
2025-11-19 05:34:33 [32minfo[39m [32mGET /api/v1/notifications 200 12.888 ms - 11636[39m
[32m[39m
2025-11-19 05:35:02 [32minfo[39m [32mGET /api/v1/notifications 200 9.402 ms - 11636[39m
[32m[39m
2025-11-19 05:35:33 [32minfo[39m [32mGET /api/v1/notifications 200 149.413 ms - 11636[39m
[32m[39m
2025-11-19 05:36:03 [32minfo[39m [32mGET /api/v1/notifications 200 95.112 ms - 11636[39m
[32m[39m
2025-11-19 05:36:33 [32minfo[39m [32mGET /api/v1/notifications 200 109.256 ms - 11636[39m
[32m[39m
2025-11-19 05:37:03 [32minfo[39m [32mGET /api/v1/notifications 200 15.297 ms - 11636[39m
[32m[39m
2025-11-19 05:37:33 [32minfo[39m [32mGET /api/v1/notifications 200 20.318 ms - 11636[39m
[32m[39m
2025-11-19 05:38:03 [32minfo[39m [32mGET /api/v1/notifications 200 24.923 ms - 11636[39m
[32m[39m
2025-11-19 05:38:33 [32minfo[39m [32mGET /api/v1/notifications 200 13.559 ms - 11636[39m
[32m[39m
2025-11-19 05:38:55 [32minfo[39m [32mGET /api/v1/users/vet/assigned-farms 304 12.145 ms - -[39m
[32m[39m
2025-11-19 05:38:59 [32minfo[39m [32mGET /api/v1/users/vet/farms/cmi23zqea0000t1uotwyqvezv 304 79.730 ms - -[39m
[32m[39m
2025-11-19 05:39:02 [32minfo[39m [32mGET /api/v1/tasks/my-tasks?page=1&limit=10 304 14.390 ms - -[39m
[32m[39m
2025-11-19 05:39:02 [32minfo[39m [32mGET /api/v1/notifications 200 10.359 ms - 11636[39m
[32m[39m
2025-11-19 05:39:02 [32minfo[39m [32mGET /api/v1/livestock?page=1&limit=60 304 35.828 ms - -[39m
[32m[39m
2025-11-19 05:39:33 [32minfo[39m [32mGET /api/v1/notifications 200 11.828 ms - 11636[39m
[32m[39m
2025-11-19 05:40:02 [32minfo[39m [32mGET /api/v1/notifications 200 10.101 ms - 11636[39m
[32m[39m
2025-11-19 05:40:32 [32minfo[39m [32mGET /api/v1/notifications 200 10.804 ms - 11636[39m
[32m[39m
2025-11-19 05:41:03 [32minfo[39m [32mGET /api/v1/notifications 200 408.092 ms - 11636[39m
[32m[39m
2025-11-19 05:41:33 [32minfo[39m [32mGET /api/v1/notifications 200 17.173 ms - 11636[39m
[32m[39m
2025-11-19 05:42:03 [32minfo[39m [32mGET /api/v1/notifications 200 152.323 ms - 11636[39m
[32m[39m
2025-11-19 05:42:33 [32minfo[39m [32mGET /api/v1/notifications 200 12.771 ms - 11636[39m
[32m[39m
2025-11-19 05:43:02 [32minfo[39m [32mGET /api/v1/notifications 200 16.393 ms - 11636[39m
[32m[39m
2025-11-19 05:43:32 [32minfo[39m [32mGET /api/v1/notifications 200 11.488 ms - 11636[39m
[32m[39m
2025-11-19 05:44:02 [32minfo[39m [32mGET /api/v1/notifications 200 612.886 ms - 11636[39m
[32m[39m
2025-11-19 05:44:33 [32minfo[39m [32mGET /api/v1/notifications 200 531.894 ms - 11636[39m
[32m[39m
2025-11-19 05:45:04 [32minfo[39m [32mGET /api/v1/notifications 200 837.134 ms - 11636[39m
[32m[39m
2025-11-19 05:45:55 [32minfo[39m [32mPOST /api/v1/auth/vet-login 200 127.913 ms - 588[39m
[32m[39m
2025-11-19 05:45:59 [32minfo[39m [32mGET /api/v1/notifications 200 10.162 ms - 11636[39m
[32m[39m
2025-11-19 05:45:59 [32minfo[39m [32mGET /api/v1/tasks/my-tasks 304 12.790 ms - -[39m
[32m[39m
2025-11-19 05:46:09 [32minfo[39m [32mGET /api/v1/tasks/my-tasks 304 195.657 ms - -[39m
[32m[39m
2025-11-19 05:46:29 [32minfo[39m [32mGET /api/v1/notifications 304 775.957 ms - -[39m
[32m[39m
2025-11-19 05:47:16 [32minfo[39m [32mPOST /api/v1/auth/vet-login 200 117.147 ms - 588[39m
[32m[39m
2025-11-19 05:47:18 [32minfo[39m [32mGET /api/v1/tasks/my-tasks 304 218.894 ms - -[39m
[32m[39m
2025-11-19 05:47:18 [32minfo[39m [32mGET /api/v1/notifications 200 89.790 ms - 11636[39m
[32m[39m
2025-11-19 05:47:26 [32minfo[39m [32mGET /api/v1/users/vet/assigned-farms 304 14.052 ms - -[39m
[32m[39m
2025-11-19 05:47:28 [32minfo[39m [32mGET /api/v1/tasks/my-tasks 304 8.850 ms - -[39m
[32m[39m
2025-11-19 05:47:47 [32minfo[39m [32mGET /api/v1/notifications 304 19.332 ms - -[39m
[32m[39m
2025-11-19 05:47:55 [32minfo[39m [32mGET /api/v1/tasks/my-tasks 304 10.792 ms - -[39m
[32m[39m
2025-11-19 05:48:18 [32minfo[39m [32mGET /api/v1/notifications 200 12.544 ms - 11636[39m
[32m[39m
2025-11-19 05:48:48 [32minfo[39m [32mGET /api/v1/notifications 200 60.010 ms - 11636[39m
[32m[39m
2025-11-19 05:49:18 [32minfo[39m [32mGET /api/v1/notifications 200 53.110 ms - 11636[39m
[32m[39m
2025-11-19 05:49:47 [32minfo[39m [32mGET /api/v1/notifications 200 23.618 ms - 11636[39m
[32m[39m
2025-11-19 05:50:18 [32minfo[39m [32mGET /api/v1/notifications 200 102.144 ms - 11636[39m
[32m[39m
2025-11-19 05:50:48 [32minfo[39m [32mGET /api/v1/notifications 200 9.681 ms - 11636[39m
[32m[39m
2025-11-19 05:51:18 [32minfo[39m [32mGET /api/v1/notifications 200 112.932 ms - 11636[39m
[32m[39m
2025-11-19 05:51:48 [32minfo[39m [32mGET /api/v1/notifications 200 54.617 ms - 11636[39m
[32m[39m
2025-11-19 05:52:17 [32minfo[39m [32mGET /api/v1/notifications 200 23.624 ms - 11636[39m
[32m[39m
2025-11-19 05:52:49 [32minfo[39m [32mGET /api/v1/notifications 200 463.535 ms - 11636[39m
[32m[39m
2025-11-19 05:53:19 [32minfo[39m [32mGET /api/v1/notifications 200 1843.776 ms - 11636[39m
[32m[39m
2025-11-19 05:53:48 [32minfo[39m [32mGET /api/v1/notifications 200 27.480 ms - 11636[39m
[32m[39m
2025-11-19 05:54:19 [32minfo[39m [32mGET /api/v1/notifications 200 354.105 ms - 11636[39m
[32m[39m
2025-11-19 05:54:48 [32minfo[39m [32mGET /api/v1/notifications 200 20.425 ms - 11636[39m
[32m[39m
2025-11-19 05:55:19 [32minfo[39m [32mGET /api/v1/notifications 200 527.097 ms - 11636[39m
[32m[39m
2025-11-19 05:55:47 [32minfo[39m [32mGET /api/v1/notifications 200 19.378 ms - 11636[39m
[32m[39m
2025-11-19 05:56:20 [32minfo[39m [32mGET /api/v1/notifications 200 1561.938 ms - 11636[39m
[32m[39m
2025-11-19 05:56:49 [32minfo[39m [32mGET /api/v1/notifications 200 733.762 ms - 11636[39m
[32m[39m
2025-11-19 05:57:17 [32minfo[39m [32mGET /api/v1/notifications 200 19.517 ms - 11636[39m
[32m[39m
2025-11-19 05:57:51 [32minfo[39m [32mGET /api/v1/notifications 200 2322.633 ms - 11636[39m
[32m[39m
2025-11-19 05:58:19 [32minfo[39m [32mGET /api/v1/notifications 200 17.847 ms - 11636[39m
[32m[39m
2025-11-19 05:58:47 [32minfo[39m [32mGET /api/v1/notifications 200 19.041 ms - 11636[39m
[32m[39m
2025-11-19 05:59:19 [32minfo[39m [32mGET /api/v1/notifications 200 14.279 ms - 11636[39m
[32m[39m
2025-11-19 05:59:48 [32minfo[39m [32mGET /api/v1/notifications 200 11.875 ms - 11636[39m
[32m[39m
2025-11-19 06:00:19 [32minfo[39m [32mGET /api/v1/notifications 200 242.656 ms - 11636[39m
[32m[39m
2025-11-19 06:00:48 [32minfo[39m [32mGET /api/v1/notifications 200 21.370 ms - 11636[39m
[32m[39m
2025-11-19 06:01:18 [32minfo[39m [32mGET /api/v1/notifications 200 66.152 ms - 11636[39m
[32m[39m
2025-11-19 06:01:49 [32minfo[39m [32mGET /api/v1/notifications 200 223.080 ms - 11636[39m
[32m[39m
2025-11-19 06:02:17 [32minfo[39m [32mGET /api/v1/notifications 200 25.581 ms - 11636[39m
[32m[39m
2025-11-19 06:02:47 [32minfo[39m [32mGET /api/v1/notifications 200 30.765 ms - 11636[39m
[32m[39m
2025-11-19 06:03:18 [32minfo[39m [32mGET /api/v1/notifications 200 183.671 ms - 11636[39m
[32m[39m
2025-11-19 06:03:49 [32minfo[39m [32mGET /api/v1/notifications 200 14.952 ms - 11636[39m
[32m[39m
2025-11-19 06:04:19 [32minfo[39m [32mGET /api/v1/notifications 200 37.762 ms - 11636[39m
[32m[39m
2025-11-19 06:04:48 [32minfo[39m [32mGET /api/v1/notifications 200 13.862 ms - 11636[39m
[32m[39m
2025-11-19 06:05:19 [32minfo[39m [32mGET /api/v1/notifications 200 10.563 ms - 11636[39m
[32m[39m
2025-11-19 06:09:24 [32minfo[39m [32mPOST /api/v1/auth/vet-login 200 117.586 ms - 588[39m
[32m[39m
2025-11-19 06:09:27 [32minfo[39m [32mGET /api/v1/tasks/my-tasks 304 93.699 ms - -[39m
[32m[39m
2025-11-19 06:09:27 [32minfo[39m [32mGET /api/v1/notifications 200 91.399 ms - 11636[39m
[32m[39m
2025-11-19 06:09:32 [32minfo[39m [32mGET /api/v1/users/vet/assigned-farms 304 23.821 ms - -[39m
[32m[39m
2025-11-19 06:09:35 [32minfo[39m [32mGET /api/v1/tasks/my-tasks 304 9.623 ms - -[39m
[32m[39m
2025-11-19 06:09:54 [32minfo[39m [32mGET /api/v1/notifications 304 12.595 ms - -[39m
[32m[39m
2025-11-19 06:10:25 [32minfo[39m [32mGET /api/v1/notifications 304 17.494 ms - -[39m
[32m[39m
2025-11-19 06:10:56 [32minfo[39m [32mGET /api/v1/notifications 304 12.416 ms - -[39m
[32m[39m
2025-11-19 06:11:07 [32minfo[39m [32mGET /api/v1/tasks/my-tasks 304 14.858 ms - -[39m
[32m[39m
2025-11-19 06:11:12 [32minfo[39m [32mGET /api/v1/tasks/my-tasks 304 173.203 ms - -[39m
[32m[39m
2025-11-19 06:11:14 [32minfo[39m [32mGET /api/v1/tasks/my-tasks 304 13.488 ms - -[39m
[32m[39m
2025-11-19 06:11:16 [32minfo[39m [32mGET /api/v1/tasks/my-tasks 304 10.999 ms - -[39m
[32m[39m
2025-11-19 06:11:23 [32minfo[39m [32mGET /api/v1/tasks/my-tasks 304 9.369 ms - -[39m
[32m[39m
2025-11-19 06:11:24 [32minfo[39m [32mGET /api/v1/notifications 304 11.291 ms - -[39m
[32m[39m
2025-11-19 06:11:56 [32minfo[39m [32mGET /api/v1/notifications 304 11.822 ms - -[39m
[32m[39m
2025-11-19 06:15:55 [32minfo[39m [32mPOST /api/v1/auth/vet-login 200 133.039 ms - 588[39m
[32m[39m
2025-11-19 06:15:58 [32minfo[39m [32mGET /api/v1/tasks/my-tasks 304 17.787 ms - -[39m
[32m[39m
2025-11-19 06:15:58 [32minfo[39m [32mGET /api/v1/notifications 304 216.865 ms - -[39m
[32m[39m
2025-11-19 06:15:59 [32minfo[39m [32mGET /api/v1/tasks/my-tasks 304 12.194 ms - -[39m
[32m[39m
2025-11-19 06:16:28 [32minfo[39m [32mGET /api/v1/notifications 304 272.978 ms - -[39m
[32m[39m
2025-11-19 06:16:56 [32minfo[39m [32mGET /api/v1/notifications 304 24.985 ms - -[39m
[32m[39m
2025-11-19 06:17:26 [32minfo[39m [32mGET /api/v1/notifications 304 12.773 ms - -[39m
[32m[39m
2025-11-19 06:17:57 [32minfo[39m [32mGET /api/v1/notifications 304 11.601 ms - -[39m
[32m[39m
2025-11-19 06:18:27 [32minfo[39m [32mGET /api/v1/notifications 304 11.888 ms - -[39m
[32m[39m
2025-11-19 06:18:57 [32minfo[39m [32mGET /api/v1/notifications 304 13.071 ms - -[39m
[32m[39m
2025-11-19 06:19:27 [32minfo[39m [32mGET /api/v1/notifications 304 13.137 ms - -[39m
[32m[39m
2025-11-19 06:25:02 [32minfo[39m [32mPOST /api/v1/auth/vet-login 200 124.277 ms - 588[39m
[32m[39m
2025-11-19 06:25:05 [32minfo[39m [32mGET /api/v1/notifications 200 128.662 ms - 11636[39m
[32m[39m
2025-11-19 06:25:05 [32minfo[39m [32mGET /api/v1/tasks/my-tasks 304 15.741 ms - -[39m
[32m[39m
2025-11-19 06:25:09 [32minfo[39m [32mGET /api/v1/users/vet/assigned-farms 304 13.272 ms - -[39m
[32m[39m
2025-11-19 06:25:15 [32minfo[39m [32mGET /api/v1/tasks/my-tasks 304 15.002 ms - -[39m
[32m[39m
2025-11-19 06:25:34 [32minfo[39m [32mGET /api/v1/notifications 304 29.831 ms - -[39m
[32m[39m
2025-11-19 06:26:04 [32minfo[39m [32mGET /api/v1/notifications 200 25.786 ms - 11636[39m
[32m[39m
2025-11-19 06:26:08 [32minfo[39m [32mGET /api/v1/tasks/my-tasks 304 17.345 ms - -[39m
[32m[39m
2025-11-19 06:26:33 [32minfo[39m [32mGET /api/v1/notifications 200 15.737 ms - 11636[39m
[32m[39m
2025-11-19 06:27:04 [32minfo[39m [32mGET /api/v1/notifications 200 25.611 ms - 11636[39m
[32m[39m
2025-11-19 06:27:35 [32minfo[39m [32mGET /api/v1/notifications 200 425.098 ms - 11636[39m
[32m[39m
2025-11-19 06:28:05 [32minfo[39m [32mGET /api/v1/notifications 200 255.029 ms - 11636[39m
[32m[39m
2025-11-19 06:28:34 [32minfo[39m [32mGET /api/v1/notifications 200 20.993 ms - 11636[39m
[32m[39m
2025-11-19 06:29:05 [32minfo[39m [32mGET /api/v1/notifications 200 439.132 ms - 11636[39m
[32m[39m
2025-11-19 06:29:34 [32minfo[39m [32mGET /api/v1/notifications 200 28.556 ms - 11636[39m
[32m[39m
2025-11-19 06:29:38 [32minfo[39m [32mGET /api/v1/tasks/my-tasks 304 12.907 ms - -[39m
[32m[39m
2025-11-19 06:30:04 [32minfo[39m [32mGET /api/v1/notifications 200 54.458 ms - 11636[39m
[32m[39m
2025-11-19 06:30:51 [32minfo[39m [32mPOST /api/v1/auth/vet-login 200 118.692 ms - 588[39m
[32m[39m
2025-11-19 06:30:52 [32minfo[39m [32mGET /api/v1/notifications 200 127.534 ms - 11636[39m
[32m[39m
2025-11-19 06:30:53 [32minfo[39m [32mGET /api/v1/tasks/my-tasks 304 18.045 ms - -[39m
[32m[39m
2025-11-19 06:30:58 [32minfo[39m [32mGET /api/v1/users/vet/assigned-farms 304 12.503 ms - -[39m
[32m[39m
2025-11-19 06:31:01 [32minfo[39m [32mGET /api/v1/tasks/my-tasks 304 15.052 ms - -[39m
[32m[39m
2025-11-19 06:31:09 [32minfo[39m [32mGET /api/v1/tasks/my-tasks 304 12.167 ms - -[39m
[32m[39m
2025-11-19 06:31:22 [32minfo[39m [32mGET /api/v1/notifications 304 100.001 ms - -[39m
[32m[39m
2025-11-19 06:31:53 [32minfo[39m [32mGET /api/v1/notifications 200 11.359 ms - 11636[39m
[32m[39m
2025-11-19 06:32:22 [32minfo[39m [32mGET /api/v1/notifications 200 11.792 ms - 11636[39m
[32m[39m
2025-11-19 06:32:53 [32minfo[39m [32mGET /api/v1/notifications 200 11.413 ms - 11636[39m
[32m[39m
2025-11-19 06:33:23 [32minfo[39m [32mGET /api/v1/notifications 200 12.975 ms - 11636[39m
[32m[39m
2025-11-19 06:33:53 [32minfo[39m [32mGET /api/v1/notifications 200 10.828 ms - 11636[39m
[32m[39m
2025-11-19 06:34:23 [32minfo[39m [32mGET /api/v1/notifications 200 13.631 ms - 11636[39m
[32m[39m
2025-11-19 06:34:53 [32minfo[39m [32mGET /api/v1/notifications 200 11.088 ms - 11636[39m
[32m[39m
2025-11-19 06:35:22 [32minfo[39m [32mGET /api/v1/notifications 200 11.357 ms - 11636[39m
[32m[39m
2025-11-19 06:35:53 [32minfo[39m [32mGET /api/v1/notifications 200 121.604 ms - 11636[39m
[32m[39m
2025-11-19 06:36:24 [32minfo[39m [32mGET /api/v1/notifications 200 89.503 ms - 11636[39m
[32m[39m
2025-11-19 06:36:53 [32minfo[39m [32mGET /api/v1/notifications 200 14.935 ms - 11636[39m
[32m[39m
2025-11-19 06:37:23 [32minfo[39m [32mGET /api/v1/notifications 200 13.006 ms - 11636[39m
[32m[39m
2025-11-19 06:37:53 [32minfo[39m [32mGET /api/v1/notifications 200 11.006 ms - 11636[39m
[32m[39m
2025-11-19 06:38:23 [32minfo[39m [32mGET /api/v1/notifications 304 13.237 ms - -[39m
[32m[39m
2025-11-19 06:38:53 [32minfo[39m [32mGET /api/v1/notifications 200 15.365 ms - 11636[39m
[32m[39m
2025-11-19 06:39:23 [32minfo[39m [32mGET /api/v1/notifications 200 8.967 ms - 11636[39m
[32m[39m
2025-11-19 07:04:29 [32minfo[39m [32mGET /api/v1/livestock/cmi23zrge001et1uo8xn86nj5/activity-timeline 401 16.356 ms - 64[39m
[32m[39m
2025-11-19 09:10:19 [32minfo[39m [32mPOST /api/v1/auth/vet-login 200 193.899 ms - 588[39m
[32m[39m
2025-11-19 09:10:51 [32minfo[39m [32mGET /api/v1/livestock/cmi23zrge001et1uo8xn86nj5/activity-timeline 200 258.024 ms - 1263[39m
[32m[39m
2025-11-19 09:40:50 [32minfo[39m [32mPOST /api/v1/auth/vet-login 200 172.448 ms - 588[39m
[32m[39m
2025-11-19 09:40:53 [32minfo[39m [32mGET /api/v1/notifications 200 139.796 ms - 11636[39m
[32m[39m
2025-11-19 09:40:54 [32minfo[39m [32mGET /api/v1/tasks/my-tasks 304 28.386 ms - -[39m
[32m[39m
2025-11-19 09:40:58 [32minfo[39m [32mGET /api/v1/users/vet/assigned-farms 304 23.818 ms - -[39m
[32m[39m
2025-11-19 09:41:02 [32minfo[39m [32mGET /api/v1/tasks/my-tasks 304 12.307 ms - -[39m
[32m[39m
2025-11-19 09:41:26 [32minfo[39m [32mGET /api/v1/notifications 304 19.210 ms - -[39m
[32m[39m
2025-11-19 09:41:32 [32minfo[39m [32mGET /api/v1/livestock/cmi23zrfk000ut1uo0xk0ncdv/activity-timeline 200 163.092 ms - 5934[39m
[32m[39m
2025-11-19 09:41:53 [32minfo[39m [32mGET /api/v1/notifications 200 14.395 ms - 11636[39m
[32m[39m
2025-11-19 09:42:23 [32minfo[39m [32mGET /api/v1/notifications 200 13.989 ms - 11636[39m
[32m[39m
2025-11-19 09:42:33 [32minfo[39m [32mPATCH /api/v1/cmi23zrp50072t1uo205a6n2n/status 404 8.673 ms - 144[39m
[32m[39m
2025-11-19 09:42:54 [32minfo[39m [32mGET /api/v1/notifications 200 14.359 ms - 11636[39m
[32m[39m
2025-11-19 09:46:28 [32minfo[39m [32mGET /api/v1/notifications 200 97.700 ms - 11636[39m
[32m[39m
2025-11-19 09:46:58 [32minfo[39m [32mGET /api/v1/notifications 200 231.635 ms - 11636[39m
[32m[39m
2025-11-19 09:47:26 [32minfo[39m [32mGET /api/v1/notifications 304 15.084 ms - -[39m
[32m[39m
2025-11-19 09:47:57 [32minfo[39m [32mGET /api/v1/notifications 200 16.808 ms - 11636[39m
[32m[39m
2025-11-19 09:48:28 [32minfo[39m [32mGET /api/v1/notifications 200 10.529 ms - 11636[39m
[32m[39m
2025-11-19 09:48:56 [32minfo[39m [32mGET /api/v1/notifications 200 11.289 ms - 11636[39m
[32m[39m
2025-11-19 09:49:27 [32minfo[39m [32mGET /api/v1/notifications 200 16.316 ms - 11636[39m
[32m[39m
2025-11-19 09:49:57 [32minfo[39m [32mGET /api/v1/notifications 200 16.751 ms - 11636[39m
[32m[39m
2025-11-19 09:50:27 [32minfo[39m [32mGET /api/v1/notifications 200 10.889 ms - 11636[39m
[32m[39m
2025-11-19 09:50:57 [32minfo[39m [32mGET /api/v1/notifications 200 12.864 ms - 11636[39m
[32m[39m
2025-11-19 09:51:27 [32minfo[39m [32mGET /api/v1/notifications 200 11.386 ms - 11636[39m
[32m[39m
2025-11-19 09:51:56 [32minfo[39m [32mGET /api/v1/notifications 200 101.980 ms - 11636[39m
[32m[39m
2025-11-19 09:52:26 [32minfo[39m [32mGET /api/v1/notifications 200 136.102 ms - 11636[39m
[32m[39m
2025-11-19 09:52:57 [32minfo[39m [32mGET /api/v1/notifications 200 13.956 ms - 11636[39m
[32m[39m
2025-11-19 09:53:27 [32minfo[39m [32mGET /api/v1/notifications 200 12.640 ms - 11636[39m
[32m[39m
2025-11-19 09:53:56 [32minfo[39m [32mGET /api/v1/notifications 200 17.903 ms - 11636[39m
[32m[39m
2025-11-19 09:54:27 [32minfo[39m [32mGET /api/v1/notifications 200 10.589 ms - 11636[39m
[32m[39m
2025-11-19 09:54:57 [32minfo[39m [32mGET /api/v1/notifications 200 9.616 ms - 11636[39m
[32m[39m
2025-11-19 09:55:26 [32minfo[39m [32mGET /api/v1/notifications 200 21.220 ms - 11636[39m
[32m[39m
2025-11-19 09:56:18 [32minfo[39m [32mGET /api/v1/notifications 200 10.140 ms - 11636[39m
[32m[39m
2025-11-19 09:56:50 [32minfo[39m [32mGET /api/v1/notifications 200 18.081 ms - 11636[39m
[32m[39m
2025-11-19 09:57:20 [32minfo[39m [32mGET /api/v1/notifications 200 92.732 ms - 11636[39m
[32m[39m
2025-11-19 09:57:50 [32minfo[39m [32mGET /api/v1/notifications 200 143.626 ms - 11636[39m
[32m[39m
2025-11-19 09:58:18 [32minfo[39m [32mGET /api/v1/notifications 200 14.173 ms - 11636[39m
[32m[39m
2025-11-19 09:58:48 [32minfo[39m [32mGET /api/v1/notifications 200 11.258 ms - 11636[39m
[32m[39m
2025-11-19 09:59:20 [32minfo[39m [32mGET /api/v1/notifications 200 11.668 ms - 11636[39m
[32m[39m
2025-11-19 10:00:18 [32minfo[39m [32mGET /api/v1/notifications 200 14.961 ms - 11636[39m
[32m[39m
2025-11-19 10:00:50 [32minfo[39m [32mGET /api/v1/notifications 200 343.011 ms - 11636[39m
[32m[39m
2025-11-19 10:01:18 [32minfo[39m [32mGET /api/v1/notifications 200 17.334 ms - 11636[39m
[32m[39m
2025-11-19 10:01:49 [32minfo[39m [32mGET /api/v1/notifications 200 19.954 ms - 11636[39m
[32m[39m
2025-11-19 10:02:18 [32minfo[39m [32mGET /api/v1/notifications 200 10.001 ms - 11636[39m
[32m[39m
2025-11-19 10:02:50 [32minfo[39m [32mGET /api/v1/notifications 200 207.716 ms - 11636[39m
[32m[39m
2025-11-19 10:03:19 [32minfo[39m [32mGET /api/v1/notifications 200 13.768 ms - 11636[39m
[32m[39m
2025-11-19 10:03:49 [32minfo[39m [32mGET /api/v1/notifications 200 11.247 ms - 11636[39m
[32m[39m
2025-11-19 10:04:19 [32minfo[39m [32mGET /api/v1/notifications 200 17.137 ms - 11636[39m
[32m[39m
2025-11-19 10:04:49 [32minfo[39m [32mGET /api/v1/notifications 200 10.997 ms - 11636[39m
[32m[39m
2025-11-19 10:05:20 [32minfo[39m [32mGET /api/v1/notifications 200 9.622 ms - 11636[39m
[32m[39m
2025-11-19 10:05:50 [32minfo[39m [32mGET /api/v1/notifications 200 9.522 ms - 11636[39m
[32m[39m
2025-11-19 10:06:20 [32minfo[39m [32mGET /api/v1/notifications 200 9.588 ms - 11636[39m
[32m[39m
2025-11-19 10:06:50 [32minfo[39m [32mGET /api/v1/notifications 200 10.029 ms - 11636[39m
[32m[39m
2025-11-19 10:07:20 [32minfo[39m [32mGET /api/v1/notifications 200 13.243 ms - 11636[39m
[32m[39m
2025-11-19 10:07:49 [32minfo[39m [32mGET /api/v1/notifications 304 9.822 ms - -[39m
[32m[39m
2025-11-19 10:08:19 [32minfo[39m [32mGET /api/v1/notifications 200 120.880 ms - 11636[39m
[32m[39m
2025-11-19 10:08:50 [32minfo[39m [32mGET /api/v1/notifications 200 14.852 ms - 11636[39m
[32m[39m
2025-11-19 10:09:20 [32minfo[39m [32mGET /api/v1/notifications 200 12.968 ms - 11636[39m
[32m[39m
2025-11-19 10:09:50 [32minfo[39m [32mGET /api/v1/notifications 304 20.012 ms - -[39m
[32m[39m
2025-11-19 10:10:20 [32minfo[39m [32mGET /api/v1/notifications 200 11.601 ms - 11636[39m
[32m[39m
2025-11-19 10:10:49 [32minfo[39m [32mGET /api/v1/notifications 200 20.735 ms - 11636[39m
[32m[39m
2025-11-19 10:11:19 [32minfo[39m [32mGET /api/v1/notifications 200 10.445 ms - 11636[39m
[32m[39m
2025-11-19 10:11:50 [32minfo[39m [32mGET /api/v1/notifications 200 12.372 ms - 11636[39m
[32m[39m
2025-11-19 10:12:20 [32minfo[39m [32mGET /api/v1/notifications 200 11.096 ms - 11636[39m
[32m[39m
2025-11-19 10:12:50 [32minfo[39m [32mGET /api/v1/notifications 200 19.303 ms - 11636[39m
[32m[39m
2025-11-19 10:13:20 [32minfo[39m [32mGET /api/v1/notifications 200 308.083 ms - 11636[39m
[32m[39m
2025-11-19 10:13:50 [32minfo[39m [32mGET /api/v1/notifications 304 12.989 ms - -[39m
[32m[39m
2025-11-19 10:14:19 [32minfo[39m [32mGET /api/v1/notifications 200 15.277 ms - 11636[39m
[32m[39m
2025-11-19 10:14:50 [32minfo[39m [32mGET /api/v1/notifications 200 17.638 ms - 11636[39m
[32m[39m
2025-11-19 10:15:19 [32minfo[39m [32mGET /api/v1/notifications 200 10.176 ms - 11636[39m
[32m[39m
2025-11-19 10:15:50 [32minfo[39m [32mGET /api/v1/notifications 200 11.327 ms - 11636[39m
[32m[39m
2025-11-19 10:16:20 [32minfo[39m [32mGET /api/v1/notifications 200 10.498 ms - 11636[39m
[32m[39m
2025-11-19 11:31:44 [32minfo[39m [32mGET /api/v1/notifications 401 6.791 ms - 64[39m
[32m[39m
2025-11-19 11:31:45 [32minfo[39m [32mGET /api/v1/notifications 401 3.333 ms - 64[39m
[32m[39m
2025-11-19 11:34:29 [32minfo[39m [32mGET /api/v1/notifications 401 1.860 ms - 64[39m
[32m[39m
2025-11-19 11:37:50 [32minfo[39m [32mPOST /api/v1/auth/vet-login 200 175.865 ms - 588[39m
[32m[39m
2025-11-19 11:37:53 [32minfo[39m [32mGET /api/v1/notifications 200 160.684 ms - 11636[39m
[32m[39m
2025-11-19 11:37:53 [32minfo[39m [32mGET /api/v1/notifications 200 16.255 ms - 11636[39m
[32m[39m
2025-11-19 11:37:54 [32minfo[39m [32mGET /api/v1/tasks/my-tasks 304 19.773 ms - -[39m
[32m[39m
2025-11-19 11:38:12 [32minfo[39m [32mGET /api/v1/users/vet/assigned-farms 304 24.757 ms - -[39m
[32m[39m
2025-11-19 11:38:13 [32minfo[39m [32mGET /api/v1/tasks/my-tasks 304 20.510 ms - -[39m
[32m[39m
2025-11-19 11:38:21 [32minfo[39m [32mGET /api/v1/notifications 304 12.610 ms - -[39m
[32m[39m
2025-11-19 11:38:24 [32minfo[39m [32mGET /api/v1/notifications 304 10.858 ms - -[39m
[32m[39m
2025-11-19 11:38:51 [32minfo[39m [32mGET /api/v1/notifications 304 18.528 ms - -[39m
[32m[39m
2025-11-19 11:38:54 [32minfo[39m [32mGET /api/v1/notifications 200 18.892 ms - 11636[39m
[32m[39m
2025-11-19 11:39:29 [32minfo[39m [32mPOST /api/v1/auth/vet-login 200 125.641 ms - 588[39m
[32m[39m
2025-11-19 11:39:31 [32minfo[39m [32mGET /api/v1/notifications 304 19.001 ms - -[39m
[32m[39m
2025-11-19 11:39:31 [32minfo[39m [32mGET /api/v1/tasks/my-tasks 200 39.138 ms - 4795[39m
[32m[39m
2025-11-19 11:39:38 [32minfo[39m [32mGET /api/v1/tasks/my-tasks 304 8.168 ms - -[39m
[32m[39m
2025-11-19 11:39:40 [32minfo[39m [32mGET /api/v1/livestock/cmi23zrfk000ut1uo0xk0ncdv/activity-timeline 304 159.699 ms - -[39m
[32m[39m
2025-11-19 11:40:01 [32minfo[39m [32mGET /api/v1/notifications 304 22.386 ms - -[39m
[32m[39m
2025-11-19 11:40:32 [32minfo[39m [32mGET /api/v1/notifications 200 22.743 ms - 11636[39m
[32m[39m
2025-11-19 11:41:01 [32minfo[39m [32mGET /api/v1/notifications 200 20.759 ms - 11636[39m
[32m[39m
2025-11-19 11:41:31 [32minfo[39m [32mGET /api/v1/notifications 200 36.976 ms - 11636[39m
[32m[39m
2025-11-19 11:42:02 [32minfo[39m [32mGET /api/v1/notifications 200 9.994 ms - 11636[39m
[32m[39m
2025-11-19 11:42:32 [32minfo[39m [32mGET /api/v1/notifications 200 18.851 ms - 11636[39m
[32m[39m
2025-11-19 11:44:05 [32minfo[39m [32mPOST /api/v1/auth/vet-login 200 133.577 ms - 589[39m
[32m[39m
2025-11-19 11:44:07 [32minfo[39m [32mGET /api/v1/notifications 200 207.214 ms - 164[39m
[32m[39m
2025-11-19 11:44:07 [32minfo[39m [32mGET /api/v1/tasks/my-tasks 200 14.277 ms - 4329[39m
[32m[39m
2025-11-19 11:44:14 [32minfo[39m [32mGET /api/v1/notifications 304 18.586 ms - -[39m
[32m[39m
2025-11-19 11:44:30 [32minfo[39m [32mGET /api/v1/users/vet/assigned-farms 304 15.162 ms - -[39m
[32m[39m
2025-11-19 11:44:37 [32minfo[39m [32mGET /api/v1/notifications 304 7.180 ms - -[39m
[32m[39m
2025-11-19 11:44:38 [32minfo[39m [32mGET /api/v1/tasks/my-tasks 304 17.871 ms - -[39m
[32m[39m
2025-11-19 11:44:47 [32minfo[39m [32mGET /api/v1/tasks/my-tasks 304 285.486 ms - -[39m
[32m[39m
2025-11-19 11:44:55 [32minfo[39m [32mGET /api/v1/livestock/cmi23zrj8002wt1uoalcu9nn7/activity-timeline 200 136.738 ms - 1551[39m
[32m[39m
2025-11-19 11:45:07 [32minfo[39m [32mGET /api/v1/notifications 304 11.927 ms - -[39m
[32m[39m
2025-11-19 11:45:36 [32minfo[39m [32mGET /api/v1/notifications 304 10.003 ms - -[39m
[32m[39m
2025-11-19 11:46:32 [32minfo[39m [32mPOST /api/v1/auth/vet-login 200 121.420 ms - 588[39m
[32m[39m
2025-11-19 11:46:36 [32minfo[39m [32mGET /api/v1/notifications 304 11.766 ms - -[39m
[32m[39m
2025-11-19 11:46:36 [32minfo[39m [32mGET /api/v1/tasks/my-tasks 304 11.940 ms - -[39m
[32m[39m
2025-11-19 11:46:40 [32minfo[39m [32mGET /api/v1/users/vet/assigned-farms 304 10.838 ms - -[39m
[32m[39m
2025-11-19 11:46:43 [32minfo[39m [32mGET /api/v1/tasks/my-tasks 304 11.461 ms - -[39m
[32m[39m
2025-11-19 11:46:48 [32minfo[39m [32mGET /api/v1/livestock/cmi23zrjk0034t1uoejgbm2cf/activity-timeline 200 27.863 ms - 1543[39m
[32m[39m
2025-11-19 11:47:04 [32minfo[39m [32mGET /api/v1/notifications 304 25.057 ms - -[39m
[32m[39m
2025-11-19 11:47:34 [32minfo[39m [32mGET /api/v1/notifications 200 27.582 ms - 11636[39m
[32m[39m
2025-11-19 11:48:39 [32minfo[39m [32mPOST /api/v1/auth/vet-login 200 282.136 ms - 588[39m
[32m[39m
2025-11-19 11:48:42 [32minfo[39m [32mGET /api/v1/notifications 200 10.860 ms - 11636[39m
[32m[39m
2025-11-19 11:48:43 [32minfo[39m [32mGET /api/v1/tasks/my-tasks 304 8.295 ms - -[39m
[32m[39m
2025-11-19 11:48:45 [32minfo[39m [32mGET /api/v1/tasks/my-tasks 304 8.747 ms - -[39m
[32m[39m
2025-11-19 11:48:49 [32minfo[39m [32mGET /api/v1/livestock/cmi23zrfk000ut1uo0xk0ncdv/activity-timeline 304 26.236 ms - -[39m
[32m[39m
2025-11-19 11:49:12 [32minfo[39m [32mGET /api/v1/notifications 304 98.274 ms - -[39m
[32m[39m
2025-11-19 11:49:42 [32minfo[39m [32mGET /api/v1/notifications 200 27.417 ms - 11636[39m
[32m[39m
2025-11-19 11:50:25 [32minfo[39m [32mPOST /api/v1/auth/vet-login 200 119.811 ms - 588[39m
[32m[39m
2025-11-19 11:50:26 [32minfo[39m [32mGET /api/v1/notifications 200 223.029 ms - 11636[39m
[32m[39m
2025-11-19 11:50:27 [32minfo[39m [32mGET /api/v1/tasks/my-tasks 304 15.269 ms - -[39m
[32m[39m
2025-11-19 11:50:31 [32minfo[39m [32mGET /api/v1/tasks/my-tasks 304 11.160 ms - -[39m
[32m[39m
2025-11-19 11:50:34 [32minfo[39m [32mGET /api/v1/livestock/cmi23zrfk000ut1uo0xk0ncdv/activity-timeline 304 226.581 ms - -[39m
[32m[39m
2025-11-19 11:50:56 [32minfo[39m [32mGET /api/v1/notifications 304 13.211 ms - -[39m
[32m[39m
2025-11-19 11:51:26 [32minfo[39m [32mGET /api/v1/notifications 200 21.772 ms - 11636[39m
[32m[39m
2025-11-19 11:51:57 [32minfo[39m [32mGET /api/v1/notifications 200 17.025 ms - 11636[39m
[32m[39m
2025-11-19 11:52:27 [32minfo[39m [32mGET /api/v1/notifications 200 20.637 ms - 11636[39m
[32m[39m
2025-11-19 11:52:57 [32minfo[39m [32mGET /api/v1/users/vet/assigned-farms 304 12.907 ms - -[39m
[32m[39m
2025-11-19 11:52:58 [32minfo[39m [32mGET /api/v1/notifications 200 16.992 ms - 11636[39m
[32m[39m
2025-11-19 11:53:03 [32minfo[39m [32mGET /api/v1/users/vet/farms/cmi23zr4r0006t1uo7yv915n3 200 82.387 ms - 2513[39m
[32m[39m
2025-11-19 11:53:05 [32minfo[39m [32mGET /api/v1/livestock?page=1&limit=60 304 30.813 ms - -[39m
[32m[39m
2025-11-19 11:53:06 [32minfo[39m [32mGET /api/v1/tasks/my-tasks?page=1&limit=10 304 11.742 ms - -[39m
[32m[39m
2025-11-19 11:53:21 [32minfo[39m [32mGET /api/v1/livestock/cmi23zrik002kt1uowlwswfp2/health-history 304 16.653 ms - -[39m
[32m[39m
2025-11-19 11:53:21 [32minfo[39m [32mGET /api/v1/livestock/cmi23zrik002kt1uowlwswfp2/activity-timeline 200 21.456 ms - 372[39m
[32m[39m
2025-11-19 11:53:27 [32minfo[39m [32mGET /api/v1/notifications 200 10.212 ms - 11636[39m
[32m[39m
2025-11-19 11:53:57 [32minfo[39m [32mGET /api/v1/notifications 200 35.715 ms - 11636[39m
[32m[39m
2025-11-19 11:54:27 [32minfo[39m [32mGET /api/v1/notifications 200 121.664 ms - 11636[39m
[32m[39m
2025-11-19 11:54:56 [32minfo[39m [32mPOST /api/v1/auth/vet-login 200 121.119 ms - 588[39m
[32m[39m
2025-11-19 11:54:59 [32minfo[39m [32mGET /api/v1/notifications 200 18.206 ms - 11636[39m
[32m[39m
2025-11-19 11:54:59 [32minfo[39m [32mGET /api/v1/tasks/my-tasks 304 9.993 ms - -[39m
[32m[39m
2025-11-19 11:55:01 [32minfo[39m [32mGET /api/v1/users/vet/assigned-farms 200 10.400 ms - 1132[39m
[32m[39m
2025-11-19 11:55:05 [32minfo[39m [32mGET /api/v1/tasks/my-tasks 200 10.803 ms - 4795[39m
[32m[39m
2025-11-19 11:55:07 [32minfo[39m [32mGET /api/v1/livestock/cmi23zrjk0034t1uoejgbm2cf/activity-timeline 304 21.789 ms - -[39m
[32m[39m
2025-11-19 11:55:54 [32minfo[39m [32mPOST /api/v1/auth/vet-login 200 308.367 ms - 588[39m
[32m[39m
2025-11-19 11:55:57 [32minfo[39m [32mGET /api/v1/notifications 200 88.495 ms - 11636[39m
[32m[39m
2025-11-19 11:55:57 [32minfo[39m [32mGET /api/v1/tasks/my-tasks 304 13.765 ms - -[39m
[32m[39m
2025-11-19 11:56:04 [32minfo[39m [32mGET /api/v1/users/vet/assigned-farms 304 9.395 ms - -[39m
[32m[39m
2025-11-19 11:56:06 [32minfo[39m [32mGET /api/v1/tasks/my-tasks 304 19.103 ms - -[39m
[32m[39m
2025-11-19 11:56:10 [32minfo[39m [32mGET /api/v1/livestock/cmi23zrfk000ut1uo0xk0ncdv/activity-timeline 304 157.192 ms - -[39m
[32m[39m
2025-11-19 11:58:22 [32minfo[39m [32mPOST /api/v1/auth/vet-login 200 126.484 ms - 588[39m
[32m[39m
2025-11-19 11:58:25 [32minfo[39m [32mGET /api/v1/notifications 304 20.547 ms - -[39m
[32m[39m
2025-11-19 11:58:25 [32minfo[39m [32mGET /api/v1/tasks/my-tasks 304 16.410 ms - -[39m
[32m[39m
2025-11-19 11:58:26 [32minfo[39m [32mGET /api/v1/tasks/my-tasks 304 10.527 ms - -[39m
[32m[39m
2025-11-19 11:58:29 [32minfo[39m [32mGET /api/v1/livestock/cmi23zrjk0034t1uoejgbm2cf/activity-timeline 304 25.800 ms - -[39m
[32m[39m
2025-11-19 11:58:54 [32minfo[39m [32mGET /api/v1/notifications 304 9.811 ms - -[39m
[32m[39m
2025-11-19 11:59:23 [32minfo[39m [32mGET /api/v1/notifications 200 13.682 ms - 11636[39m
[32m[39m
2025-11-19 11:59:54 [32minfo[39m [32mGET /api/v1/notifications 200 99.693 ms - 11636[39m
[32m[39m
2025-11-19 12:00:24 [32minfo[39m [32mGET /api/v1/notifications 200 15.536 ms - 11636[39m
[32m[39m
2025-11-19 12:00:54 [32minfo[39m [32mGET /api/v1/notifications 200 88.526 ms - 11636[39m
[32m[39m
2025-11-19 12:01:23 [32minfo[39m [32mGET /api/v1/notifications 200 105.962 ms - 11636[39m
[32m[39m
2025-11-19 12:01:54 [32minfo[39m [32mGET /api/v1/notifications 200 12.859 ms - 11636[39m
[32m[39m
2025-11-19 12:02:25 [32minfo[39m [32mGET /api/v1/notifications 200 18.887 ms - 11636[39m
[32m[39m
2025-11-19 12:02:53 [32minfo[39m [32mGET /api/v1/notifications 200 10.210 ms - 11636[39m
[32m[39m
2025-11-19 12:03:24 [32minfo[39m [32mGET /api/v1/notifications 200 13.159 ms - 11636[39m
[32m[39m
2025-11-19 12:03:55 [32minfo[39m [32mGET /api/v1/notifications 200 11.778 ms - 11636[39m
[32m[39m
2025-11-19 12:04:25 [32minfo[39m [32mGET /api/v1/notifications 200 14.166 ms - 11636[39m
[32m[39m
2025-11-19 12:04:54 [32minfo[39m [32mGET /api/v1/notifications 200 93.599 ms - 11636[39m
[32m[39m
2025-11-19 12:05:24 [32minfo[39m [32mGET /api/v1/notifications 200 12.955 ms - 11636[39m
[32m[39m
2025-11-19 12:05:54 [32minfo[39m [32mGET /api/v1/notifications 200 16.512 ms - 11636[39m
[32m[39m
2025-11-19 12:06:24 [32minfo[39m [32mGET /api/v1/notifications 200 323.452 ms - 11636[39m
[32m[39m
2025-11-19 12:06:54 [32minfo[39m [32mGET /api/v1/notifications 200 21.964 ms - 11636[39m
[32m[39m
2025-11-19 12:07:24 [32minfo[39m [32mGET /api/v1/notifications 200 13.321 ms - 11636[39m
[32m[39m
2025-11-19 12:07:53 [32minfo[39m [32mGET /api/v1/notifications 200 10.742 ms - 11636[39m
[32m[39m
2025-11-19 12:08:24 [32minfo[39m [32mGET /api/v1/notifications 200 12.388 ms - 11636[39m
[32m[39m
2025-11-19 12:08:54 [32minfo[39m [32mGET /api/v1/notifications 200 10.464 ms - 11636[39m
[32m[39m
2025-11-19 12:09:23 [32minfo[39m [32mGET /api/v1/notifications 200 29.939 ms - 11636[39m
[32m[39m
2025-11-19 12:14:33 [32minfo[39m [32mPOST /api/v1/auth/vet-login 200 235.804 ms - 588[39m
[32m[39m
2025-11-19 12:14:35 [32minfo[39m [32mGET /api/v1/tasks/my-tasks 200 109.825 ms - 4795[39m
[32m[39m
2025-11-19 12:14:35 [32minfo[39m [32mGET /api/v1/notifications 200 102.241 ms - 11636[39m
[32m[39m
2025-11-19 12:14:38 [32minfo[39m [32mGET /api/v1/users/vet/assigned-farms 304 24.156 ms - -[39m
[32m[39m
2025-11-19 12:14:39 [32minfo[39m [32mGET /api/v1/tasks/my-tasks 304 12.889 ms - -[39m
[32m[39m
2025-11-19 12:14:43 [32minfo[39m [32mGET /api/v1/livestock/cmi23zrfk000ut1uo0xk0ncdv/activity-timeline 200 257.220 ms - 5934[39m
[32m[39m
2025-11-19 12:15:03 [32minfo[39m [32mGET /api/v1/notifications 304 19.093 ms - -[39m
[32m[39m
2025-11-19 12:15:33 [32minfo[39m [32mGET /api/v1/notifications 304 14.479 ms - -[39m
[32m[39m
2025-11-19 12:16:04 [32minfo[39m [32mGET /api/v1/notifications 304 13.048 ms - -[39m
[32m[39m
2025-11-19 12:16:18 [32minfo[39m [32mPATCH /api/v1/cmi23zrp50072t1uo205a6n2n/status 404 0.475 ms - 144[39m
[32m[39m
2025-11-19 12:16:34 [32minfo[39m [32mGET /api/v1/notifications 304 41.656 ms - -[39m
[32m[39m
2025-11-19 12:17:03 [32minfo[39m [32mGET /api/v1/notifications 304 13.143 ms - -[39m
[32m[39m
2025-11-19 12:17:34 [32minfo[39m [32mGET /api/v1/notifications 304 13.667 ms - -[39m
[32m[39m
2025-11-19 12:18:05 [32minfo[39m [32mGET /api/v1/notifications 304 64.358 ms - -[39m
[32m[39m
2025-11-19 12:18:34 [32minfo[39m [32mGET /api/v1/notifications 304 10.154 ms - -[39m
[32m[39m
2025-11-19 12:19:03 [32minfo[39m [32mGET /api/v1/notifications 304 135.201 ms - -[39m
[32m[39m
2025-11-19 12:19:34 [32minfo[39m [32mGET /api/v1/notifications 304 18.859 ms - -[39m
[32m[39m
2025-11-19 12:19:42 [32minfo[39m [32mPOST /api/v1/auth/vet-login 200 128.713 ms - 588[39m
[32m[39m
2025-11-19 12:19:46 [32minfo[39m [32mGET /api/v1/tasks/my-tasks 304 191.136 ms - -[39m
[32m[39m
2025-11-19 12:19:46 [32minfo[39m [32mGET /api/v1/notifications 200 432.308 ms - 11636[39m
[32m[39m
2025-11-19 12:19:53 [32minfo[39m [32mGET /api/v1/tasks/my-tasks 304 18.063 ms - -[39m
[32m[39m
2025-11-19 12:19:58 [32minfo[39m [32mGET /api/v1/livestock/cmi23zrfk000ut1uo0xk0ncdv/activity-timeline 304 115.654 ms - -[39m
[32m[39m
2025-11-19 12:20:04 [32minfo[39m [32mGET /api/v1/notifications 304 21.079 ms - -[39m
[32m[39m
2025-11-19 12:20:13 [32minfo[39m [32mGET /api/v1/notifications 304 29.971 ms - -[39m
[32m[39m
2025-11-19 12:20:34 [32minfo[39m [32mGET /api/v1/notifications 304 15.427 ms - -[39m
[32m[39m
2025-11-19 12:20:44 [32minfo[39m [32mGET /api/v1/notifications 200 11.312 ms - 11636[39m
[32m[39m
2025-11-19 12:21:04 [32minfo[39m [32mGET /api/v1/notifications 304 17.799 ms - -[39m
[32m[39m
2025-11-19 12:21:13 [32minfo[39m [32mGET /api/v1/notifications 200 14.756 ms - 11636[39m
[32m[39m
2025-11-19 12:21:34 [32minfo[39m [32mGET /api/v1/notifications 304 11.273 ms - -[39m
[32m[39m
2025-11-19 12:21:43 [32minfo[39m [32mGET /api/v1/notifications 200 10.099 ms - 11636[39m
[32m[39m
2025-11-19 12:22:05 [32minfo[39m [32mGET /api/v1/notifications 304 39.182 ms - -[39m
[32m[39m
2025-11-19 12:22:15 [32minfo[39m [32mGET /api/v1/notifications 304 15.905 ms - -[39m
[32m[39m
2025-11-19 12:22:34 [32minfo[39m [32mGET /api/v1/notifications 304 10.455 ms - -[39m
[32m[39m
2025-11-19 12:22:44 [32minfo[39m [32mGET /api/v1/notifications 200 8.647 ms - 11636[39m
[32m[39m
2025-11-19 12:23:03 [32minfo[39m [32mGET /api/v1/notifications 304 9.526 ms - -[39m
[32m[39m
2025-11-19 12:23:14 [32minfo[39m [32mGET /api/v1/notifications 200 17.290 ms - 11636[39m
[32m[39m
2025-11-19 12:23:34 [32minfo[39m [32mGET /api/v1/notifications 304 10.407 ms - -[39m
[32m[39m
2025-11-19 12:23:39 [32minfo[39m [32mGET /api/v1/livestock/cmi23zrfk000ut1uo0xk0ncdv/activity-timeline 304 148.558 ms - -[39m
[32m[39m
2025-11-19 12:23:43 [32minfo[39m [32mGET /api/v1/notifications 200 9.080 ms - 11636[39m
[32m[39m
2025-11-19 12:24:04 [32minfo[39m [32mGET /api/v1/notifications 304 15.266 ms - -[39m
[32m[39m
2025-11-19 12:24:13 [32minfo[39m [32mGET /api/v1/notifications 200 14.568 ms - 11636[39m
[32m[39m
2025-11-19 12:24:34 [32minfo[39m [32mGET /api/v1/notifications 304 12.828 ms - -[39m
[32m[39m
2025-11-19 12:24:43 [32minfo[39m [32mGET /api/v1/notifications 200 18.836 ms - 11636[39m
[32m[39m
2025-11-19 12:25:03 [32minfo[39m [32mGET /api/v1/notifications 304 115.266 ms - -[39m
[32m[39m
2025-11-19 12:25:14 [32minfo[39m [32mGET /api/v1/notifications 200 15.067 ms - 11636[39m
[32m[39m
2025-11-19 12:25:33 [32minfo[39m [32mGET /api/v1/notifications 304 11.586 ms - -[39m
[32m[39m
2025-11-19 12:25:44 [32minfo[39m [32mGET /api/v1/notifications 200 9.900 ms - 11636[39m
[32m[39m
2025-11-19 12:26:04 [32minfo[39m [32mGET /api/v1/notifications 304 11.211 ms - -[39m
[32m[39m
2025-11-19 12:26:15 [32minfo[39m [32mGET /api/v1/notifications 200 10.358 ms - 11636[39m
[32m[39m
2025-11-19 12:26:34 [32minfo[39m [32mGET /api/v1/notifications 304 11.377 ms - -[39m
[32m[39m
2025-11-19 12:26:43 [32minfo[39m [32mGET /api/v1/notifications 200 26.046 ms - 11636[39m
[32m[39m
2025-11-19 12:26:50 [32minfo[39m [32mGET /api/v1/livestock/cmi23zrfk000ut1uo0xk0ncdv/activity-timeline 304 222.196 ms - -[39m
[32m[39m
2025-11-19 12:27:14 [32minfo[39m [32mGET /api/v1/notifications 200 19.774 ms - 11636[39m
[32m[39m
2025-11-19 12:28:57 [32minfo[39m [32mPOST /api/v1/auth/vet-login 200 117.867 ms - 588[39m
[32m[39m
2025-11-19 12:28:59 [32minfo[39m [32mGET /api/v1/notifications 200 9.650 ms - 11636[39m
[32m[39m
2025-11-19 12:28:59 [32minfo[39m [32mGET /api/v1/tasks/my-tasks 304 11.057 ms - -[39m
[32m[39m
2025-11-19 12:29:01 [32minfo[39m [32mGET /api/v1/tasks/my-tasks 304 13.539 ms - -[39m
[32m[39m
2025-11-19 12:29:09 [32minfo[39m [32mGET /api/v1/livestock/cmi23zrfk000ut1uo0xk0ncdv/activity-timeline 304 40.765 ms - -[39m
[32m[39m
2025-11-19 12:29:28 [32minfo[39m [32mGET /api/v1/notifications 304 14.021 ms - -[39m
[32m[39m
2025-11-19 12:29:58 [32minfo[39m [32mGET /api/v1/notifications 200 13.920 ms - 11636[39m
[32m[39m
2025-11-19 12:30:29 [32minfo[39m [32mGET /api/v1/notifications 200 190.765 ms - 11636[39m
[32m[39m
2025-11-19 12:30:59 [32minfo[39m [32mGET /api/v1/notifications 200 24.778 ms - 11636[39m
[32m[39m
2025-11-19 12:31:29 [32minfo[39m [32mGET /api/v1/notifications 200 28.746 ms - 11636[39m
[32m[39m
2025-11-19 12:31:59 [32minfo[39m [32mGET /api/v1/notifications 200 282.817 ms - 11636[39m
[32m[39m
2025-11-19 12:32:28 [32minfo[39m [32mGET /api/v1/notifications 200 18.625 ms - 11636[39m
[32m[39m
2025-11-19 12:32:59 [32minfo[39m [32mGET /api/v1/notifications 200 14.397 ms - 11636[39m
[32m[39m
2025-11-19 12:33:29 [32minfo[39m [32mGET /api/v1/notifications 200 152.809 ms - 11636[39m
[32m[39m
2025-11-19 12:33:59 [32minfo[39m [32mGET /api/v1/notifications 200 17.349 ms - 11636[39m
[32m[39m
2025-11-19 12:34:28 [32minfo[39m [32mGET /api/v1/notifications 200 20.205 ms - 11636[39m
[32m[39m
2025-11-19 12:35:07 [32minfo[39m [32mPOST /api/v1/auth/vet-login 200 142.436 ms - 588[39m
[32m[39m
2025-11-19 12:35:10 [32minfo[39m [32mGET /api/v1/notifications 200 12.914 ms - 11636[39m
[32m[39m
2025-11-19 12:35:10 [32minfo[39m [32mGET /api/v1/tasks/my-tasks 304 14.907 ms - -[39m
[32m[39m
2025-11-19 12:35:14 [32minfo[39m [32mGET /api/v1/tasks/my-tasks 304 12.908 ms - -[39m
[32m[39m
2025-11-19 12:35:19 [32minfo[39m [32mGET /api/v1/livestock/cmi23zrfk000ut1uo0xk0ncdv/activity-timeline 304 155.776 ms - -[39m
[32m[39m
2025-11-19 12:35:39 [32minfo[39m [32mGET /api/v1/notifications 304 23.670 ms - -[39m
[32m[39m
2025-11-19 12:36:09 [32minfo[39m [32mGET /api/v1/notifications 200 14.509 ms - 11636[39m
[32m[39m
2025-11-19 12:36:38 [32minfo[39m [32mGET /api/v1/notifications 200 18.586 ms - 11636[39m
[32m[39m
2025-11-19 12:37:10 [32minfo[39m [32mGET /api/v1/notifications 200 592.517 ms - 11636[39m
[32m[39m
2025-11-19 12:37:41 [32minfo[39m [32mPOST /api/v1/auth/vet-login 200 123.851 ms - 588[39m
[32m[39m
2025-11-19 12:37:42 [32minfo[39m [32mGET /api/v1/notifications 200 9.857 ms - 11636[39m
[32m[39m
2025-11-19 12:37:43 [32minfo[39m [32mGET /api/v1/tasks/my-tasks 304 11.169 ms - -[39m
[32m[39m
2025-11-19 12:37:51 [32minfo[39m [32mGET /api/v1/tasks/my-tasks 304 19.814 ms - -[39m
[32m[39m
2025-11-19 12:37:53 [32minfo[39m [32mGET /api/v1/livestock/cmi23zrjk0034t1uoejgbm2cf/activity-timeline 304 131.209 ms - -[39m
[32m[39m
2025-11-19 12:38:12 [32minfo[39m [32mGET /api/v1/notifications 304 35.380 ms - -[39m
[32m[39m
2025-11-19 12:38:42 [32minfo[39m [32mGET /api/v1/notifications 200 12.905 ms - 11636[39m
[32m[39m
2025-11-19 12:39:12 [32minfo[39m [32mGET /api/v1/notifications 200 14.590 ms - 11636[39m
[32m[39m
2025-11-19 12:39:36 [32minfo[39m [32mPOST /api/v1/auth/vet-login 200 110.863 ms - 588[39m
[32m[39m
2025-11-19 12:39:38 [32minfo[39m [32mGET /api/v1/notifications 200 18.334 ms - 11636[39m
[32m[39m
2025-11-19 12:39:39 [32minfo[39m [32mGET /api/v1/tasks/my-tasks 304 9.666 ms - -[39m
[32m[39m
2025-11-19 12:39:47 [32minfo[39m [32mGET /api/v1/tasks/my-tasks 304 10.876 ms - -[39m
[32m[39m
2025-11-19 12:39:51 [32minfo[39m [32mGET /api/v1/livestock/cmi23zrjk0034t1uoejgbm2cf/activity-timeline 304 28.045 ms - -[39m
[32m[39m
2025-11-19 12:40:09 [32minfo[39m [32mGET /api/v1/notifications 304 10.867 ms - -[39m
[32m[39m
2025-11-19 12:40:39 [32minfo[39m [32mGET /api/v1/notifications 304 211.797 ms - -[39m
[32m[39m
2025-11-19 12:41:09 [32minfo[39m [32mGET /api/v1/notifications 200 38.445 ms - 11636[39m
[32m[39m
2025-11-19 12:41:38 [32minfo[39m [32mGET /api/v1/notifications 200 10.625 ms - 11636[39m
[32m[39m
2025-11-19 12:42:22 [32minfo[39m [32mPOST /api/v1/auth/vet-login 200 117.667 ms - 588[39m
[32m[39m
2025-11-19 12:42:25 [32minfo[39m [32mGET /api/v1/notifications 200 90.197 ms - 11636[39m
[32m[39m
2025-11-19 12:42:25 [32minfo[39m [32mGET /api/v1/tasks/my-tasks 200 13.711 ms - 4795[39m
[32m[39m
2025-11-19 12:42:28 [32minfo[39m [32mGET /api/v1/tasks/my-tasks 304 11.981 ms - -[39m
[32m[39m
2025-11-19 12:42:32 [32minfo[39m [32mGET /api/v1/livestock/cmi23zrjk0034t1uoejgbm2cf/activity-timeline 304 22.973 ms - -[39m
[32m[39m
2025-11-19 12:42:54 [32minfo[39m [32mGET /api/v1/notifications 304 86.789 ms - -[39m
[32m[39m
2025-11-19 12:43:25 [32minfo[39m [32mGET /api/v1/notifications 200 13.788 ms - 11636[39m
[32m[39m
2025-11-19 12:43:54 [32minfo[39m [32mGET /api/v1/notifications 200 41.017 ms - 11636[39m
[32m[39m
2025-11-19 12:44:53 [32minfo[39m [32mPOST /api/v1/auth/vet-login 200 121.004 ms - 588[39m
[32m[39m
2025-11-19 12:44:56 [32minfo[39m [32mGET /api/v1/notifications 200 16.841 ms - 11636[39m
[32m[39m
2025-11-19 12:44:56 [32minfo[39m [32mGET /api/v1/tasks/my-tasks 304 8.919 ms - -[39m
[32m[39m
2025-11-19 12:45:02 [32minfo[39m [32mGET /api/v1/tasks/my-tasks 304 17.538 ms - -[39m
[32m[39m
2025-11-19 12:45:06 [32minfo[39m [32mGET /api/v1/livestock/cmi23zrjk0034t1uoejgbm2cf/activity-timeline 304 228.067 ms - -[39m
[32m[39m
2025-11-19 12:45:25 [32minfo[39m [32mGET /api/v1/notifications 304 21.266 ms - -[39m
[32m[39m
2025-11-19 12:45:54 [32minfo[39m [32mGET /api/v1/notifications 200 98.129 ms - 11636[39m
[32m[39m
2025-11-19 12:46:24 [32minfo[39m [32mGET /api/v1/notifications 200 12.632 ms - 11636[39m
[32m[39m
2025-11-19 12:47:30 [32minfo[39m [32mPOST /api/v1/auth/vet-login 200 108.610 ms - 588[39m
[32m[39m
2025-11-19 12:47:33 [32minfo[39m [32mGET /api/v1/notifications 200 10.727 ms - 11636[39m
[32m[39m
2025-11-19 12:47:33 [32minfo[39m [32mGET /api/v1/tasks/my-tasks 304 12.688 ms - -[39m
[32m[39m
2025-11-19 12:47:39 [32minfo[39m [32mGET /api/v1/tasks/my-tasks 304 11.643 ms - -[39m
[32m[39m
2025-11-19 12:47:47 [32minfo[39m [32mGET /api/v1/livestock/cmi23zrfk000ut1uo0xk0ncdv/activity-timeline 304 138.282 ms - -[39m
[32m[39m
2025-11-19 12:48:01 [32minfo[39m [32mGET /api/v1/notifications 304 13.390 ms - -[39m
[32m[39m
2025-11-19 12:48:33 [32minfo[39m [32mGET /api/v1/notifications 200 46.400 ms - 11636[39m
[32m[39m
2025-11-19 12:49:02 [32minfo[39m [32mGET /api/v1/notifications 200 11.167 ms - 11636[39m
[32m[39m
2025-11-19 12:49:30 [32minfo[39m [32mGET /api/v1/livestock/cmi23zrfk000ut1uo0xk0ncdv/activity-timeline 304 113.415 ms - -[39m
[32m[39m
2025-11-19 12:49:32 [32minfo[39m [32mGET /api/v1/notifications 304 13.208 ms - -[39m
[32m[39m
2025-11-19 12:49:41 [32minfo[39m [32mGET /api/v1/livestock/cmi23zrfk000ut1uo0xk0ncdv/activity-timeline 200 23.276 ms - 5934[39m
[32m[39m
2025-11-19 12:50:01 [32minfo[39m [32mGET /api/v1/notifications 304 10.109 ms - -[39m
[32m[39m
2025-11-19 12:50:34 [32minfo[39m [32mPOST /api/v1/auth/vet-login 200 149.377 ms - 588[39m
[32m[39m
2025-11-19 12:50:36 [32minfo[39m [32mGET /api/v1/notifications 200 8.634 ms - 11636[39m
[32m[39m
2025-11-19 12:50:36 [32minfo[39m [32mGET /api/v1/tasks/my-tasks 304 12.635 ms - -[39m
[32m[39m
2025-11-19 12:50:38 [32minfo[39m [32mGET /api/v1/tasks/my-tasks 304 17.194 ms - -[39m
[32m[39m
2025-11-19 12:50:44 [32minfo[39m [32mGET /api/v1/livestock/cmi23zrfk000ut1uo0xk0ncdv/activity-timeline 304 204.373 ms - -[39m
[32m[39m
2025-11-19 12:51:06 [32minfo[39m [32mGET /api/v1/notifications 304 91.703 ms - -[39m
[32m[39m
2025-11-19 12:51:24 [32minfo[39m [32mGET /api/v1/users/vet/assigned-farms 304 12.523 ms - -[39m
[32m[39m
2025-11-19 12:51:37 [32minfo[39m [32mGET /api/v1/notifications 200 8.887 ms - 11636[39m
[32m[39m
2025-11-19 12:52:05 [32minfo[39m [32mGET /api/v1/notifications 200 13.612 ms - 11636[39m
[32m[39m
2025-11-19 12:52:35 [32minfo[39m [32mGET /api/v1/notifications 200 11.078 ms - 11636[39m
[32m[39m
2025-11-19 12:52:52 [32minfo[39m [32mGET /api/v1/livestock/cmi23zrfk000ut1uo0xk0ncdv/activity-timeline 304 177.964 ms - -[39m
[32m[39m
2025-11-19 12:53:06 [32minfo[39m [32mGET /api/v1/notifications 200 23.001 ms - 11636[39m
[32m[39m
2025-11-19 12:53:36 [32minfo[39m [32mGET /api/v1/notifications 200 65.556 ms - 11636[39m
[32m[39m
2025-11-19 12:54:07 [32minfo[39m [32mGET /api/v1/notifications 200 40.314 ms - 11636[39m
[32m[39m
2025-11-19 12:54:37 [32minfo[39m [32mGET /api/v1/notifications 200 210.021 ms - 11636[39m
[32m[39m
2025-11-19 12:55:07 [32minfo[39m [32mGET /api/v1/notifications 200 45.298 ms - 11636[39m
[32m[39m
2025-11-19 12:55:37 [32minfo[39m [32mGET /api/v1/notifications 200 20.321 ms - 11636[39m
[32m[39m
2025-11-19 12:56:07 [32minfo[39m [32mGET /api/v1/notifications 200 14.179 ms - 11636[39m
[32m[39m
2025-11-19 12:56:37 [32minfo[39m [32mGET /api/v1/notifications 200 10.162 ms - 11636[39m
[32m[39m
2025-11-19 12:57:07 [32minfo[39m [32mGET /api/v1/notifications 200 20.903 ms - 11636[39m
[32m[39m
2025-11-19 12:57:37 [32minfo[39m [32mGET /api/v1/notifications 200 20.366 ms - 11636[39m
[32m[39m
2025-11-19 12:58:07 [32minfo[39m [32mGET /api/v1/notifications 200 205.792 ms - 11636[39m
[32m[39m
2025-11-19 12:58:37 [32minfo[39m [32mGET /api/v1/notifications 200 12.967 ms - 11636[39m
[32m[39m
2025-11-19 12:59:32 [32minfo[39m [32mPOST /api/v1/auth/vet-login 200 131.438 ms - 588[39m
[32m[39m
2025-11-19 12:59:35 [32minfo[39m [32mGET /api/v1/notifications 200 10.130 ms - 11636[39m
[32m[39m
2025-11-19 12:59:35 [32minfo[39m [32mGET /api/v1/tasks/my-tasks 304 14.287 ms - -[39m
[32m[39m
2025-11-19 12:59:45 [32minfo[39m [32mGET /api/v1/tasks/my-tasks 304 11.684 ms - -[39m
[32m[39m
2025-11-19 12:59:56 [32minfo[39m [32mPATCH /api/v1/livestock/cmi23zrfk000ut1uo0xk0ncdv/activity-timeline 404 2.606 ms - 165[39m
[32m[39m
2025-11-19 13:00:05 [32minfo[39m [32mGET /api/v1/notifications 304 118.773 ms - -[39m
[32m[39m
2025-11-19 13:00:33 [32minfo[39m [32mGET /api/v1/notifications 200 11.977 ms - 11636[39m
[32m[39m
2025-11-19 13:01:03 [32minfo[39m [32mGET /api/v1/notifications 304 17.695 ms - -[39m
[32m[39m
2025-11-19 13:01:33 [32minfo[39m [32mGET /api/v1/notifications 200 11.484 ms - 11636[39m
[32m[39m
2025-11-19 13:02:34 [32minfo[39m [32mGET /api/v1/notifications 200 22.968 ms - 11636[39m
[32m[39m
2025-11-19 13:03:21 [32minfo[39m [32mPOST /api/v1/auth/vet-login 200 115.427 ms - 588[39m
[32m[39m
2025-11-19 13:03:24 [32minfo[39m [32mGET /api/v1/notifications 200 149.711 ms - 11636[39m
[32m[39m
2025-11-19 13:03:24 [32minfo[39m [32mGET /api/v1/tasks/my-tasks 304 13.691 ms - -[39m
[32m[39m
2025-11-19 13:03:29 [32minfo[39m [32mGET /api/v1/tasks/my-tasks 304 12.363 ms - -[39m
[32m[39m
2025-11-19 13:03:39 [32minfo[39m [32mPATCH /api/v1/livestock/cmi23zrfk000ut1uo0xk0ncdv/activity-timeline 404 8.271 ms - 165[39m
[32m[39m
2025-11-19 13:03:52 [32minfo[39m [32mPATCH /api/v1/cmi23zrp50072t1uo205a6n2n/status 404 0.450 ms - 144[39m
[32m[39m
2025-11-19 13:03:52 [32minfo[39m [32mGET /api/v1/notifications 304 13.555 ms - -[39m
[32m[39m
2025-11-19 13:04:23 [32minfo[39m [32mGET /api/v1/notifications 200 13.084 ms - 11636[39m
[32m[39m
2025-11-19 13:04:54 [32minfo[39m [32mGET /api/v1/notifications 200 9.578 ms - 11636[39m
[32m[39m
2025-11-19 13:05:24 [32minfo[39m [32mGET /api/v1/notifications 200 103.590 ms - 11636[39m
[32m[39m
2025-11-19 13:05:53 [32minfo[39m [32mGET /api/v1/notifications 200 21.821 ms - 11636[39m
[32m[39m
2025-11-19 13:06:24 [32minfo[39m [32mGET /api/v1/notifications 200 18.208 ms - 11636[39m
[32m[39m
2025-11-19 13:06:54 [32minfo[39m [32mGET /api/v1/notifications 200 12.200 ms - 11636[39m
[32m[39m
2025-11-19 13:07:24 [32minfo[39m [32mGET /api/v1/notifications 200 18.305 ms - 11636[39m
[32m[39m
2025-11-19 13:08:56 [32minfo[39m [32mPOST /api/v1/auth/vet-login 200 341.818 ms - 588[39m
[32m[39m
2025-11-19 13:24:09 [32minfo[39m [32mPOST /api/v1/auth/vet-login 200 140.203 ms - 588[39m
[32m[39m
2025-11-19 13:24:12 [32minfo[39m [32mGET /api/v1/notifications 200 226.764 ms - 11636[39m
[32m[39m
2025-11-19 13:24:12 [32minfo[39m [32mGET /api/v1/tasks/my-tasks 304 21.271 ms - -[39m
[32m[39m
2025-11-19 13:24:16 [32minfo[39m [32mGET /api/v1/users/vet/assigned-farms 304 16.075 ms - -[39m
[32m[39m
2025-11-19 13:24:17 [32minfo[39m [32mGET /api/v1/tasks/my-tasks 304 12.408 ms - -[39m
[32m[39m
2025-11-19 13:24:21 [32minfo[39m [32mGET /api/v1/livestock/cmi23zrfk000ut1uo0xk0ncdv/activity-timeline 200 166.016 ms - 5934[39m
[32m[39m
2025-11-19 13:24:29 [32minfo[39m [32mPATCH /api/v1/cmi23zrp50072t1uo205a6n2n/status 404 0.892 ms - 144[39m
[32m[39m
2025-11-19 13:24:42 [32minfo[39m [32mGET /api/v1/notifications 304 15.163 ms - -[39m
[32m[39m
2025-11-19 13:25:10 [32minfo[39m [32mGET /api/v1/notifications 200 133.721 ms - 11636[39m
[32m[39m
2025-11-19 13:25:41 [32minfo[39m [32mGET /api/v1/notifications 200 17.880 ms - 11636[39m
[32m[39m
2025-11-19 13:26:11 [32minfo[39m [32mGET /api/v1/notifications 200 11.568 ms - 11636[39m
[32m[39m
2025-11-19 13:26:41 [32minfo[39m [32mGET /api/v1/notifications 200 19.439 ms - 11636[39m
[32m[39m
2025-11-19 13:27:11 [32minfo[39m [32mGET /api/v1/notifications 200 10.695 ms - 11636[39m
[32m[39m
2025-11-19 13:27:40 [32minfo[39m [32mGET /api/v1/notifications 200 20.477 ms - 11636[39m
[32m[39m
2025-11-19 13:28:11 [32minfo[39m [32mGET /api/v1/notifications 200 13.480 ms - 11636[39m
[32m[39m
2025-11-19 13:28:41 [32minfo[39m [32mGET /api/v1/notifications 200 22.247 ms - 11636[39m
[32m[39m
2025-11-19 13:29:12 [32minfo[39m [32mGET /api/v1/notifications 200 573.940 ms - 11636[39m
[32m[39m
2025-11-19 13:29:43 [32minfo[39m [32mPOST /api/v1/auth/vet-login 200 234.368 ms - 588[39m
[32m[39m
2025-11-19 13:29:44 [32minfo[39m [32mGET /api/v1/notifications 200 213.987 ms - 11636[39m
[32m[39m
2025-11-19 13:29:45 [32minfo[39m [32mGET /api/v1/tasks/my-tasks 304 19.566 ms - -[39m
[32m[39m
2025-11-19 13:29:48 [32minfo[39m [32mGET /api/v1/tasks/my-tasks 304 20.791 ms - -[39m
[32m[39m
2025-11-19 13:29:52 [32minfo[39m [32mGET /api/v1/livestock/cmi23zrfk000ut1uo0xk0ncdv/activity-timeline 304 239.987 ms - -[39m
[32m[39m
2025-11-19 13:29:58 [32minfo[39m [32mPATCH /api/v1/tasks/cmi23zrp50072t1uo205a6n2n/status 200 46.228 ms - 1179[39m
[32m[39m
2025-11-19 13:30:10 [32minfo[39m [32mGET /api/v1/livestock/cmi23zrfk000ut1uo0xk0ncdv/activity-timeline 200 31.605 ms - 5934[39m
[32m[39m
2025-11-19 13:30:14 [32minfo[39m [32mPATCH /api/v1/tasks/cmi23zrp50072t1uo205a6n2n/status 200 16.013 ms - 1177[39m
[32m[39m
2025-11-19 13:30:15 [32minfo[39m [32mGET /api/v1/notifications 304 12.265 ms - -[39m
[32m[39m
2025-11-19 13:30:22 [32minfo[39m [32mGET /api/v1/livestock/cmi23zrfk000ut1uo0xk0ncdv/activity-timeline 200 35.356 ms - 5928[39m
[32m[39m
2025-11-19 13:30:27 [32minfo[39m [32mGET /api/v1/livestock/cmi23zrfk000ut1uo0xk0ncdv/activity-timeline 304 29.898 ms - -[39m
[32m[39m
2025-11-19 13:30:34 [32minfo[39m [32mPATCH /api/v1/tasks/cmi23zrp50072t1uo205a6n2n/status 200 13.396 ms - 1177[39m
[32m[39m
2025-11-19 13:30:45 [32minfo[39m [32mGET /api/v1/notifications 200 13.038 ms - 11636[39m
[32m[39m
2025-11-19 13:30:46 [32minfo[39m [32mGET /api/v1/livestock/cmi23zrfk000ut1uo0xk0ncdv/activity-timeline 200 29.396 ms - 5928[39m
[32m[39m
2025-11-19 13:30:54 [32minfo[39m [32mGET /api/v1/livestock/cmi23zrjk0034t1uoejgbm2cf/activity-timeline 304 20.439 ms - -[39m
[32m[39m
2025-11-19 13:30:58 [32minfo[39m [32mPATCH /api/v1/tasks/cmi23zrr5008kt1uoqub061zq/status 200 19.522 ms - 1190[39m
[32m[39m
2025-11-19 13:31:04 [32minfo[39m [32mGET /api/v1/livestock/cmi23zrjk0034t1uoejgbm2cf/activity-timeline 200 24.796 ms - 1555[39m
[32m[39m
2025-11-19 13:31:14 [32minfo[39m [32mGET /api/v1/notifications 200 16.410 ms - 11636[39m
[32m[39m
2025-11-19 13:32:02 [32minfo[39m [32mPOST /api/v1/auth/vet-login 200 120.740 ms - 588[39m
[32m[39m
2025-11-19 13:32:03 [32minfo[39m [32mGET /api/v1/notifications 200 10.172 ms - 11636[39m
[32m[39m
2025-11-19 13:32:03 [32minfo[39m [32mGET /api/v1/tasks/my-tasks 200 18.989 ms - 4797[39m
[32m[39m
2025-11-19 13:32:05 [32minfo[39m [32mGET /api/v1/tasks/my-tasks 304 8.611 ms - -[39m
[32m[39m
2025-11-19 13:32:09 [32minfo[39m [32mGET /api/v1/livestock/cmi23zrjk0034t1uoejgbm2cf/activity-timeline 304 32.561 ms - -[39m
[32m[39m
2025-11-19 13:32:33 [32minfo[39m [32mGET /api/v1/notifications 304 18.118 ms - -[39m
[32m[39m
2025-11-19 13:33:04 [32minfo[39m [32mGET /api/v1/notifications 200 15.902 ms - 11636[39m
[32m[39m
2025-11-19 13:33:33 [32minfo[39m [32mGET /api/v1/notifications 200 35.726 ms - 11636[39m
[32m[39m
2025-11-19 13:34:04 [32minfo[39m [32mGET /api/v1/notifications 200 11.569 ms - 11636[39m
[32m[39m
2025-11-19 13:34:34 [32minfo[39m [32mGET /api/v1/notifications 200 10.126 ms - 11636[39m
[32m[39m
2025-11-19 13:35:04 [32minfo[39m [32mGET /api/v1/notifications 200 137.905 ms - 11636[39m
[32m[39m
2025-11-19 13:35:34 [32minfo[39m [32mGET /api/v1/notifications 200 25.402 ms - 11636[39m
[32m[39m
2025-11-19 13:36:04 [32minfo[39m [32mGET /api/v1/notifications 200 67.335 ms - 11636[39m
[32m[39m
2025-11-19 13:36:34 [32minfo[39m [32mGET /api/v1/notifications 200 39.014 ms - 11636[39m
[32m[39m
2025-11-19 13:37:04 [32minfo[39m [32mGET /api/v1/notifications 200 16.249 ms - 11636[39m
[32m[39m
2025-11-19 13:37:34 [32minfo[39m [32mGET /api/v1/notifications 200 24.683 ms - 11636[39m
[32m[39m
2025-11-19 13:38:04 [32minfo[39m [32mGET /api/v1/notifications 200 19.250 ms - 11636[39m
[32m[39m
2025-11-19 13:38:33 [32minfo[39m [32mGET /api/v1/notifications 200 14.153 ms - 11636[39m
[32m[39m
2025-11-19 13:39:04 [32minfo[39m [32mGET /api/v1/notifications 200 21.267 ms - 11636[39m
[32m[39m
2025-11-19 13:39:34 [32minfo[39m [32mGET /api/v1/notifications 200 12.141 ms - 11636[39m
[32m[39m
2025-11-19 13:40:05 [32minfo[39m [32mGET /api/v1/notifications 200 315.857 ms - 11636[39m
[32m[39m
2025-11-19 13:40:34 [32minfo[39m [32mGET /api/v1/notifications 200 236.544 ms - 11636[39m
[32m[39m
2025-11-19 13:41:18 [32minfo[39m [32mPOST /api/v1/auth/vet-login 200 120.240 ms - 588[39m
[32m[39m
2025-11-19 13:41:21 [32minfo[39m [32mGET /api/v1/notifications 200 12.525 ms - 11636[39m
[32m[39m
2025-11-19 13:41:21 [32minfo[39m [32mGET /api/v1/tasks/my-tasks 304 15.379 ms - -[39m
[32m[39m
2025-11-19 13:41:22 [32minfo[39m [32mGET /api/v1/tasks/my-tasks 304 13.298 ms - -[39m
[32m[39m
2025-11-19 13:41:25 [32minfo[39m [32mGET /api/v1/livestock/cmi23zrjk0034t1uoejgbm2cf/activity-timeline 304 235.378 ms - -[39m
[32m[39m
2025-11-19 13:41:48 [32minfo[39m [32mPATCH /api/v1/tasks/cmi23zrr5008kt1uoqub061zq/status 200 20.322 ms - 1188[39m
[32m[39m
2025-11-19 13:41:50 [32minfo[39m [32mGET /api/v1/notifications 304 14.129 ms - -[39m
[32m[39m
2025-11-19 13:42:20 [32minfo[39m [32mGET /api/v1/notifications 200 15.286 ms - 11636[39m
[32m[39m
2025-11-19 13:42:31 [32minfo[39m [32mGET /api/v1/livestock/cmi23zrjk0034t1uoejgbm2cf/activity-timeline 200 26.250 ms - 1549[39m
[32m[39m
2025-11-19 13:42:49 [32minfo[39m [32mGET /api/v1/notifications 200 14.206 ms - 11636[39m
[32m[39m
2025-11-19 13:43:21 [32minfo[39m [32mGET /api/v1/notifications 200 12.310 ms - 11636[39m
[32m[39m
2025-11-19 13:43:51 [32minfo[39m [32mGET /api/v1/notifications 200 16.784 ms - 11636[39m
[32m[39m
2025-11-19 13:44:21 [32minfo[39m [32mGET /api/v1/notifications 200 19.081 ms - 11636[39m
[32m[39m
2025-11-19 13:44:50 [32minfo[39m [32mGET /api/v1/notifications 200 10.884 ms - 11636[39m
[32m[39m
2025-11-19 13:44:51 [32minfo[39m [32mGET /api/v1/tasks/my-tasks 200 13.587 ms - 4795[39m
[32m[39m
2025-11-19 13:44:55 [32minfo[39m [32mGET /api/v1/tasks/my-tasks 200 11.108 ms - 4795[39m
[32m[39m
2025-11-19 13:45:00 [32minfo[39m [32mGET /api/v1/tasks/my-tasks 304 9.005 ms - -[39m
[32m[39m
2025-11-19 13:45:09 [32minfo[39m [32mGET /api/v1/tasks/my-tasks 304 188.375 ms - -[39m
[32m[39m
2025-11-19 13:45:14 [32minfo[39m [32mGET /api/v1/users/vet/assigned-farms 304 17.672 ms - -[39m
[32m[39m
2025-11-19 13:45:19 [32minfo[39m [32mGET /api/v1/tasks/my-tasks 304 10.912 ms - -[39m
[32m[39m
2025-11-19 13:45:21 [32minfo[39m [32mGET /api/v1/notifications 200 201.478 ms - 11636[39m
[32m[39m
2025-11-19 13:45:22 [32minfo[39m [32mGET /api/v1/tasks/my-tasks 304 9.462 ms - -[39m
[32m[39m
2025-11-19 13:45:30 [32minfo[39m [32mGET /api/v1/livestock/cmi23zri5002at1uoy4wuwoq1/activity-timeline 200 210.200 ms - 6360[39m
[32m[39m
2025-11-19 13:45:50 [32minfo[39m [32mGET /api/v1/notifications 304 12.962 ms - -[39m
[32m[39m
2025-11-19 13:46:20 [32minfo[39m [32mGET /api/v1/notifications 304 30.032 ms - -[39m
[32m[39m
2025-11-19 13:46:50 [32minfo[39m [32mGET /api/v1/notifications 200 212.235 ms - 11636[39m
[32m[39m
2025-11-19 13:47:19 [32minfo[39m [32mGET /api/v1/notifications 200 12.814 ms - 11636[39m
[32m[39m
2025-11-19 13:47:50 [32minfo[39m [32mGET /api/v1/notifications 200 15.342 ms - 11636[39m
[32m[39m
2025-11-19 13:48:20 [32minfo[39m [32mGET /api/v1/notifications 200 12.172 ms - 11636[39m
[32m[39m
2025-11-19 13:48:51 [32minfo[39m [32mGET /api/v1/notifications 200 11.535 ms - 11636[39m
[32m[39m
2025-11-19 13:49:21 [32minfo[39m [32mGET /api/v1/notifications 200 9.981 ms - 11636[39m
[32m[39m
2025-11-19 13:49:51 [32minfo[39m [32mGET /api/v1/notifications 200 200.102 ms - 11636[39m
[32m[39m
2025-11-19 13:50:20 [32minfo[39m [32mGET /api/v1/notifications 200 14.026 ms - 11636[39m
[32m[39m
2025-11-19 13:50:51 [32minfo[39m [32mGET /api/v1/notifications 200 283.759 ms - 11636[39m
[32m[39m
2025-11-19 13:51:20 [32minfo[39m [32mGET /api/v1/notifications 200 16.658 ms - 11636[39m
[32m[39m
2025-11-19 13:51:51 [32minfo[39m [32mGET /api/v1/notifications 200 195.185 ms - 11636[39m
[32m[39m
2025-11-19 13:52:21 [32minfo[39m [32mGET /api/v1/notifications 200 41.276 ms - 11636[39m
[32m[39m
2025-11-19 13:52:51 [32minfo[39m [32mGET /api/v1/notifications 200 12.410 ms - 11636[39m
[32m[39m
2025-11-19 13:53:21 [32minfo[39m [32mGET /api/v1/notifications 200 12.184 ms - 11636[39m
[32m[39m
2025-11-19 13:53:51 [32minfo[39m [32mGET /api/v1/notifications 200 14.281 ms - 11636[39m
[32m[39m
2025-11-19 13:54:20 [32minfo[39m [32mGET /api/v1/notifications 200 17.746 ms - 11636[39m
[32m[39m
2025-11-19 13:54:51 [32minfo[39m [32mGET /api/v1/notifications 200 11.642 ms - 11636[39m
[32m[39m
2025-11-19 13:55:21 [32minfo[39m [32mGET /api/v1/notifications 200 15.528 ms - 11636[39m
[32m[39m
2025-11-19 13:56:12 [32minfo[39m [32mPOST /api/v1/auth/vet-login 200 126.117 ms - 588[39m
[32m[39m
2025-11-19 13:56:14 [32minfo[39m [32mGET /api/v1/notifications 200 88.486 ms - 11636[39m
[32m[39m
2025-11-19 13:56:15 [32minfo[39m [32mGET /api/v1/tasks/my-tasks 304 24.868 ms - -[39m
[32m[39m
2025-11-19 13:56:26 [32minfo[39m [32mGET /api/v1/users/vet/assigned-farms 304 14.315 ms - -[39m
[32m[39m
2025-11-19 13:56:29 [32minfo[39m [32mGET /api/v1/tasks/my-tasks 304 13.444 ms - -[39m
[32m[39m
2025-11-19 13:56:37 [32minfo[39m [32mGET /api/v1/tasks/my-tasks 304 13.174 ms - -[39m
[32m[39m
2025-11-19 13:56:40 [32minfo[39m [32mGET /api/v1/livestock/cmi23zrfk000ut1uo0xk0ncdv/activity-timeline 304 164.109 ms - -[39m
[32m[39m
2025-11-19 13:56:46 [32minfo[39m [32mGET /api/v1/notifications 304 15.066 ms - -[39m
[32m[39m
2025-11-19 13:57:15 [32minfo[39m [32mGET /api/v1/notifications 200 98.424 ms - 11636[39m
[32m[39m
2025-11-19 13:57:46 [32minfo[39m [32mGET /api/v1/notifications 200 12.818 ms - 11636[39m
[32m[39m
2025-11-19 13:58:16 [32minfo[39m [32mGET /api/v1/notifications 200 12.957 ms - 11636[39m
[32m[39m
2025-11-19 13:58:46 [32minfo[39m [32mGET /api/v1/notifications 200 18.394 ms - 11636[39m
[32m[39m
2025-11-19 13:59:16 [32minfo[39m [32mGET /api/v1/notifications 200 13.658 ms - 11636[39m
[32m[39m
2025-11-19 13:59:46 [32minfo[39m [32mGET /api/v1/notifications 200 13.239 ms - 11636[39m
[32m[39m
2025-11-19 14:00:16 [32minfo[39m [32mGET /api/v1/notifications 200 13.799 ms - 11636[39m
[32m[39m
2025-11-19 14:00:45 [32minfo[39m [32mGET /api/v1/notifications 200 42.035 ms - 11636[39m
[32m[39m
2025-11-19 14:01:16 [32minfo[39m [32mGET /api/v1/notifications 200 12.916 ms - 11636[39m
[32m[39m
2025-11-19 14:01:45 [32minfo[39m [32mGET /api/v1/notifications 200 404.466 ms - 11636[39m
[32m[39m
2025-11-19 14:02:15 [32minfo[39m [32mGET /api/v1/notifications 304 18.385 ms - -[39m
[32m[39m
2025-11-19 14:02:46 [32minfo[39m [32mGET /api/v1/notifications 200 93.688 ms - 11636[39m
[32m[39m
2025-11-19 14:03:16 [32minfo[39m [32mGET /api/v1/notifications 200 14.795 ms - 11636[39m
[32m[39m
2025-11-19 14:03:46 [32minfo[39m [32mGET /api/v1/notifications 200 11.972 ms - 11636[39m
[32m[39m
2025-11-19 14:04:16 [32minfo[39m [32mGET /api/v1/notifications 304 11.363 ms - -[39m
[32m[39m
2025-11-19 14:04:46 [32minfo[39m [32mGET /api/v1/notifications 200 11.272 ms - 11636[39m
[32m[39m
2025-11-19 15:18:18 [32minfo[39m [32mGET /api/v1/notifications 401 34.366 ms - 64[39m
[32m[39m
2025-11-19 16:58:03 [32minfo[39m [32mPOST /api/v1/auth/vet-login 200 172.480 ms - 588[39m
[32m[39m
2025-11-19 16:58:42 [32minfo[39m [32mPOST /api/v1/appointments/schedule 422 13.962 ms - 478[39m
[32m[39m
2025-11-19 16:59:15 [32minfo[39m [32mPOST /api/v1/appointments/schedule 201 89.858 ms - 643[39m
[32m[39m
2025-11-20 03:07:58 [32minfo[39m [32mPOST /api/v1/auth/vet-login 200 248.241 ms - 588[39m
[32m[39m
2025-11-20 03:08:02 [32minfo[39m [32mGET /api/v1/notifications 304 175.611 ms - -[39m
[32m[39m
2025-11-20 03:08:02 [32minfo[39m [32mGET /api/v1/tasks/my-tasks 304 116.332 ms - -[39m
[32m[39m
2025-11-20 03:14:55 [32minfo[39m [32mPOST /api/v1/auth/vet-login 200 156.536 ms - 588[39m
[32m[39m
2025-11-20 03:14:57 [32minfo[39m [32mGET /api/v1/notifications 304 130.974 ms - -[39m
[32m[39m
2025-11-20 03:14:58 [32minfo[39m [32mGET /api/v1/tasks/my-tasks 304 22.127 ms - -[39m
[32m[39m
2025-11-20 03:15:06 [32minfo[39m [32mGET /api/v1/tasks/my-tasks 304 14.541 ms - -[39m
[32m[39m
2025-11-20 03:15:12 [32minfo[39m [32mGET /api/v1/tasks/my-tasks 304 14.595 ms - -[39m
[32m[39m
2025-11-20 03:15:27 [32minfo[39m [32mGET /api/v1/notifications 304 23.608 ms - -[39m
[32m[39m
2025-11-20 03:15:57 [32minfo[39m [32mGET /api/v1/notifications 200 16.608 ms - 11636[39m
[32m[39m
2025-11-20 03:16:26 [32minfo[39m [32mGET /api/v1/notifications 200 319.901 ms - 11636[39m
[32m[39m
2025-11-20 03:16:56 [32minfo[39m [32mGET /api/v1/notifications 200 69.231 ms - 11636[39m
[32m[39m
2025-11-20 03:21:44 [32minfo[39m [32mGET /api/v1/notifications 200 272.796 ms - 11636[39m
[32m[39m
2025-11-20 03:22:09 [32minfo[39m [32mGET /api/v1/notifications 200 25.691 ms - 11636[39m
[32m[39m
2025-11-20 03:22:39 [32minfo[39m [32mGET /api/v1/notifications 304 15.223 ms - -[39m
[32m[39m
2025-11-20 03:23:09 [32minfo[39m [32mGET /api/v1/notifications 200 13.230 ms - 11636[39m
[32m[39m
2025-11-20 03:23:39 [32minfo[39m [32mGET /api/v1/notifications 200 14.337 ms - 11636[39m
[32m[39m
2025-11-20 03:24:09 [32minfo[39m [32mGET /api/v1/notifications 200 11.323 ms - 11636[39m
[32m[39m
2025-11-20 03:24:38 [32minfo[39m [32mGET /api/v1/notifications 200 13.415 ms - 11636[39m
[32m[39m
2025-11-20 03:25:09 [32minfo[39m [32mGET /api/v1/notifications 200 192.253 ms - 11636[39m
[32m[39m
2025-11-20 03:25:39 [32minfo[39m [32mGET /api/v1/notifications 200 16.042 ms - 11636[39m
[32m[39m
2025-11-20 03:26:08 [32minfo[39m [32mGET /api/v1/notifications 200 19.713 ms - 11636[39m
[32m[39m
2025-11-20 03:26:39 [32minfo[39m [32mGET /api/v1/notifications 200 159.906 ms - 11636[39m
[32m[39m
2025-11-20 03:27:09 [32minfo[39m [32mGET /api/v1/notifications 200 130.014 ms - 11636[39m
[32m[39m
2025-11-20 03:27:39 [32minfo[39m [32mGET /api/v1/notifications 200 433.775 ms - 11636[39m
[32m[39m
2025-11-20 03:28:09 [32minfo[39m [32mGET /api/v1/notifications 200 25.677 ms - 11636[39m
[32m[39m
2025-11-20 03:28:21 [32minfo[39m [32mPOST /api/v1/auth/vet-login 200 184.744 ms - 588[39m
[32m[39m
2025-11-20 03:28:38 [32minfo[39m [32mGET /api/v1/notifications 200 19.351 ms - 11636[39m
[32m[39m
2025-11-20 03:29:08 [32minfo[39m [32mGET /api/v1/notifications 200 10.043 ms - 11636[39m
[32m[39m
2025-11-20 03:29:38 [32minfo[39m [32mGET /api/v1/notifications 200 16.518 ms - 11636[39m
[32m[39m
2025-11-20 03:29:52 [32minfo[39m [32mPOST /api/v1/appointments/schedule 201 97.115 ms - 643[39m
[32m[39m
2025-11-20 03:30:08 [32minfo[39m [32mGET /api/v1/notifications 200 18.990 ms - 11636[39m
[32m[39m
2025-11-20 03:30:39 [32minfo[39m [32mGET /api/v1/notifications 200 108.750 ms - 11636[39m
[32m[39m
2025-11-20 03:31:09 [32minfo[39m [32mGET /api/v1/notifications 200 18.279 ms - 11636[39m
[32m[39m
2025-11-20 03:31:39 [32minfo[39m [32mGET /api/v1/notifications 200 684.368 ms - 11636[39m
[32m[39m
2025-11-20 03:32:09 [32minfo[39m [32mGET /api/v1/notifications 200 18.819 ms - 11636[39m
[32m[39m
2025-11-20 03:32:38 [32minfo[39m [32mGET /api/v1/notifications 200 16.141 ms - 11636[39m
[32m[39m
2025-11-20 05:59:20 [32minfo[39m [32mPOST /api/v1/auth/vet-login 200 165.433 ms - 600[39m
[32m[39m
2025-11-20 05:59:23 [32minfo[39m [32mGET /api/v1/notifications 200 119.486 ms - 164[39m
[32m[39m
2025-11-20 05:59:23 [32minfo[39m [32mGET /api/v1/tasks/my-tasks 200 21.406 ms - 5127[39m
[32m[39m
2025-11-20 05:59:34 [32minfo[39m [32mGET /api/v1/users/vet/assigned-farms 200 23.141 ms - 817[39m
[32m[39m
2025-11-20 05:59:52 [32minfo[39m [32mGET /api/v1/notifications 304 11.818 ms - -[39m
[32m[39m
2025-11-20 05:59:53 [32minfo[39m [32mGET /api/v1/users/vet/farms/cmi6yer6o000gt1xoo4rnao21 200 83.750 ms - 2173[39m
[32m[39m
2025-11-20 05:59:55 [32minfo[39m [32mGET /api/v1/livestock?page=1&limit=60 200 35.102 ms - 64380[39m
[32m[39m
2025-11-20 05:59:55 [32minfo[39m [32mGET /api/v1/tasks/my-tasks?page=1&limit=10 200 13.785 ms - 5127[39m
[32m[39m
2025-11-20 06:04:22 [32minfo[39m [32mGET /api/v1/users/vet/assigned-farms 304 24.843 ms - -[39m
[32m[39m
2025-11-20 06:04:22 [32minfo[39m [32mGET /api/v1/users/vet/farms/cmi6yer6o000gt1xoo4rnao21 200 98.195 ms - 2173[39m
[32m[39m
2025-11-20 06:04:22 [32minfo[39m [32mGET /api/v1/tasks/my-tasks 304 116.266 ms - -[39m
[32m[39m
2025-11-20 06:04:22 [32minfo[39m [32mGET /api/v1/notifications 200 9.214 ms - 164[39m
[32m[39m
2025-11-20 06:04:26 [32minfo[39m [32mGET /api/v1/tasks/my-tasks 200 191.030 ms - 5127[39m
[32m[39m
2025-11-20 06:04:36 [32minfo[39m [32mGET /api/v1/tasks/my-tasks 304 13.507 ms - -[39m
[32m[39m
2025-11-20 06:04:46 [32minfo[39m [32mGET /api/v1/users/vet/assigned-farms 200 13.473 ms - 817[39m
[32m[39m
2025-11-20 06:04:49 [32minfo[39m [32mGET /api/v1/users/vet/farms/cmi6yer6o000gt1xoo4rnao21 200 62.454 ms - 2173[39m
[32m[39m
2025-11-20 06:04:50 [32minfo[39m [32mGET /api/v1/livestock?page=1&limit=60 304 26.014 ms - -[39m
[32m[39m
2025-11-20 06:04:51 [32minfo[39m [32mGET /api/v1/tasks/my-tasks?page=1&limit=10 304 13.211 ms - -[39m
[32m[39m
2025-11-20 06:04:52 [32minfo[39m [32mGET /api/v1/notifications 200 86.084 ms - 164[39m
[32m[39m
2025-11-20 06:04:58 [32minfo[39m [32mGET /api/v1/livestock/cmi6yerpa002wt1xolclrlzmp/health-history 200 14.047 ms - 273[39m
[32m[39m
2025-11-20 06:04:58 [32minfo[39m [32mGET /api/v1/livestock/cmi6yerpa002wt1xolclrlzmp/activity-timeline 200 218.634 ms - 384[39m
[32m[39m
2025-11-20 06:05:03 [32minfo[39m [32mGET /api/v1/users/vet/farms/cmi6yer6o000gt1xoo4rnao21 304 70.016 ms - -[39m
[32m[39m
2025-11-20 06:05:04 [32minfo[39m [32mGET /api/v1/tasks/my-tasks?page=1&limit=10 304 13.599 ms - -[39m
[32m[39m
2025-11-20 06:05:05 [32minfo[39m [32mGET /api/v1/livestock?page=1&limit=60 304 28.734 ms - -[39m
[32m[39m
2025-11-20 06:05:05 [32minfo[39m [32mGET /api/v1/users/vet/assigned-farms 304 10.870 ms - -[39m
[32m[39m
2025-11-20 06:05:08 [32minfo[39m [32mGET /api/v1/users/vet/farms/cmi6yeqpw0009t1xogehm0guc 200 66.355 ms - 8441[39m
[32m[39m
2025-11-20 06:05:09 [32minfo[39m [32mGET /api/v1/tasks/my-tasks?page=1&limit=10 304 12.318 ms - -[39m
[32m[39m
2025-11-20 06:05:10 [32minfo[39m [32mGET /api/v1/livestock?page=1&limit=60 304 27.583 ms - -[39m
[32m[39m
2025-11-20 06:05:15 [32minfo[39m [32mGET /api/v1/livestock/cmi6yermf001st1xot2i9wbvp/health-history 200 15.476 ms - 1675[39m
[32m[39m
2025-11-20 06:05:15 [32minfo[39m [32mGET /api/v1/livestock/cmi6yermf001st1xot2i9wbvp/activity-timeline 200 22.179 ms - 2187[39m
[32m[39m
2025-11-20 06:05:21 [32minfo[39m [32mGET /api/v1/notifications 200 9.031 ms - 164[39m
[32m[39m
2025-11-20 06:05:51 [32minfo[39m [32mGET /api/v1/users/vet/farms/cmi6yeqpw0009t1xogehm0guc 304 58.741 ms - -[39m
[32m[39m
2025-11-20 06:05:51 [32minfo[39m [32mGET /api/v1/notifications 200 12.511 ms - 164[39m
[32m[39m
2025-11-20 06:05:52 [32minfo[39m [32mGET /api/v1/livestock?page=1&limit=60 304 24.968 ms - -[39m
[32m[39m
2025-11-20 06:05:52 [32minfo[39m [32mGET /api/v1/tasks/my-tasks?page=1&limit=10 304 9.885 ms - -[39m
[32m[39m
2025-11-20 06:05:53 [32minfo[39m [32mGET /api/v1/users/vet/assigned-farms 304 9.848 ms - -[39m
[32m[39m
2025-11-20 06:06:23 [32minfo[39m [32mGET /api/v1/notifications 200 123.301 ms - 164[39m
[32m[39m
2025-11-20 06:06:51 [32minfo[39m [32mGET /api/v1/notifications 200 18.433 ms - 164[39m
[32m[39m
2025-11-20 06:07:22 [32minfo[39m [32mGET /api/v1/notifications 200 10.341 ms - 164[39m
[32m[39m
2025-11-20 06:07:52 [32minfo[39m [32mGET /api/v1/notifications 200 10.534 ms - 164[39m
[32m[39m
2025-11-20 06:08:22 [32minfo[39m [32mGET /api/v1/notifications 304 360.835 ms - -[39m
[32m[39m
2025-11-20 06:08:53 [32minfo[39m [32mGET /api/v1/notifications 200 263.870 ms - 164[39m
[32m[39m
2025-11-20 06:09:23 [32minfo[39m [32mGET /api/v1/notifications 200 26.568 ms - 164[39m
[32m[39m
2025-11-20 06:09:47 [32minfo[39m [32mPOST /api/v1/appointments/cmi6yeq150000t1xosvmc24a7/schedule 401 3.054 ms - 64[39m
[32m[39m
2025-11-20 06:09:51 [32minfo[39m [32mGET /api/v1/notifications 200 26.785 ms - 164[39m
[32m[39m
2025-11-20 06:09:59 [32minfo[39m [32mPOST /api/v1/auth/vet-login 200 214.073 ms - 600[39m
[32m[39m
2025-11-20 06:10:19 [32minfo[39m [32mPOST /api/v1/appointments/cmi6yeq150000t1xosvmc24a7/schedule 201 68.646 ms - 683[39m
[32m[39m
2025-11-20 06:10:22 [32minfo[39m [32mGET /api/v1/notifications 200 12.857 ms - 164[39m
[32m[39m
2025-11-20 06:10:51 [32minfo[39m [32mGET /api/v1/notifications 200 15.211 ms - 164[39m
[32m[39m
2025-11-20 06:11:14 [32minfo[39m [32mGET /api/v1/users/vet/assigned-farms 304 118.514 ms - -[39m
[32m[39m
2025-11-20 06:11:23 [32minfo[39m [32mGET /api/v1/notifications 200 9.097 ms - 164[39m
[32m[39m
2025-11-20 06:11:51 [32minfo[39m [32mGET /api/v1/notifications 200 13.012 ms - 164[39m
[32m[39m
2025-11-20 06:12:22 [32minfo[39m [32mGET /api/v1/notifications 200 269.893 ms - 164[39m
[32m[39m
2025-11-20 06:12:48 [32minfo[39m [32mPOST /api/v1/appointments/cmi6yeqiw0007t1xove5db2gv/schedule 201 56.626 ms - 683[39m
[32m[39m
2025-11-20 06:12:53 [32minfo[39m [32mGET /api/v1/notifications 200 8.194 ms - 164[39m
[32m[39m
2025-11-20 06:12:55 [32minfo[39m [32mPOST /api/v1/appointments/cmi6yeqiw0007t1xove5db2gv/schedule 201 64.513 ms - 683[39m
[32m[39m
2025-11-20 06:13:23 [32minfo[39m [32mGET /api/v1/notifications 200 11.443 ms - 164[39m
[32m[39m
2025-11-20 06:13:25 [32minfo[39m [32mPOST /api/v1/appointments/cmi6yeqiw0007t1xove5db2gv/schedule 201 47.540 ms - 679[39m
[32m[39m
2025-11-20 06:13:53 [32minfo[39m [32mGET /api/v1/notifications 200 122.308 ms - 164[39m
[32m[39m
2025-11-20 06:13:59 [32minfo[39m [32mPOST /api/v1/appointments/cmi6yeqiw0007t1xove5db2gv/schedule 201 40.855 ms - 676[39m
[32m[39m
2025-11-20 06:14:02 [32minfo[39m [32mPOST /api/v1/appointments/cmi6yeqiw0007t1xove5db2gv/schedule 201 84.007 ms - 676[39m
[32m[39m
2025-11-20 06:14:04 [32minfo[39m [32mPOST /api/v1/appointments/cmi6yeqiw0007t1xove5db2gv/schedule 201 35.628 ms - 676[39m
[32m[39m
2025-11-20 06:14:23 [32minfo[39m [32mGET /api/v1/notifications 200 187.898 ms - 164[39m
[32m[39m
2025-11-20 06:14:52 [32minfo[39m [32mGET /api/v1/notifications 200 11.979 ms - 164[39m
[32m[39m
2025-11-20 06:15:22 [32minfo[39m [32mGET /api/v1/notifications 200 13.949 ms - 164[39m
[32m[39m
2025-11-20 06:15:53 [32minfo[39m [32mGET /api/v1/notifications 200 14.440 ms - 164[39m
[32m[39m
2025-11-20 06:15:57 [32minfo[39m [32mGET /api/v1/appointments 200 19.074 ms - 5469[39m
[32m[39m
2025-11-20 06:16:23 [32minfo[39m [32mGET /api/v1/notifications 200 133.375 ms - 164[39m
[32m[39m
2025-11-20 06:16:53 [32minfo[39m [32mGET /api/v1/notifications 200 10.233 ms - 164[39m
[32m[39m
2025-11-20 06:17:22 [32minfo[39m [32mGET /api/v1/notifications 200 9.901 ms - 164[39m
[32m[39m
2025-11-20 06:17:53 [32minfo[39m [32mGET /api/v1/notifications 200 407.487 ms - 164[39m
[32m[39m
2025-11-20 06:18:21 [32minfo[39m [32mGET /api/v1/notifications 200 13.477 ms - 164[39m
[32m[39m
2025-11-20 06:18:52 [32minfo[39m [32mGET /api/v1/notifications 200 35.958 ms - 164[39m
[32m[39m
2025-11-20 06:19:22 [32minfo[39m [32mGET /api/v1/notifications 200 169.017 ms - 164[39m
[32m[39m
2025-11-20 06:19:53 [32minfo[39m [32mGET /api/v1/notifications 200 138.056 ms - 164[39m
[32m[39m
2025-11-20 06:20:22 [32minfo[39m [32mGET /api/v1/notifications 304 14.495 ms - -[39m
[32m[39m
2025-11-20 06:20:52 [32minfo[39m [32mGET /api/v1/notifications 200 15.011 ms - 164[39m
[32m[39m
2025-11-20 06:21:22 [32minfo[39m [32mGET /api/v1/notifications 200 12.673 ms - 164[39m
[32m[39m
2025-11-20 06:21:51 [32minfo[39m [32mGET /api/v1/notifications 200 11.490 ms - 164[39m
[32m[39m
2025-11-20 06:22:23 [32minfo[39m [32mGET /api/v1/notifications 200 95.083 ms - 164[39m
[32m[39m
2025-11-20 06:42:09 [32minfo[39m [32mPOST /api/v1/auth/vet-login 200 626.125 ms - 600[39m
[32m[39m
2025-11-20 06:42:12 [32minfo[39m [32mGET /api/v1/tasks/my-tasks 200 491.283 ms - 5127[39m
[32m[39m
2025-11-20 06:42:13 [32minfo[39m [32mGET /api/v1/notifications 200 662.577 ms - 164[39m
[32m[39m
2025-11-20 06:42:15 [32minfo[39m [32mGET /api/v1/tasks/my-tasks 304 51.093 ms - -[39m
[32m[39m
2025-11-20 06:42:18 [32minfo[39m [32mGET /api/v1/tasks/my-tasks 304 129.753 ms - -[39m
[32m[39m
2025-11-20 06:42:20 [32minfo[39m [32mGET /api/v1/appointments 200 221.390 ms - 5469[39m
[32m[39m
2025-11-20 06:42:25 [32minfo[39m [32mGET /api/v1/appointments 304 112.663 ms - -[39m
[32m[39m
2025-11-20 06:42:26 [32minfo[39m [32mGET /api/v1/appointments 304 108.513 ms - -[39m
[32m[39m
2025-11-20 06:43:29 [32minfo[39m [32mPOST /api/v1/auth/vet-login 200 122.298 ms - 600[39m
[32m[39m
2025-11-20 06:43:31 [32minfo[39m [32mGET /api/v1/notifications 200 11.993 ms - 164[39m
[32m[39m
2025-11-20 06:43:32 [32minfo[39m [32mGET /api/v1/tasks/my-tasks 304 15.780 ms - -[39m
[32m[39m
2025-11-20 06:43:36 [32minfo[39m [32mGET /api/v1/appointments 200 11.503 ms - 5469[39m
[32m[39m
2025-11-20 06:44:01 [32minfo[39m [32mGET /api/v1/notifications 304 16.956 ms - -[39m
[32m[39m
2025-11-20 06:46:35 [32minfo[39m [32mPOST /api/v1/auth/vet-login 200 171.378 ms - 600[39m
[32m[39m
2025-11-20 06:46:37 [32minfo[39m [32mGET /api/v1/notifications 304 28.503 ms - -[39m
[32m[39m
2025-11-20 06:46:37 [32minfo[39m [32mGET /api/v1/tasks/my-tasks 304 35.341 ms - -[39m
[32m[39m
2025-11-20 06:46:42 [32minfo[39m [32mGET /api/v1/appointments 304 24.986 ms - -[39m
[32m[39m
2025-11-20 06:47:07 [32minfo[39m [32mGET /api/v1/notifications 304 19.453 ms - -[39m
[32m[39m
2025-11-20 06:47:37 [32minfo[39m [32mGET /api/v1/notifications 304 306.218 ms - -[39m
[32m[39m
2025-11-20 06:48:23 [32minfo[39m [32mPOST /api/v1/auth/vet-login 200 145.678 ms - 600[39m
[32m[39m
2025-11-20 06:48:24 [32minfo[39m [32mGET /api/v1/tasks/my-tasks 304 20.805 ms - -[39m
[32m[39m
2025-11-20 06:48:25 [32minfo[39m [32mGET /api/v1/notifications 304 10.193 ms - -[39m
[32m[39m
2025-11-20 06:48:27 [32minfo[39m [32mGET /api/v1/tasks/my-tasks 304 13.913 ms - -[39m
[32m[39m
2025-11-20 06:48:29 [32minfo[39m [32mGET /api/v1/appointments 304 11.660 ms - -[39m
[32m[39m
2025-11-20 06:48:33 [32minfo[39m [32mGET /api/v1/appointments 304 10.554 ms - -[39m
[32m[39m
2025-11-20 06:48:54 [32minfo[39m [32mGET /api/v1/notifications 304 11.106 ms - -[39m
[32m[39m
2025-11-20 07:15:59 [32minfo[39m [32mGET /api/v1/users/vet/assigned-farms 401 9.600 ms - 64[39m
[32m[39m
2025-11-20 07:16:08 [32minfo[39m [32mPOST /api/v1/auth/vet-login 200 204.874 ms - 600[39m
[32m[39m
2025-11-20 07:16:29 [32minfo[39m [32mGET /api/v1/users/vet/assigned-farms 200 34.240 ms - 817[39m
[32m[39m
2025-11-20 07:37:04 [32minfo[39m [32mGET /api/v1/users/vet/assigned-farms 401 24.743 ms - 64[39m
[32m[39m
2025-11-20 07:37:16 [32minfo[39m [32mPOST /api/v1/auth/vet-login 200 240.056 ms - 600[39m
[32m[39m
2025-11-20 07:37:41 [32minfo[39m [32mGET /api/v1/users/vet/assigned-farms 200 25.461 ms - 817[39m
[32m[39m
2025-11-20 07:45:24 [32minfo[39m [32mGET /api/v1/users/vet/assigned-farms 200 494.707 ms - 817[39m
[32m[39m
2025-11-20 07:49:43 [32minfo[39m [32mGET /api/v1/users/vet/assigned-farms 200 455.748 ms - 897[39m
[32m[39m
2025-11-20 07:57:20 [32minfo[39m [32mPOST /api/v1/auth/vet-login 200 185.820 ms - 617[39m
[32m[39m
2025-11-20 07:57:24 [32minfo[39m [32mGET /api/v1/notifications 200 111.695 ms - 164[39m
[32m[39m
2025-11-20 07:57:24 [32minfo[39m [32mGET /api/v1/tasks/my-tasks 304 23.419 ms - -[39m
[32m[39m
2025-11-20 07:57:25 [32minfo[39m [32mGET /api/v1/appointments 304 16.846 ms - -[39m
[32m[39m
2025-11-20 07:57:31 [32minfo[39m [32mGET /api/v1/users/vet/assigned-farms 200 15.075 ms - 897[39m
[32m[39m
2025-11-20 07:57:53 [32minfo[39m [32mGET /api/v1/notifications 304 16.517 ms - -[39m
[32m[39m
2025-11-20 07:58:22 [32minfo[39m [32mGET /api/v1/notifications 200 9.056 ms - 164[39m
[32m[39m
2025-11-20 08:10:05 [32minfo[39m [32mPOST /api/v1/auth/vet-login 200 518.241 ms - 617[39m
[32m[39m
2025-11-20 08:10:09 [32minfo[39m [32mGET /api/v1/notifications 304 195.960 ms - -[39m
[32m[39m
2025-11-20 08:10:10 [32minfo[39m [32mGET /api/v1/tasks/my-tasks 304 56.689 ms - -[39m
[32m[39m
2025-11-20 08:10:29 [32minfo[39m [32mGET /api/v1/appointments 304 19.902 ms - -[39m
[32m[39m
2025-11-20 08:10:39 [32minfo[39m [32mGET /api/v1/users/vet/assigned-farms 304 18.749 ms - -[39m
[32m[39m
2025-11-20 08:10:40 [32minfo[39m [32mGET /api/v1/notifications 304 8.722 ms - -[39m
[32m[39m
2025-11-20 08:11:08 [32minfo[39m [32mGET /api/v1/notifications 200 8.431 ms - 164[39m
[32m[39m
2025-11-20 08:11:27 [32minfo[39m [32mPOST /api/v1/appointments/cmi6yeqiw0007t1xove5db2gv/schedule 201 52.756 ms - 629[39m
[32m[39m
2025-11-20 08:11:34 [32minfo[39m [32mGET /api/v1/appointments 200 10.691 ms - 6013[39m
[32m[39m
2025-11-20 08:11:36 [32minfo[39m [32mGET /api/v1/notifications 200 7.855 ms - 164[39m
[32m[39m
2025-11-20 08:12:08 [32minfo[39m [32mGET /api/v1/notifications 200 10.949 ms - 164[39m
[32m[39m
2025-11-20 08:12:55 [32minfo[39m [32mGET /api/v1/notifications 200 9.790 ms - 164[39m
[32m[39m
2025-11-20 08:17:08 [32minfo[39m [32mGET /api/v1/notifications 200 183.238 ms - 164[39m
[32m[39m
2025-11-20 10:03:33 [32minfo[39m [32mPOST /api/v1/auth/vet-login 200 265.030 ms - 617[39m
[32m[39m
2025-11-20 10:03:35 [32minfo[39m [32mGET /api/v1/tasks/my-tasks 304 52.115 ms - -[39m
[32m[39m
2025-11-20 10:03:35 [32minfo[39m [32mGET /api/v1/notifications 304 191.272 ms - -[39m
[32m[39m
2025-11-20 10:03:47 [32minfo[39m [32mGET /api/v1/appointments 200 19.608 ms - 6013[39m
[32m[39m
2025-11-20 10:03:51 [32minfo[39m [32mGET /api/v1/users/vet/assigned-farms 200 39.937 ms - 897[39m
[32m[39m
2025-11-20 10:04:04 [32minfo[39m [32mGET /api/v1/notifications 304 12.927 ms - -[39m
[32m[39m
2025-11-20 10:04:34 [32minfo[39m [32mGET /api/v1/notifications 304 32.791 ms - -[39m
[32m[39m
2025-11-20 10:05:07 [32minfo[39m [32mGET /api/v1/notifications 304 37.457 ms - -[39m
[32m[39m
2025-11-20 10:05:37 [32minfo[39m [32mGET /api/v1/notifications 304 22.928 ms - -[39m
[32m[39m
2025-11-20 10:07:15 [32minfo[39m [32mGET /api/v1/notifications 304 113.604 ms - -[39m
[32m[39m
2025-11-20 10:07:37 [32minfo[39m [32mGET /api/v1/notifications 304 16.324 ms - -[39m
[32m[39m
2025-11-20 10:08:06 [32minfo[39m [32mGET /api/v1/notifications 304 11.587 ms - -[39m
[32m[39m
2025-11-20 10:08:37 [32minfo[39m [32mGET /api/v1/notifications 304 210.222 ms - -[39m
[32m[39m
2025-11-20 10:09:08 [32minfo[39m [32mGET /api/v1/notifications 304 12.144 ms - -[39m
[32m[39m
2025-11-20 10:09:12 [32minfo[39m [32mGET /api/v1/tasks/my-tasks 304 19.057 ms - -[39m
[32m[39m
2025-11-20 10:09:16 [32minfo[39m [32mGET /api/v1/users/vet/assigned-farms 304 14.774 ms - -[39m
[32m[39m
2025-11-20 10:09:22 [32minfo[39m [32mGET /api/v1/users/vet/farms/cmi6yer6o000gt1xoo4rnao21 200 105.739 ms - 2173[39m
[32m[39m
2025-11-20 10:09:26 [32minfo[39m [32mGET /api/v1/livestock?page=1&limit=60 200 37.054 ms - 66780[39m
[32m[39m
2025-11-20 10:09:26 [32minfo[39m [32mGET /api/v1/tasks/my-tasks?page=1&limit=10 200 14.325 ms - 5127[39m
[32m[39m
2025-11-20 10:09:36 [32minfo[39m [32mGET /api/v1/notifications 304 8.945 ms - -[39m
[32m[39m
2025-11-20 10:09:38 [32minfo[39m [32mGET /api/v1/livestock/cmi6yerpa002wt1xolclrlzmp/activity-timeline 200 142.925 ms - 384[39m
[32m[39m
2025-11-20 10:09:38 [32minfo[39m [32mGET /api/v1/livestock/cmi6yerpa002wt1xolclrlzmp/health-history 200 17.495 ms - 273[39m
[32m[39m
2025-11-20 10:10:08 [32minfo[39m [32mGET /api/v1/notifications 304 14.826 ms - -[39m
[32m[39m
2025-11-20 10:10:37 [32minfo[39m [32mGET /api/v1/notifications 304 14.392 ms - -[39m
[32m[39m
2025-11-20 10:11:07 [32minfo[39m [32mGET /api/v1/notifications 304 20.379 ms - -[39m
[32m[39m
2025-11-20 10:11:37 [32minfo[39m [32mGET /api/v1/notifications 304 44.774 ms - -[39m
[32m[39m
2025-11-20 10:11:54 [32minfo[39m [32mGET /api/v1/users/vet/farms/cmi6yer6o000gt1xoo4rnao21 304 74.416 ms - -[39m
[32m[39m
2025-11-20 10:11:54 [32minfo[39m [32mGET /api/v1/tasks/my-tasks?page=1&limit=10 304 22.079 ms - -[39m
[32m[39m
2025-11-20 10:11:57 [32minfo[39m [32mGET /api/v1/livestock?page=1&limit=60 304 33.418 ms - -[39m
[32m[39m
2025-11-20 10:11:57 [32minfo[39m [32mGET /api/v1/users/vet/assigned-farms 304 12.206 ms - -[39m
[32m[39m
2025-11-20 10:12:01 [32minfo[39m [32mGET /api/v1/users/vet/assigned-farms 304 8.869 ms - -[39m
[32m[39m
2025-11-20 10:12:08 [32minfo[39m [32mGET /api/v1/notifications 304 11.163 ms - -[39m
[32m[39m
2025-11-20 10:25:27 [32minfo[39m [32mPOST /api/v1/auth/vet-login 200 234.611 ms - 617[39m
[32m[39m
2025-11-20 10:25:30 [32minfo[39m [32mGET /api/v1/tasks/my-tasks 304 143.275 ms - -[39m
[32m[39m
2025-11-20 10:25:30 [32minfo[39m [32mGET /api/v1/notifications 304 117.468 ms - -[39m
[32m[39m
2025-11-20 10:25:33 [32minfo[39m [32mGET /api/v1/appointments 304 22.565 ms - -[39m
[32m[39m
2025-11-20 10:25:40 [32minfo[39m [32mGET /api/v1/users/vet/assigned-farms 304 15.093 ms - -[39m
[32m[39m
2025-11-20 10:25:59 [32minfo[39m [32mGET /api/v1/notifications 304 99.758 ms - -[39m
[32m[39m
2025-11-20 10:26:01 [32minfo[39m [32mGET /api/v1/users/vet/assigned-farms 304 467.581 ms - -[39m
[32m[39m
2025-11-20 10:26:11 [32minfo[39m [32mGET /api/v1/users/vet/assigned-farms 304 339.751 ms - -[39m
[32m[39m
2025-11-20 10:26:13 [32minfo[39m [32mGET /api/v1/users/vet/assigned-farms 304 68.339 ms - -[39m
[32m[39m
2025-11-20 10:26:25 [32minfo[39m [32mGET /api/v1/users/vet/assigned-farms 304 455.788 ms - -[39m
[32m[39m
2025-11-20 10:26:28 [32minfo[39m [32mGET /api/v1/notifications 304 23.293 ms - -[39m
[32m[39m
2025-11-20 10:26:58 [32minfo[39m [32mGET /api/v1/notifications 304 16.119 ms - -[39m
[32m[39m
2025-11-20 10:27:24 [32minfo[39m [32mGET /api/v1/users/vet/assigned-farms 304 444.435 ms - -[39m
[32m[39m
2025-11-20 10:27:28 [32minfo[39m [32mGET /api/v1/notifications 304 78.237 ms - -[39m
[32m[39m
2025-11-20 10:27:52 [32minfo[39m [32mGET /api/v1/users/vet/assigned-farms 304 19.786 ms - -[39m
[32m[39m
2025-11-20 10:27:58 [32minfo[39m [32mGET /api/v1/notifications 304 16.404 ms - -[39m
[32m[39m
2025-11-20 10:28:03 [32minfo[39m [32mGET /api/v1/users/vet/assigned-farms 304 335.716 ms - -[39m
[32m[39m
2025-11-20 10:28:05 [32minfo[39m [32mGET /api/v1/users/vet/assigned-farms 304 26.339 ms - -[39m
[32m[39m
2025-11-20 10:28:14 [32minfo[39m [32mGET /api/v1/users/vet/assigned-farms 304 209.364 ms - -[39m
[32m[39m
2025-11-20 10:28:28 [32minfo[39m [32mGET /api/v1/notifications 304 10.027 ms - -[39m
[32m[39m
2025-11-20 10:28:40 [32minfo[39m [32mGET /api/v1/users/vet/assigned-farms 304 151.536 ms - -[39m
[32m[39m
2025-11-20 10:28:50 [32minfo[39m [32mGET /api/v1/users/vet/assigned-farms 304 12.841 ms - -[39m
[32m[39m
2025-11-20 10:29:03 [32minfo[39m [32mGET /api/v1/notifications 304 18.097 ms - -[39m
[32m[39m
2025-11-20 10:29:10 [32minfo[39m [32mGET /api/v1/users/vet/assigned-farms 304 523.941 ms - -[39m
[32m[39m
2025-11-20 10:29:13 [32minfo[39m [32mGET /api/v1/users/vet/assigned-farms 304 49.062 ms - -[39m
[32m[39m
2025-11-20 10:29:14 [32minfo[39m [32mGET /api/v1/users/vet/assigned-farms 304 314.888 ms - -[39m
[32m[39m
2025-11-20 10:29:21 [32minfo[39m [32mGET /api/v1/users/vet/assigned-farms 304 36.822 ms - -[39m
[32m[39m
2025-11-20 10:29:24 [32minfo[39m [32mGET /api/v1/users/vet/assigned-farms 304 40.752 ms - -[39m
[32m[39m
2025-11-20 10:29:28 [32minfo[39m [32mGET /api/v1/notifications 304 8.830 ms - -[39m
[32m[39m
2025-11-20 10:29:47 [32minfo[39m [32mGET /api/v1/users/vet/assigned-farms 304 332.281 ms - -[39m
[32m[39m
2025-11-20 10:29:49 [32minfo[39m [32mGET /api/v1/users/vet/assigned-farms 304 33.986 ms - -[39m
[32m[39m
2025-11-20 10:29:56 [32minfo[39m [32mGET /api/v1/users/vet/assigned-farms 304 27.956 ms - -[39m
[32m[39m
2025-11-20 10:29:58 [32minfo[39m [32mGET /api/v1/notifications 304 17.916 ms - -[39m
[32m[39m
2025-11-20 10:30:10 [32minfo[39m [32mGET /api/v1/users/vet/assigned-farms 304 388.374 ms - -[39m
[32m[39m
2025-11-20 10:30:11 [32minfo[39m [32mGET /api/v1/users/vet/assigned-farms 304 239.546 ms - -[39m
[32m[39m
2025-11-20 10:30:12 [32minfo[39m [32mGET /api/v1/users/vet/assigned-farms 304 24.186 ms - -[39m
[32m[39m
2025-11-20 10:30:22 [32minfo[39m [32mGET /api/v1/users/vet/assigned-farms 304 293.696 ms - -[39m
[32m[39m
2025-11-20 10:30:28 [32minfo[39m [32mGET /api/v1/notifications 304 179.595 ms - -[39m
[32m[39m
2025-11-20 10:30:44 [32minfo[39m [32mGET /api/v1/users/vet/assigned-farms 304 252.694 ms - -[39m
[32m[39m
2025-11-20 10:30:52 [32minfo[39m [32mGET /api/v1/users/vet/assigned-farms 304 43.015 ms - -[39m
[32m[39m
2025-11-20 10:30:54 [32minfo[39m [32mGET /api/v1/users/vet/assigned-farms 304 42.726 ms - -[39m
[32m[39m
2025-11-20 10:30:56 [32minfo[39m [32mGET /api/v1/users/vet/assigned-farms 304 21.535 ms - -[39m
[32m[39m
2025-11-20 10:30:58 [32minfo[39m [32mGET /api/v1/users/vet/assigned-farms 304 79.008 ms - -[39m
[32m[39m
2025-11-20 10:31:01 [32minfo[39m [32mGET /api/v1/notifications 304 2101.072 ms - -[39m
[32m[39m
2025-11-20 10:31:28 [32minfo[39m [32mGET /api/v1/notifications 304 68.155 ms - -[39m
[32m[39m
2025-11-20 10:31:59 [32minfo[39m [32mGET /api/v1/notifications 304 20.204 ms - -[39m
[32m[39m
2025-11-20 10:32:29 [32minfo[39m [32mGET /api/v1/notifications 304 46.589 ms - -[39m
[32m[39m
2025-11-20 10:32:56 [32minfo[39m [32mGET /api/v1/users/vet/assigned-farms 304 138.017 ms - -[39m
[32m[39m
2025-11-20 10:32:59 [32minfo[39m [32mGET /api/v1/notifications 304 66.922 ms - -[39m
[32m[39m
2025-11-20 10:33:26 [32minfo[39m [32mGET /api/v1/users/vet/assigned-farms 304 185.869 ms - -[39m
[32m[39m
2025-11-20 10:33:28 [32minfo[39m [32mGET /api/v1/notifications 304 17.281 ms - -[39m
[32m[39m
2025-11-20 10:33:57 [32minfo[39m [32mGET /api/v1/users/vet/assigned-farms 304 112.135 ms - -[39m
[32m[39m
2025-11-20 10:33:58 [32minfo[39m [32mGET /api/v1/notifications 304 505.929 ms - -[39m
[32m[39m
2025-11-20 10:34:00 [32minfo[39m [32mGET /api/v1/users/vet/assigned-farms 304 27.371 ms - -[39m
[32m[39m
2025-11-20 10:34:25 [32minfo[39m [32mGET /api/v1/users/vet/assigned-farms 304 11.630 ms - -[39m
[32m[39m
2025-11-20 10:34:28 [32minfo[39m [32mGET /api/v1/notifications 304 9.973 ms - -[39m
[32m[39m
2025-11-20 10:34:58 [32minfo[39m [32mGET /api/v1/notifications 304 40.613 ms - -[39m
[32m[39m
2025-11-20 10:35:28 [32minfo[39m [32mGET /api/v1/notifications 304 35.450 ms - -[39m
[32m[39m
2025-11-20 10:35:59 [32minfo[39m [32mGET /api/v1/notifications 304 257.433 ms - -[39m
[32m[39m
2025-11-20 10:36:30 [32minfo[39m [32mGET /api/v1/notifications 304 171.393 ms - -[39m
[32m[39m
2025-11-20 10:36:54 [32minfo[39m [32mGET /api/v1/users/vet/assigned-farms 304 57.360 ms - -[39m
[32m[39m
2025-11-20 10:36:59 [32minfo[39m [32mGET /api/v1/notifications 304 9.011 ms - -[39m
[32m[39m
2025-11-20 10:37:28 [32minfo[39m [32mGET /api/v1/notifications 304 14.152 ms - -[39m
[32m[39m
2025-11-20 10:38:08 [32minfo[39m [32mGET /api/v1/notifications 200 9.101 ms - 164[39m
[32m[39m
2025-11-20 10:38:24 [32minfo[39m [32mGET /api/v1/users/vet/assigned-farms 304 35.277 ms - -[39m
[32m[39m
2025-11-20 10:38:38 [32minfo[39m [32mGET /api/v1/notifications 304 57.286 ms - -[39m
[32m[39m
2025-11-20 10:39:07 [32minfo[39m [32mGET /api/v1/notifications 304 8.932 ms - -[39m
[32m[39m
2025-11-20 10:39:37 [32minfo[39m [32mGET /api/v1/notifications 304 442.429 ms - -[39m
[32m[39m
2025-11-20 10:39:42 [32minfo[39m [32mGET /api/v1/users/vet/assigned-farms 304 301.671 ms - -[39m
[32m[39m
2025-11-20 10:53:20 [31merror[39m [31mInvalid credentials Invalid credentials[39m
2025-11-20 10:53:20 [32minfo[39m [32mPOST /api/v1/auth/vet-login 400 226.679 ms - 47[39m
[32m[39m
2025-11-20 10:53:39 [32minfo[39m [32mPOST /api/v1/auth/vet-login 200 163.460 ms - 617[39m
[32m[39m
2025-11-20 10:53:41 [32minfo[39m [32mGET /api/v1/tasks/my-tasks 304 94.763 ms - -[39m
[32m[39m
2025-11-20 10:53:41 [32minfo[39m [32mGET /api/v1/notifications 304 192.190 ms - -[39m
[32m[39m
2025-11-20 10:53:42 [32minfo[39m [32mGET /api/v1/appointments 304 15.387 ms - -[39m
[32m[39m
2025-11-20 10:59:59 [32minfo[39m [32mPOST /api/v1/auth/vet-login 200 210.915 ms - 617[39m
[32m[39m
2025-11-20 11:00:01 [32minfo[39m [32mGET /api/v1/tasks/my-tasks 304 19.898 ms - -[39m
[32m[39m
2025-11-20 11:00:01 [32minfo[39m [32mGET /api/v1/notifications 304 205.829 ms - -[39m
[32m[39m
2025-11-20 11:00:06 [32minfo[39m [32mGET /api/v1/users/vet/assigned-farms 304 16.166 ms - -[39m
[32m[39m
2025-11-20 11:00:16 [32minfo[39m [32mGET /api/v1/appointments 304 13.354 ms - -[39m
[32m[39m
2025-11-20 11:00:31 [32minfo[39m [32mGET /api/v1/notifications 304 9.072 ms - -[39m
[32m[39m
2025-11-20 11:05:03 [32minfo[39m [32mPOST /api/v1/auth/vet-login 200 265.974 ms - 617[39m
[32m[39m
2025-11-20 11:05:05 [32minfo[39m [32mGET /api/v1/tasks/my-tasks 304 152.891 ms - -[39m
[32m[39m
2025-11-20 11:05:05 [32minfo[39m [32mGET /api/v1/notifications 304 124.342 ms - -[39m
[32m[39m
2025-11-20 11:05:11 [32minfo[39m [32mGET /api/v1/appointments 304 26.803 ms - -[39m
[32m[39m
2025-11-20 11:10:18 [32minfo[39m [32mPOST /api/v1/auth/vet-login 200 451.963 ms - 617[39m
[32m[39m
2025-11-20 11:10:20 [32minfo[39m [32mGET /api/v1/notifications 304 146.455 ms - -[39m
[32m[39m
2025-11-20 11:10:20 [32minfo[39m [32mGET /api/v1/tasks/my-tasks 304 30.888 ms - -[39m
[32m[39m
2025-11-20 11:10:23 [32minfo[39m [32mGET /api/v1/appointments 304 14.916 ms - -[39m
[32m[39m
2025-11-20 11:10:32 [32minfo[39m [32mGET /api/v1/users/vet/assigned-farms 304 19.884 ms - -[39m
[32m[39m
2025-11-20 11:10:50 [32minfo[39m [32mGET /api/v1/notifications 304 10.340 ms - -[39m
[32m[39m
2025-11-20 11:11:19 [32minfo[39m [32mGET /api/v1/notifications 304 14.668 ms - -[39m
[32m[39m
2025-11-20 11:11:50 [32minfo[39m [32mGET /api/v1/notifications 304 8.523 ms - -[39m
[32m[39m
2025-11-20 11:12:19 [32minfo[39m [32mGET /api/v1/notifications 304 12.047 ms - -[39m
[32m[39m
2025-11-20 11:12:26 [32minfo[39m [32mGET /api/v1/notifications 200 7.436 ms - 164[39m
[32m[39m
2025-11-20 11:12:34 [32minfo[39m [32mPOST /api/v1/appointments/cmi6yeqiw0007t1xove5db2gv/schedule 201 68.359 ms - 622[39m
[32m[39m
2025-11-20 11:12:40 [32minfo[39m [32mGET /api/v1/appointments 200 20.252 ms - 5959[39m
[32m[39m
2025-11-20 11:12:43 [32minfo[39m [32mGET /api/v1/appointments 304 7.543 ms - -[39m
[32m[39m
2025-11-20 11:12:49 [32minfo[39m [32mGET /api/v1/notifications 304 16.288 ms - -[39m
[32m[39m
2025-11-20 11:13:19 [32minfo[39m [32mGET /api/v1/notifications 304 12.374 ms - -[39m
[32m[39m
2025-11-20 11:13:50 [32minfo[39m [32mGET /api/v1/notifications 304 13.099 ms - -[39m
[32m[39m
2025-11-20 11:14:20 [32minfo[39m [32mGET /api/v1/notifications 304 13.047 ms - -[39m
[32m[39m
2025-11-20 11:14:50 [32minfo[39m [32mGET /api/v1/notifications 304 15.746 ms - -[39m
[32m[39m
2025-11-20 11:15:20 [32minfo[39m [32mGET /api/v1/notifications 304 74.609 ms - -[39m
[32m[39m
2025-11-20 11:15:50 [32minfo[39m [32mGET /api/v1/notifications 304 113.223 ms - -[39m
[32m[39m
2025-11-20 11:16:19 [32minfo[39m [32mGET /api/v1/notifications 304 12.983 ms - -[39m
[32m[39m
2025-11-20 11:16:50 [32minfo[39m [32mGET /api/v1/notifications 304 13.286 ms - -[39m
[32m[39m
2025-11-20 11:17:20 [32minfo[39m [32mGET /api/v1/notifications 304 9.513 ms - -[39m
[32m[39m
2025-11-20 11:17:50 [32minfo[39m [32mGET /api/v1/notifications 304 9.617 ms - -[39m
[32m[39m
2025-11-20 11:18:20 [32minfo[39m [32mGET /api/v1/notifications 304 9.851 ms - -[39m
[32m[39m
2025-11-20 11:18:52 [32minfo[39m [32mGET /api/v1/notifications 200 9.619 ms - 164[39m
[32m[39m
2025-11-20 11:18:57 [32minfo[39m [32mGET /api/v1/users/vet/assigned-farms 304 11.666 ms - -[39m
[32m[39m
2025-11-20 11:19:22 [32minfo[39m [32mGET /api/v1/notifications 304 19.211 ms - -[39m
[32m[39m
2025-11-20 11:19:51 [32minfo[39m [32mGET /api/v1/notifications 304 379.437 ms - -[39m
[32m[39m
2025-11-20 11:20:22 [32minfo[39m [32mGET /api/v1/notifications 304 184.030 ms - -[39m
[32m[39m
2025-11-20 11:20:30 [32minfo[39m [32mGET /api/v1/users/vet/assigned-farms 304 52.177 ms - -[39m
[32m[39m
2025-11-20 11:20:36 [32minfo[39m [32mGET /api/v1/users/vet/assigned-farms 304 258.762 ms - -[39m
[32m[39m
2025-11-20 11:20:51 [32minfo[39m [32mGET /api/v1/notifications 304 358.418 ms - -[39m
[32m[39m
2025-11-20 11:20:55 [32minfo[39m [32mGET /api/v1/users/vet/assigned-farms 304 201.043 ms - -[39m
[32m[39m
2025-11-20 11:21:06 [32minfo[39m [32mGET /api/v1/users/vet/assigned-farms 304 51.575 ms - -[39m
[32m[39m
2025-11-20 11:21:21 [32minfo[39m [32mGET /api/v1/notifications 304 22.435 ms - -[39m
[32m[39m
2025-11-20 11:21:52 [32minfo[39m [32mGET /api/v1/notifications 304 29.054 ms - -[39m
[32m[39m
2025-11-20 11:22:03 [32minfo[39m [32mGET /api/v1/users/vet/assigned-farms 304 145.828 ms - -[39m
[32m[39m
2025-11-20 11:22:21 [32minfo[39m [32mGET /api/v1/users/vet/assigned-farms 304 200.161 ms - -[39m
[32m[39m
2025-11-20 11:22:22 [32minfo[39m [32mGET /api/v1/notifications 304 668.004 ms - -[39m
[32m[39m
2025-11-20 11:22:23 [32minfo[39m [32mGET /api/v1/users/vet/assigned-farms 304 178.464 ms - -[39m
[32m[39m
2025-11-20 11:22:24 [32minfo[39m [32mGET /api/v1/users/vet/assigned-farms 304 15.472 ms - -[39m
[32m[39m
2025-11-20 11:22:27 [32minfo[39m [32mGET /api/v1/users/vet/assigned-farms 304 18.293 ms - -[39m
[32m[39m
2025-11-20 11:22:28 [32minfo[39m [32mGET /api/v1/users/vet/assigned-farms 304 64.786 ms - -[39m
[32m[39m
2025-11-20 11:22:33 [32minfo[39m [32mGET /api/v1/users/vet/assigned-farms 304 73.245 ms - -[39m
[32m[39m
2025-11-20 11:22:51 [32minfo[39m [32mGET /api/v1/notifications 304 22.027 ms - -[39m
[32m[39m
2025-11-20 11:24:03 [32minfo[39m [32mGET /api/v1/users/vet/assigned-farms 304 483.960 ms - -[39m
[32m[39m
2025-11-20 11:24:14 [32minfo[39m [32mGET /api/v1/users/vet/assigned-farms 304 326.824 ms - -[39m
[32m[39m
2025-11-20 11:24:17 [32minfo[39m [32mGET /api/v1/users/vet/assigned-farms 304 57.990 ms - -[39m
[32m[39m
2025-11-20 11:24:18 [32minfo[39m [32mGET /api/v1/users/vet/assigned-farms 304 80.698 ms - -[39m
[32m[39m
2025-11-20 11:24:21 [32minfo[39m [32mGET /api/v1/notifications 304 77.261 ms - -[39m
[32m[39m
2025-11-20 11:24:30 [32minfo[39m [32mGET /api/v1/users/vet/assigned-farms 304 64.665 ms - -[39m
[32m[39m
2025-11-20 11:24:35 [32minfo[39m [32mGET /api/v1/users/vet/assigned-farms 304 322.216 ms - -[39m
[32m[39m
2025-11-20 11:24:43 [32minfo[39m [32mGET /api/v1/users/vet/assigned-farms 304 587.852 ms - -[39m
[32m[39m
2025-11-20 11:24:52 [32minfo[39m [32mGET /api/v1/notifications 304 84.104 ms - -[39m
[32m[39m
2025-11-20 11:24:52 [32minfo[39m [32mGET /api/v1/users/vet/assigned-farms 304 72.504 ms - -[39m
[32m[39m
2025-11-20 11:25:03 [32minfo[39m [32mGET /api/v1/users/vet/assigned-farms 304 623.621 ms - -[39m
[32m[39m
2025-11-20 11:25:11 [32minfo[39m [32mGET /api/v1/users/vet/assigned-farms 304 164.225 ms - -[39m
[32m[39m
2025-11-20 11:25:23 [32minfo[39m [32mGET /api/v1/notifications 304 1377.777 ms - -[39m
[32m[39m
2025-11-20 11:25:45 [32minfo[39m [32mGET /api/v1/users/vet/assigned-farms 304 1283.060 ms - -[39m
[32m[39m
2025-11-20 11:25:51 [32minfo[39m [32mGET /api/v1/notifications 304 518.612 ms - -[39m
[32m[39m
2025-11-20 11:26:03 [32minfo[39m [32mGET /api/v1/users/vet/assigned-farms 304 327.587 ms - -[39m
[32m[39m
2025-11-20 11:26:10 [32minfo[39m [32mGET /api/v1/users/vet/assigned-farms 304 609.070 ms - -[39m
[32m[39m
2025-11-20 11:26:19 [32minfo[39m [32mGET /api/v1/users/vet/assigned-farms 304 673.444 ms - -[39m
[32m[39m
2025-11-20 11:26:23 [32minfo[39m [32mGET /api/v1/notifications 304 2188.492 ms - -[39m
[32m[39m
2025-11-20 11:26:27 [32minfo[39m [32mGET /api/v1/users/vet/assigned-farms 304 524.105 ms - -[39m
[32m[39m
2025-11-20 11:26:28 [32minfo[39m [32mGET /api/v1/users/vet/assigned-farms 304 456.362 ms - -[39m
[32m[39m
2025-11-20 11:26:37 [32minfo[39m [32mGET /api/v1/users/vet/assigned-farms 304 43.685 ms - -[39m
[32m[39m
2025-11-20 11:26:51 [32minfo[39m [32mGET /api/v1/notifications 304 14.304 ms - -[39m
[32m[39m
2025-11-20 11:26:57 [32minfo[39m [32mGET /api/v1/users/vet/assigned-farms 304 14.257 ms - -[39m
[32m[39m
2025-11-20 11:27:05 [32minfo[39m [32mGET /api/v1/users/vet/assigned-farms 304 27.872 ms - -[39m
[32m[39m
2025-11-20 11:27:06 [32minfo[39m [32mGET /api/v1/users/vet/assigned-farms 304 11.998 ms - -[39m
[32m[39m
2025-11-20 11:27:17 [32minfo[39m [32mGET /api/v1/users/vet/assigned-farms 304 15.380 ms - -[39m
[32m[39m
2025-11-20 11:27:20 [32minfo[39m [32mGET /api/v1/users/vet/assigned-farms 304 13.101 ms - -[39m
[32m[39m
2025-11-20 11:27:22 [32minfo[39m [32mGET /api/v1/notifications 304 12.310 ms - -[39m
[32m[39m
2025-11-20 11:27:27 [32minfo[39m [32mGET /api/v1/users/vet/assigned-farms 304 9.178 ms - -[39m
[32m[39m
2025-11-20 11:27:31 [32minfo[39m [32mGET /api/v1/users/vet/assigned-farms 304 14.110 ms - -[39m
[32m[39m
2025-11-20 11:27:36 [32minfo[39m [32mGET /api/v1/users/vet/assigned-farms 304 25.855 ms - -[39m
[32m[39m
2025-11-20 11:27:41 [32minfo[39m [32mGET /api/v1/users/vet/assigned-farms 304 55.048 ms - -[39m
[32m[39m
2025-11-20 11:27:47 [32minfo[39m [32mGET /api/v1/users/vet/assigned-farms 304 33.633 ms - -[39m
[32m[39m
2025-11-20 11:27:51 [32minfo[39m [32mGET /api/v1/notifications 304 22.338 ms - -[39m
[32m[39m
2025-11-20 11:27:51 [32minfo[39m [32mGET /api/v1/users/vet/assigned-farms 304 11.409 ms - -[39m
[32m[39m
2025-11-20 11:28:00 [32minfo[39m [32mGET /api/v1/users/vet/assigned-farms 304 18.733 ms - -[39m
[32m[39m
2025-11-20 11:28:01 [32minfo[39m [32mGET /api/v1/users/vet/assigned-farms 304 8.198 ms - -[39m
[32m[39m
2025-11-20 11:28:13 [32minfo[39m [32mGET /api/v1/users/vet/assigned-farms 304 7.842 ms - -[39m
[32m[39m
2025-11-20 11:28:22 [32minfo[39m [32mGET /api/v1/notifications 304 12.764 ms - -[39m
[32m[39m
2025-11-20 11:28:25 [32minfo[39m [32mGET /api/v1/users/vet/assigned-farms 304 40.749 ms - -[39m
[32m[39m
2025-11-20 11:28:27 [32minfo[39m [32mGET /api/v1/users/vet/assigned-farms 304 13.469 ms - -[39m
[32m[39m
2025-11-20 11:28:28 [32minfo[39m [32mGET /api/v1/users/vet/assigned-farms 304 12.410 ms - -[39m
[32m[39m
2025-11-20 11:28:30 [32minfo[39m [32mGET /api/v1/users/vet/assigned-farms 304 18.702 ms - -[39m
[32m[39m
2025-11-20 11:28:36 [32minfo[39m [32mGET /api/v1/users/vet/assigned-farms 304 9.805 ms - -[39m
[32m[39m
2025-11-20 11:28:41 [32minfo[39m [32mGET /api/v1/users/vet/assigned-farms 304 14.505 ms - -[39m
[32m[39m
2025-11-20 11:28:51 [32minfo[39m [32mGET /api/v1/notifications 304 17.696 ms - -[39m
[32m[39m
2025-11-20 11:29:17 [32minfo[39m [32mGET /api/v1/users/vet/assigned-farms 304 37.849 ms - -[39m
[32m[39m
2025-11-20 11:29:21 [32minfo[39m [32mGET /api/v1/notifications 304 11.261 ms - -[39m
[32m[39m
2025-11-20 11:29:51 [32minfo[39m [32mGET /api/v1/notifications 304 11.186 ms - -[39m
[32m[39m
2025-11-20 11:30:21 [32minfo[39m [32mGET /api/v1/notifications 304 10.986 ms - -[39m
[32m[39m
2025-11-20 11:30:52 [32minfo[39m [32mGET /api/v1/notifications 304 332.475 ms - -[39m
[32m[39m
2025-11-20 11:31:22 [32minfo[39m [32mGET /api/v1/notifications 304 114.914 ms - -[39m
[32m[39m
2025-11-20 11:31:52 [32minfo[39m [32mGET /api/v1/notifications 304 195.879 ms - -[39m
[32m[39m
2025-11-20 11:32:22 [32minfo[39m [32mGET /api/v1/notifications 304 13.983 ms - -[39m
[32m[39m
2025-11-20 11:32:52 [32minfo[39m [32mGET /api/v1/notifications 304 24.678 ms - -[39m
[32m[39m
2025-11-20 11:33:21 [32minfo[39m [32mGET /api/v1/notifications 304 12.192 ms - -[39m
[32m[39m
2025-11-20 11:33:52 [32minfo[39m [32mGET /api/v1/notifications 304 180.836 ms - -[39m
[32m[39m
2025-11-20 11:42:41 [32minfo[39m [32mPOST /api/v1/auth/vet-login 200 154.085 ms - 617[39m
[32m[39m
2025-11-20 11:42:45 [32minfo[39m [32mGET /api/v1/notifications 200 219.799 ms - 164[39m
[32m[39m
2025-11-20 11:42:45 [32minfo[39m [32mGET /api/v1/tasks/my-tasks 304 22.172 ms - -[39m
[32m[39m
2025-11-20 11:43:02 [32minfo[39m [32mGET /api/v1/users/vet/assigned-farms 200 13.496 ms - 897[39m
[32m[39m
2025-11-20 11:43:04 [32minfo[39m [32mGET /api/v1/tasks/my-tasks 304 18.231 ms - -[39m
[32m[39m
2025-11-20 11:43:07 [32minfo[39m [32mGET /api/v1/appointments 200 23.392 ms - 5959[39m
[32m[39m
2025-11-20 11:43:10 [32minfo[39m [32mGET /api/v1/users/vet/assigned-farms 304 8.912 ms - -[39m
[32m[39m
2025-11-20 11:43:13 [32minfo[39m [32mGET /api/v1/notifications 304 8.216 ms - -[39m
[32m[39m
2025-11-20 11:43:44 [32minfo[39m [32mGET /api/v1/notifications 304 9.575 ms - -[39m
[32m[39m
2025-11-20 11:43:53 [32minfo[39m [32mGET /api/v1/users/vet/assigned-farms 200 10.991 ms - 897[39m
[32m[39m
2025-11-20 11:44:13 [32minfo[39m [32mGET /api/v1/notifications 200 13.070 ms - 164[39m
[32m[39m
2025-11-20 11:44:44 [32minfo[39m [32mGET /api/v1/notifications 304 10.135 ms - -[39m
[32m[39m
2025-11-20 11:45:14 [32minfo[39m [32mGET /api/v1/notifications 200 7.762 ms - 164[39m
[32m[39m
2025-11-20 11:45:43 [32minfo[39m [32mGET /api/v1/notifications 304 11.060 ms - -[39m
[32m[39m
2025-11-20 11:45:46 [32minfo[39m [32mPOST /api/v1/appointments/cmi6yer13000et1xo2hi641zt/schedule 201 47.578 ms - 643[39m
[32m[39m
2025-11-20 11:45:52 [32minfo[39m [32mGET /api/v1/appointments 200 10.195 ms - 5926[39m
[32m[39m
2025-11-20 11:46:12 [32minfo[39m [32mGET /api/v1/appointments 304 10.779 ms - -[39m
[32m[39m
2025-11-20 11:46:14 [32minfo[39m [32mGET /api/v1/notifications 200 7.971 ms - 164[39m
[32m[39m
2025-11-20 11:46:37 [32minfo[39m [32mGET /api/v1/appointments 304 18.587 ms - -[39m
[32m[39m
2025-11-20 11:52:27 [32minfo[39m [32mPOST /api/v1/auth/vet-login 200 150.903 ms - 617[39m
[32m[39m
2025-11-20 11:52:51 [32minfo[39m [32mGET /api/v1/appointments 200 141.239 ms - 5926[39m
[32m[39m
2025-11-20 12:02:42 [32minfo[39m [32mPOST /api/v1/auth/vet-login 200 150.205 ms - 617[39m
[32m[39m
2025-11-20 12:02:45 [32minfo[39m [32mGET /api/v1/notifications 200 120.557 ms - 164[39m
[32m[39m
2025-11-20 12:02:45 [32minfo[39m [32mGET /api/v1/tasks/my-tasks 304 26.940 ms - -[39m
[32m[39m
2025-11-20 12:02:49 [32minfo[39m [32mGET /api/v1/users/vet/assigned-farms 304 13.139 ms - -[39m
[32m[39m
2025-11-20 12:02:51 [32minfo[39m [32mGET /api/v1/tasks/my-tasks 304 14.101 ms - -[39m
[32m[39m
2025-11-20 12:02:54 [32minfo[39m [32mGET /api/v1/appointments 304 10.970 ms - -[39m
[32m[39m
2025-11-20 12:03:05 [32minfo[39m [32mGET /api/v1/users/vet/assigned-farms 304 9.927 ms - -[39m
[32m[39m
2025-11-20 12:03:14 [32minfo[39m [32mGET /api/v1/notifications 304 187.773 ms - -[39m
[32m[39m
2025-11-20 12:03:44 [32minfo[39m [32mGET /api/v1/notifications 200 27.492 ms - 164[39m
[32m[39m
2025-11-20 12:04:14 [32minfo[39m [32mGET /api/v1/notifications 200 578.213 ms - 164[39m
[32m[39m
2025-11-20 12:05:45 [32minfo[39m [32mPOST /api/v1/auth/vet-login 200 162.807 ms - 617[39m
[32m[39m
2025-11-20 12:05:48 [32minfo[39m [32mGET /api/v1/notifications 200 8.376 ms - 164[39m
[32m[39m
2025-11-20 12:05:48 [32minfo[39m [32mGET /api/v1/tasks/my-tasks 304 15.038 ms - -[39m
[32m[39m
2025-11-20 12:05:53 [32minfo[39m [32mGET /api/v1/appointments 304 9.668 ms - -[39m
[32m[39m
2025-11-20 12:05:59 [32minfo[39m [32mGET /api/v1/tasks/my-tasks 304 19.319 ms - -[39m
[32m[39m
2025-11-20 12:06:04 [32minfo[39m [32mGET /api/v1/tasks/my-tasks 304 18.310 ms - -[39m
[32m[39m
2025-11-20 12:06:16 [32minfo[39m [32mGET /api/v1/notifications 304 8.923 ms - -[39m
[32m[39m
2025-11-20 12:06:46 [32minfo[39m [32mGET /api/v1/notifications 200 11.658 ms - 164[39m
[32m[39m
2025-11-20 12:07:18 [32minfo[39m [32mGET /api/v1/notifications 200 19.111 ms - 164[39m
[32m[39m
2025-11-20 12:07:48 [32minfo[39m [32mGET /api/v1/notifications 200 201.661 ms - 164[39m
[32m[39m
2025-11-20 12:08:17 [32minfo[39m [32mGET /api/v1/notifications 304 196.446 ms - -[39m
[32m[39m
2025-11-20 12:08:48 [32minfo[39m [32mGET /api/v1/notifications 200 11.334 ms - 164[39m
[32m[39m
2025-11-20 12:09:16 [32minfo[39m [32mGET /api/v1/notifications 304 12.684 ms - -[39m
[32m[39m
2025-11-20 12:09:47 [32minfo[39m [32mGET /api/v1/notifications 200 12.334 ms - 164[39m
[32m[39m
2025-11-20 12:10:18 [32minfo[39m [32mGET /api/v1/notifications 200 16.231 ms - 164[39m
[32m[39m
2025-11-20 12:10:47 [32minfo[39m [32mGET /api/v1/notifications 200 11.271 ms - 164[39m
[32m[39m
2025-11-20 12:11:18 [32minfo[39m [32mGET /api/v1/notifications 200 8.135 ms - 164[39m
[32m[39m
2025-11-20 12:11:47 [32minfo[39m [32mGET /api/v1/notifications 200 12.167 ms - 164[39m
[32m[39m
2025-11-20 12:12:18 [32minfo[39m [32mGET /api/v1/notifications 200 7.963 ms - 164[39m
[32m[39m
2025-11-20 12:12:47 [32minfo[39m [32mGET /api/v1/notifications 200 15.394 ms - 164[39m
[32m[39m
2025-11-20 12:13:17 [32minfo[39m [32mGET /api/v1/notifications 200 88.006 ms - 164[39m
[32m[39m
2025-11-20 12:13:47 [32minfo[39m [32mGET /api/v1/notifications 200 89.823 ms - 164[39m
[32m[39m
2025-11-20 12:14:17 [32minfo[39m [32mGET /api/v1/notifications 200 10.817 ms - 164[39m
[32m[39m
2025-11-20 12:14:47 [32minfo[39m [32mGET /api/v1/notifications 200 8.981 ms - 164[39m
[32m[39m
2025-11-20 12:15:17 [32minfo[39m [32mGET /api/v1/notifications 200 8.030 ms - 164[39m
[32m[39m
2025-11-20 12:15:48 [32minfo[39m [32mGET /api/v1/notifications 200 9.729 ms - 164[39m
[32m[39m
2025-11-20 12:16:17 [32minfo[39m [32mGET /api/v1/notifications 200 17.284 ms - 164[39m
[32m[39m
2025-11-20 12:16:48 [32minfo[39m [32mGET /api/v1/notifications 200 10.456 ms - 164[39m
[32m[39m
2025-11-20 12:17:18 [32minfo[39m [32mGET /api/v1/notifications 200 18.227 ms - 164[39m
[32m[39m
2025-11-20 12:17:49 [32minfo[39m [32mGET /api/v1/notifications 200 8.801 ms - 164[39m
[32m[39m
2025-11-20 12:18:18 [32minfo[39m [32mGET /api/v1/notifications 200 258.580 ms - 164[39m
[32m[39m
2025-11-20 12:18:47 [32minfo[39m [32mGET /api/v1/notifications 200 10.797 ms - 164[39m
[32m[39m
2025-11-20 12:19:18 [32minfo[39m [32mGET /api/v1/notifications 200 90.713 ms - 164[39m
[32m[39m
2025-11-20 12:19:48 [32minfo[39m [32mGET /api/v1/notifications 200 18.950 ms - 164[39m
[32m[39m
2025-11-20 12:20:17 [32minfo[39m [32mGET /api/v1/notifications 200 8.612 ms - 164[39m
[32m[39m
2025-11-20 12:20:47 [32minfo[39m [32mGET /api/v1/notifications 200 9.219 ms - 164[39m
[32m[39m
2025-11-20 12:21:18 [32minfo[39m [32mGET /api/v1/notifications 200 9.833 ms - 164[39m
[32m[39m
2025-11-20 12:21:47 [32minfo[39m [32mGET /api/v1/notifications 200 12.514 ms - 164[39m
[32m[39m
2025-11-20 12:22:18 [32minfo[39m [32mGET /api/v1/notifications 200 16.814 ms - 164[39m
[32m[39m
2025-11-20 12:22:48 [32minfo[39m [32mGET /api/v1/notifications 200 15.599 ms - 164[39m
[32m[39m
2025-11-20 12:23:18 [32minfo[39m [32mGET /api/v1/notifications 200 22.560 ms - 164[39m
[32m[39m
2025-11-20 12:23:48 [32minfo[39m [32mGET /api/v1/notifications 200 178.084 ms - 164[39m
[32m[39m
2025-11-20 12:24:18 [32minfo[39m [32mGET /api/v1/notifications 200 940.469 ms - 164[39m
[32m[39m
2025-11-20 12:24:48 [32minfo[39m [32mGET /api/v1/notifications 200 111.362 ms - 164[39m
[32m[39m
2025-11-20 12:31:30 [32minfo[39m [32mPOST /api/v1/auth/vet-login 200 158.263 ms - 617[39m
[32m[39m
2025-11-20 12:31:33 [32minfo[39m [32mGET /api/v1/notifications 200 136.359 ms - 164[39m
[32m[39m
2025-11-20 12:31:33 [32minfo[39m [32mGET /api/v1/tasks/my-tasks 304 23.425 ms - -[39m
[32m[39m
2025-11-20 12:31:40 [32minfo[39m [32mGET /api/v1/users/vet/assigned-farms 304 14.885 ms - -[39m
[32m[39m
2025-11-20 12:32:02 [32minfo[39m [32mGET /api/v1/notifications 304 23.770 ms - -[39m
[32m[39m
2025-11-20 12:32:32 [32minfo[39m [32mGET /api/v1/notifications 200 107.655 ms - 164[39m
[32m[39m
2025-11-20 12:33:11 [32minfo[39m [32mPOST /api/v1/auth/vet-login 200 132.904 ms - 617[39m
[32m[39m
2025-11-20 12:33:12 [32minfo[39m [32mGET /api/v1/tasks/my-tasks 304 32.393 ms - -[39m
[32m[39m
2025-11-20 12:33:13 [32minfo[39m [32mGET /api/v1/notifications 200 7.226 ms - 164[39m
[32m[39m
2025-11-20 12:33:15 [32minfo[39m [32mGET /api/v1/users/vet/assigned-farms 304 16.990 ms - -[39m
[32m[39m
2025-11-20 12:33:19 [32minfo[39m [32mGET /api/v1/users/vet/assigned-farms 304 16.891 ms - -[39m
[32m[39m
2025-11-20 12:33:42 [32minfo[39m [32mGET /api/v1/notifications 304 22.915 ms - -[39m
[32m[39m
2025-11-20 12:34:13 [32minfo[39m [32mGET /api/v1/notifications 200 612.712 ms - 164[39m
[32m[39m
2025-11-20 12:34:43 [32minfo[39m [32mGET /api/v1/notifications 200 16.466 ms - 164[39m
[32m[39m
2025-11-20 12:35:12 [32minfo[39m [32mGET /api/v1/notifications 200 584.253 ms - 164[39m
[32m[39m
2025-11-20 12:35:43 [32minfo[39m [32mGET /api/v1/notifications 200 63.972 ms - 164[39m
[32m[39m
2025-11-20 12:36:13 [32minfo[39m [32mGET /api/v1/notifications 200 12.905 ms - 164[39m
[32m[39m
2025-11-20 12:36:46 [32minfo[39m [32mGET /api/v1/notifications 200 2893.542 ms - 164[39m
[32m[39m
2025-11-20 12:37:13 [32minfo[39m [32mGET /api/v1/notifications 200 16.885 ms - 164[39m
[32m[39m
2025-11-20 12:37:42 [32minfo[39m [32mGET /api/v1/notifications 200 14.781 ms - 164[39m
[32m[39m
2025-11-20 12:38:12 [32minfo[39m [32mGET /api/v1/notifications 200 12.121 ms - 164[39m
[32m[39m
2025-11-20 12:38:43 [32minfo[39m [32mGET /api/v1/notifications 200 8.652 ms - 164[39m
[32m[39m
2025-11-20 12:39:13 [32minfo[39m [32mGET /api/v1/notifications 200 11.952 ms - 164[39m
[32m[39m
2025-11-20 12:39:43 [32minfo[39m [32mGET /api/v1/notifications 200 9.475 ms - 164[39m
[32m[39m
2025-11-20 12:40:12 [32minfo[39m [32mGET /api/v1/notifications 200 18.782 ms - 164[39m
[32m[39m
2025-11-20 12:40:27 [32minfo[39m [32mGET /api/v1/users/vet/assigned-farms 304 17.751 ms - -[39m
[32m[39m
2025-11-20 12:40:29 [32minfo[39m [32mGET /api/v1/tasks/my-tasks 304 99.535 ms - -[39m
[32m[39m
2025-11-20 12:40:32 [32minfo[39m [32mGET /api/v1/appointments 304 25.955 ms - -[39m
[32m[39m
2025-11-20 12:40:34 [32minfo[39m [32mGET /api/v1/tasks/my-tasks 304 10.747 ms - -[39m
[32m[39m
2025-11-20 12:40:42 [32minfo[39m [32mGET /api/v1/notifications 200 7.897 ms - 164[39m
[32m[39m
2025-11-20 12:40:46 [32minfo[39m [32mGET /api/v1/users/vet/assigned-farms 304 16.884 ms - -[39m
[32m[39m
2025-11-20 12:41:13 [32minfo[39m [32mGET /api/v1/notifications 200 19.554 ms - 164[39m
[32m[39m
2025-11-20 12:41:42 [32minfo[39m [32mGET /api/v1/notifications 200 12.262 ms - 164[39m
[32m[39m
2025-11-20 12:41:46 [32minfo[39m [32mPOST /api/v1/auth/vet-login 200 141.501 ms - 617[39m
[32m[39m
2025-11-20 12:41:47 [32minfo[39m [32mGET /api/v1/tasks/my-tasks 304 187.186 ms - -[39m
[32m[39m
2025-11-20 12:41:48 [32minfo[39m [32mGET /api/v1/notifications 304 93.223 ms - -[39m
[32m[39m
2025-11-20 12:41:50 [32minfo[39m [32mGET /api/v1/users/vet/assigned-farms 304 12.870 ms - -[39m
[32m[39m
2025-11-20 12:41:51 [32minfo[39m [32mGET /api/v1/tasks/my-tasks 304 10.175 ms - -[39m
[32m[39m
2025-11-20 12:41:53 [32minfo[39m [32mGET /api/v1/appointments 200 9.536 ms - 5926[39m
[32m[39m
2025-11-20 12:42:12 [32minfo[39m [32mGET /api/v1/notifications 200 8.523 ms - 164[39m
[32m[39m
2025-11-20 12:42:17 [32minfo[39m [32mGET /api/v1/notifications 304 7.782 ms - -[39m
[32m[39m
2025-11-20 12:42:18 [32minfo[39m [32mGET /api/v1/users/vet/assigned-farms 304 15.084 ms - -[39m
[32m[39m
2025-11-20 12:42:31 [32minfo[39m [32mGET /api/v1/users/vet/assigned-farms 304 12.884 ms - -[39m
[32m[39m
2025-11-20 12:42:42 [32minfo[39m [32mGET /api/v1/notifications 304 8.285 ms - -[39m
[32m[39m
2025-11-20 12:42:47 [32minfo[39m [32mGET /api/v1/notifications 304 7.600 ms - -[39m
[32m[39m
2025-11-20 12:42:59 [32minfo[39m [32mGET /api/v1/tasks/my-tasks 304 9.277 ms - -[39m
[32m[39m
2025-11-20 12:43:12 [32minfo[39m [32mGET /api/v1/notifications 200 7.283 ms - 164[39m
[32m[39m
2025-11-20 12:43:44 [32minfo[39m [32mGET /api/v1/notifications 200 343.438 ms - 164[39m
[32m[39m
2025-11-20 12:44:06 [32minfo[39m [32mGET /api/v1/notifications 200 9.298 ms - 164[39m
[32m[39m
2025-11-20 12:44:13 [32minfo[39m [32mGET /api/v1/notifications 304 9.685 ms - -[39m
[32m[39m
2025-11-20 12:44:15 [32minfo[39m [32mGET /api/v1/users/vet/assigned-farms 304 18.025 ms - -[39m
[32m[39m
2025-11-20 12:44:36 [32minfo[39m [32mGET /api/v1/users/vet/assigned-farms 304 8.845 ms - -[39m
[32m[39m
2025-11-20 12:44:43 [32minfo[39m [32mGET /api/v1/notifications 200 8.303 ms - 164[39m
[32m[39m
2025-11-20 12:45:12 [32minfo[39m [32mGET /api/v1/notifications 200 8.429 ms - 164[39m
[32m[39m
2025-11-20 12:45:43 [32minfo[39m [32mGET /api/v1/notifications 200 102.477 ms - 164[39m
[32m[39m
2025-11-20 12:46:12 [32minfo[39m [32mGET /api/v1/notifications 200 21.193 ms - 164[39m
[32m[39m
2025-11-20 12:46:43 [32minfo[39m [32mGET /api/v1/notifications 200 11.285 ms - 164[39m
[32m[39m
2025-11-20 12:47:15 [32minfo[39m [32mGET /api/v1/notifications 200 1640.603 ms - 164[39m
[32m[39m
2025-11-20 12:47:43 [32minfo[39m [32mGET /api/v1/notifications 200 25.636 ms - 164[39m
[32m[39m
2025-11-20 12:48:13 [32minfo[39m [32mGET /api/v1/notifications 200 94.629 ms - 164[39m
[32m[39m
2025-11-20 12:48:42 [32minfo[39m [32mGET /api/v1/notifications 200 11.354 ms - 164[39m
[32m[39m
2025-11-20 12:49:13 [32minfo[39m [32mGET /api/v1/notifications 200 7.477 ms - 164[39m
[32m[39m
2025-11-20 12:49:43 [32minfo[39m [32mGET /api/v1/notifications 200 13.673 ms - 164[39m
[32m[39m
2025-11-20 12:50:13 [32minfo[39m [32mGET /api/v1/notifications 200 10.899 ms - 164[39m
[32m[39m
2025-11-20 12:50:43 [32minfo[39m [32mGET /api/v1/notifications 200 10.836 ms - 164[39m
[32m[39m
2025-11-20 12:51:12 [32minfo[39m [32mGET /api/v1/notifications 200 98.353 ms - 164[39m
[32m[39m
2025-11-20 12:51:43 [32minfo[39m [32mGET /api/v1/notifications 200 12.742 ms - 164[39m
[32m[39m
2025-11-20 12:52:15 [32minfo[39m [32mGET /api/v1/notifications 200 1879.428 ms - 164[39m
[32m[39m
2025-11-20 12:52:42 [32minfo[39m [32mGET /api/v1/notifications 200 188.580 ms - 164[39m
[32m[39m
2025-11-20 12:53:12 [32minfo[39m [32mGET /api/v1/notifications 200 189.229 ms - 164[39m
[32m[39m
2025-11-20 12:53:42 [32minfo[39m [32mGET /api/v1/notifications 200 21.983 ms - 164[39m
[32m[39m
2025-11-20 12:54:12 [32minfo[39m [32mGET /api/v1/notifications 200 11.491 ms - 164[39m
[32m[39m
2025-11-20 12:54:44 [32minfo[39m [32mGET /api/v1/notifications 200 1448.561 ms - 164[39m
[32m[39m
2025-11-20 12:55:13 [32minfo[39m [32mGET /api/v1/notifications 200 28.086 ms - 164[39m
[32m[39m
2025-11-20 12:55:42 [32minfo[39m [32mGET /api/v1/notifications 200 13.203 ms - 164[39m
[32m[39m
2025-11-20 12:56:13 [32minfo[39m [32mGET /api/v1/notifications 200 101.229 ms - 164[39m
[32m[39m
2025-11-20 12:56:42 [32minfo[39m [32mGET /api/v1/notifications 200 13.515 ms - 164[39m
[32m[39m
2025-11-20 12:57:13 [32minfo[39m [32mGET /api/v1/notifications 200 8.946 ms - 164[39m
[32m[39m
2025-11-20 12:57:43 [32minfo[39m [32mGET /api/v1/notifications 200 177.496 ms - 164[39m
[32m[39m
2025-11-20 12:58:14 [32minfo[39m [32mGET /api/v1/notifications 200 940.261 ms - 164[39m
[32m[39m
2025-11-20 12:58:43 [32minfo[39m [32mGET /api/v1/notifications 200 49.569 ms - 164[39m
[32m[39m
2025-11-20 12:59:12 [32minfo[39m [32mGET /api/v1/notifications 200 47.144 ms - 164[39m
[32m[39m
2025-11-20 12:59:44 [32minfo[39m [32mGET /api/v1/notifications 200 578.854 ms - 164[39m
[32m[39m
2025-11-20 13:00:13 [32minfo[39m [32mGET /api/v1/notifications 304 131.033 ms - -[39m
[32m[39m
2025-11-20 13:00:42 [32minfo[39m [32mGET /api/v1/notifications 200 11.878 ms - 164[39m
[32m[39m
2025-11-20 13:01:12 [32minfo[39m [32mGET /api/v1/notifications 200 8.282 ms - 164[39m
[32m[39m
2025-11-20 13:01:43 [32minfo[39m [32mGET /api/v1/notifications 200 112.870 ms - 164[39m
[32m[39m
2025-11-20 13:02:13 [32minfo[39m [32mGET /api/v1/notifications 200 12.111 ms - 164[39m
[32m[39m
2025-11-20 13:02:43 [32minfo[39m [32mGET /api/v1/notifications 304 13.908 ms - -[39m
[32m[39m
2025-11-20 13:03:14 [32minfo[39m [32mGET /api/v1/notifications 200 208.429 ms - 164[39m
[32m[39m
2025-11-20 13:03:42 [32minfo[39m [32mGET /api/v1/notifications 200 15.330 ms - 164[39m
[32m[39m
2025-11-20 13:04:13 [32minfo[39m [32mGET /api/v1/notifications 304 11.767 ms - -[39m
[32m[39m
2025-11-20 13:04:42 [32minfo[39m [32mGET /api/v1/notifications 200 8.944 ms - 164[39m
[32m[39m
2025-11-20 13:05:13 [32minfo[39m [32mGET /api/v1/notifications 200 7.711 ms - 164[39m
[32m[39m
2025-11-20 13:05:43 [32minfo[39m [32mGET /api/v1/notifications 200 11.227 ms - 164[39m
[32m[39m
2025-11-20 13:06:12 [32minfo[39m [32mGET /api/v1/notifications 200 9.032 ms - 164[39m
[32m[39m
2025-11-20 13:06:42 [32minfo[39m [32mGET /api/v1/notifications 200 17.345 ms - 164[39m
[32m[39m
2025-11-20 13:07:13 [32minfo[39m [32mGET /api/v1/notifications 200 9.721 ms - 164[39m
[32m[39m
2025-11-20 13:07:44 [32minfo[39m [32mGET /api/v1/notifications 200 8.874 ms - 164[39m
[32m[39m
2025-11-20 13:08:14 [32minfo[39m [32mGET /api/v1/notifications 200 144.283 ms - 164[39m
[32m[39m
2025-11-20 13:08:44 [32minfo[39m [32mGET /api/v1/notifications 200 13.481 ms - 164[39m
[32m[39m
2025-11-20 13:09:13 [32minfo[39m [32mGET /api/v1/notifications 200 9.033 ms - 164[39m
[32m[39m
2025-11-20 13:09:44 [32minfo[39m [32mGET /api/v1/notifications 200 8.668 ms - 164[39m
[32m[39m
2025-11-20 13:10:13 [32minfo[39m [32mGET /api/v1/notifications 200 9.960 ms - 164[39m
[32m[39m
2025-11-20 13:10:46 [32minfo[39m [32mGET /api/v1/notifications 200 14.619 ms - 164[39m
[32m[39m
2025-11-20 13:11:13 [32minfo[39m [32mGET /api/v1/notifications 200 8.860 ms - 164[39m
[32m[39m
2025-11-20 13:11:43 [32minfo[39m [32mGET /api/v1/notifications 200 9.903 ms - 164[39m
[32m[39m
2025-11-20 13:12:14 [32minfo[39m [32mGET /api/v1/notifications 200 75.749 ms - 164[39m
[32m[39m
2025-11-20 13:12:43 [32minfo[39m [32mGET /api/v1/notifications 200 10.169 ms - 164[39m
[32m[39m
2025-11-20 13:13:14 [32minfo[39m [32mGET /api/v1/notifications 200 16.499 ms - 164[39m
[32m[39m
2025-11-20 13:13:44 [32minfo[39m [32mGET /api/v1/notifications 200 146.541 ms - 164[39m
[32m[39m
2025-11-20 13:14:14 [32minfo[39m [32mGET /api/v1/notifications 200 16.797 ms - 164[39m
[32m[39m
2025-11-20 13:14:44 [32minfo[39m [32mGET /api/v1/notifications 200 9.446 ms - 164[39m
[32m[39m
2025-11-20 13:15:14 [32minfo[39m [32mGET /api/v1/notifications 200 7.400 ms - 164[39m
[32m[39m
2025-11-20 13:15:43 [32minfo[39m [32mGET /api/v1/notifications 200 9.716 ms - 164[39m
[32m[39m
2025-11-20 13:16:14 [32minfo[39m [32mGET /api/v1/notifications 200 29.068 ms - 164[39m
[32m[39m
2025-11-20 13:16:43 [32minfo[39m [32mGET /api/v1/notifications 200 15.866 ms - 164[39m
[32m[39m
2025-11-20 13:17:14 [32minfo[39m [32mGET /api/v1/notifications 200 7.200 ms - 164[39m
[32m[39m
2025-11-20 13:17:44 [32minfo[39m [32mGET /api/v1/notifications 200 76.369 ms - 164[39m
[32m[39m
2025-11-20 13:18:14 [32minfo[39m [32mGET /api/v1/notifications 200 22.218 ms - 164[39m
[32m[39m
2025-11-20 13:18:44 [32minfo[39m [32mGET /api/v1/notifications 200 10.243 ms - 164[39m
[32m[39m
2025-11-20 13:19:14 [32minfo[39m [32mGET /api/v1/notifications 200 109.833 ms - 164[39m
[32m[39m
2025-11-20 13:19:44 [32minfo[39m [32mGET /api/v1/notifications 200 10.373 ms - 164[39m
[32m[39m
2025-11-20 13:20:14 [32minfo[39m [32mGET /api/v1/notifications 200 11.717 ms - 164[39m
[32m[39m
2025-11-20 13:23:14 [32minfo[39m [32mGET /api/v1/notifications 200 82.873 ms - 164[39m
[32m[39m
2025-11-20 13:23:44 [32minfo[39m [32mGET /api/v1/notifications 200 11.701 ms - 164[39m
[32m[39m
2025-11-20 13:24:14 [32minfo[39m [32mGET /api/v1/notifications 200 8.191 ms - 164[39m
[32m[39m
2025-11-20 13:24:44 [32minfo[39m [32mGET /api/v1/notifications 200 347.042 ms - 164[39m
[32m[39m
2025-11-20 13:25:14 [32minfo[39m [32mGET /api/v1/notifications 200 9.576 ms - 164[39m
[32m[39m
2025-11-20 13:25:43 [32minfo[39m [32mGET /api/v1/notifications 200 9.680 ms - 164[39m
[32m[39m
2025-11-20 13:26:14 [32minfo[39m [32mGET /api/v1/notifications 200 8.868 ms - 164[39m
[32m[39m
2025-11-20 13:26:44 [32minfo[39m [32mGET /api/v1/notifications 200 9.636 ms - 164[39m
[32m[39m
2025-11-20 13:27:13 [32minfo[39m [32mGET /api/v1/notifications 200 7.637 ms - 164[39m
[32m[39m
2025-11-20 13:27:44 [32minfo[39m [32mGET /api/v1/notifications 200 8.952 ms - 164[39m
[32m[39m
2025-11-20 13:28:15 [32minfo[39m [32mGET /api/v1/notifications 200 187.456 ms - 164[39m
[32m[39m
2025-11-20 13:28:44 [32minfo[39m [32mGET /api/v1/notifications 200 9.564 ms - 164[39m
[32m[39m
2025-11-20 13:29:14 [32minfo[39m [32mGET /api/v1/notifications 304 9.882 ms - -[39m
[32m[39m
2025-11-20 13:29:44 [32minfo[39m [32mGET /api/v1/notifications 200 10.182 ms - 164[39m
[32m[39m
2025-11-20 13:30:14 [32minfo[39m [32mGET /api/v1/notifications 200 79.630 ms - 164[39m
[32m[39m
2025-11-20 13:30:45 [32minfo[39m [32mGET /api/v1/notifications 200 20.249 ms - 164[39m
[32m[39m
2025-11-20 13:31:14 [32minfo[39m [32mGET /api/v1/notifications 200 9.894 ms - 164[39m
[32m[39m
2025-11-20 13:31:44 [32minfo[39m [32mGET /api/v1/notifications 304 8.717 ms - -[39m
[32m[39m
2025-11-20 13:32:14 [32minfo[39m [32mGET /api/v1/notifications 200 7.677 ms - 164[39m
[32m[39m
2025-11-20 13:32:43 [32minfo[39m [32mGET /api/v1/notifications 200 8.462 ms - 164[39m
[32m[39m
2025-11-20 13:33:13 [32minfo[39m [32mGET /api/v1/notifications 401 11.087 ms - 64[39m
[32m[39m
2025-11-20 13:55:59 [32minfo[39m [32mPOST /api/v1/auth/vet-login 200 3327.234 ms - 617[39m
[32m[39m
2025-11-20 14:02:51 [32minfo[39m [32mGET /api/v1/appointments/cmi6yeqiw0007t1xove5db2gv/farm-visits 404 10.168 ms - 162[39m
[32m[39m
2025-11-20 14:23:09 [31merror[39m [31mExpected ',' or '}' after property value in JSON at position 356 (line 10 column 5) Expected ',' or '}' after property value in JSON at position 356 (line 10 column 5)[39m
2025-11-20 14:23:56 [31merror[39m [31mExpected ',' or '}' after property value in JSON at position 356 (line 10 column 5) Expected ',' or '}' after property value in JSON at position 356 (line 10 column 5)[39m
2025-11-20 14:33:40 [31merror[39m [31mExpected ',' or '}' after property value in JSON at position 356 (line 10 column 5) Expected ',' or '}' after property value in JSON at position 356 (line 10 column 5)[39m
2025-11-20 14:37:16 [31merror[39m [31mExpected ',' or '}' after property value in JSON at position 356 (line 10 column 5) Expected ',' or '}' after property value in JSON at position 356 (line 10 column 5)[39m
2025-11-20 14:38:53 [32minfo[39m [32mPOST /api/v1/appointments/cmi6yeqiw0007t1xove5db2gv/farm-visits 422 42.897 ms - 193[39m
[32m[39m
2025-11-20 14:39:38 [32minfo[39m [32mPOST /api/v1/appointments/cmi6yeqiw0007t1xove5db2gv/farm-visits 201 55.502 ms - 1511[39m
[32m[39m
2025-11-20 14:40:52 [32minfo[39m [32mPOST /api/v1/appointments/cmi6yeq150000t1xosvmc24a7/farm-visits 201 20.117 ms - 1511[39m
[32m[39m
2025-11-20 14:56:05 [32minfo[39m [32mPOST /api/v1/auth/vet-login 200 876.767 ms - 617[39m
[32m[39m
2025-11-20 14:56:08 [32minfo[39m [32mGET /api/v1/tasks/my-tasks 304 70.210 ms - -[39m
[32m[39m
2025-11-20 14:56:08 [32minfo[39m [32mGET /api/v1/notifications 200 235.698 ms - 164[39m
[32m[39m
2025-11-20 14:56:20 [32minfo[39m [32mGET /api/v1/users/vet/assigned-farms 304 475.090 ms - -[39m
[32m[39m
2025-11-20 15:03:42 [32minfo[39m [32mPOST /api/v1/auth/vet-login 200 4406.854 ms - 617[39m
[32m[39m
2025-11-20 15:03:46 [32minfo[39m [32mGET /api/v1/tasks/my-tasks 304 1339.083 ms - -[39m
[32m[39m
2025-11-20 15:03:46 [32minfo[39m [32mGET /api/v1/notifications 304 1507.050 ms - -[39m
[32m[39m
2025-11-20 15:03:57 [32minfo[39m [32mGET /api/v1/users/vet/assigned-farms 304 479.665 ms - -[39m
[32m[39m
2025-11-20 15:08:02 [32minfo[39m [32mPOST /api/v1/auth/vet-login 200 5020.310 ms - 617[39m
[32m[39m
2025-11-20 15:08:05 [32minfo[39m [32mGET /api/v1/tasks/my-tasks 304 195.718 ms - -[39m
[32m[39m
2025-11-20 15:08:06 [32minfo[39m [32mGET /api/v1/notifications 304 793.657 ms - -[39m
[32m[39m
2025-11-20 15:08:11 [32minfo[39m [32mGET /api/v1/users/vet/assigned-farms 304 1618.346 ms - -[39m
[32m[39m
2025-11-20 15:08:11 [32minfo[39m [32mGET /api/v1/users/vet/assigned-farms 304 1054.517 ms - -[39m
[32m[39m
2025-11-20 15:08:12 [32minfo[39m [32mGET /api/v1/tasks/my-tasks 304 1048.483 ms - -[39m
[32m[39m
2025-11-20 15:12:36 [32minfo[39m [32mPOST /api/v1/auth/vet-login 200 435.848 ms - 617[39m
[32m[39m
2025-11-20 15:12:39 [32minfo[39m [32mGET /api/v1/notifications 304 123.678 ms - -[39m
[32m[39m
2025-11-20 15:12:39 [32minfo[39m [32mGET /api/v1/tasks/my-tasks 304 23.875 ms - -[39m
[32m[39m
2025-11-20 15:12:43 [32minfo[39m [32mGET /api/v1/users/vet/assigned-farms 304 15.951 ms - -[39m
[32m[39m
2025-11-20 15:14:27 [32minfo[39m [32mPOST /api/v1/auth/vet-login 200 121.513 ms - 617[39m
[32m[39m
2025-11-20 15:14:30 [32minfo[39m [32mGET /api/v1/tasks/my-tasks 304 23.568 ms - -[39m
[32m[39m
2025-11-20 15:14:30 [32minfo[39m [32mGET /api/v1/notifications 304 197.266 ms - -[39m
[32m[39m
2025-11-20 15:14:38 [32minfo[39m [32mGET /api/v1/users/vet/assigned-farms 304 15.166 ms - -[39m
[32m[39m
2025-11-20 15:17:40 [32minfo[39m [32mPOST /api/v1/auth/vet-login 200 122.960 ms - 617[39m
[32m[39m
2025-11-20 15:17:41 [32minfo[39m [32mGET /api/v1/tasks/my-tasks 304 86.931 ms - -[39m
[32m[39m
2025-11-20 15:17:42 [32minfo[39m [32mGET /api/v1/notifications 304 9.890 ms - -[39m
[32m[39m
2025-11-20 15:17:44 [32minfo[39m [32mGET /api/v1/users/vet/assigned-farms 304 11.725 ms - -[39m
[32m[39m
2025-11-20 15:24:51 [32minfo[39m [32mPOST /api/v1/auth/vet-login 200 131.119 ms - 617[39m
[32m[39m
2025-11-20 15:24:54 [32minfo[39m [32mGET /api/v1/notifications 304 220.890 ms - -[39m
[32m[39m
2025-11-20 15:24:54 [32minfo[39m [32mGET /api/v1/tasks/my-tasks 304 20.247 ms - -[39m
[32m[39m
2025-11-20 15:24:58 [32minfo[39m [32mGET /api/v1/users/vet/assigned-farms 304 19.152 ms - -[39m
[32m[39m
2025-11-20 15:32:11 [32minfo[39m [32mPOST /api/v1/auth/vet-login 200 144.396 ms - 617[39m
[32m[39m
2025-11-20 15:32:15 [32minfo[39m [32mGET /api/v1/tasks/my-tasks 304 30.026 ms - -[39m
[32m[39m
2025-11-20 15:32:15 [32minfo[39m [32mGET /api/v1/notifications 304 220.909 ms - -[39m
[32m[39m
2025-11-20 15:32:29 [32minfo[39m [32mGET /api/v1/tasks/my-tasks 304 251.712 ms - -[39m
[32m[39m
2025-11-20 15:32:40 [32minfo[39m [32mGET /api/v1/users/vet/assigned-farms 304 14.673 ms - -[39m
[32m[39m
2025-11-20 15:32:44 [32minfo[39m [32mGET /api/v1/notifications 304 16.229 ms - -[39m
[32m[39m
2025-11-20 15:38:42 [32minfo[39m [32mPOST /api/v1/auth/vet-login 200 143.973 ms - 617[39m
[32m[39m
2025-11-20 15:38:45 [32minfo[39m [32mGET /api/v1/tasks/my-tasks 304 24.199 ms - -[39m
[32m[39m
2025-11-20 15:38:45 [32minfo[39m [32mGET /api/v1/notifications 200 200.567 ms - 164[39m
[32m[39m
2025-11-20 15:38:48 [32minfo[39m [32mGET /api/v1/users/vet/assigned-farms 304 14.876 ms - -[39m
[32m[39m
2025-11-20 15:50:43 [32minfo[39m [32mPOST /api/v1/auth/vet-login 200 169.505 ms - 617[39m
[32m[39m
2025-11-20 15:50:45 [32minfo[39m [32mGET /api/v1/notifications 304 189.831 ms - -[39m
[32m[39m
2025-11-20 15:50:46 [32minfo[39m [32mGET /api/v1/tasks/my-tasks 304 18.796 ms - -[39m
[32m[39m
2025-11-20 15:51:05 [32minfo[39m [32mGET /api/v1/users/vet/assigned-farms 304 22.383 ms - -[39m
[32m[39m
2025-11-20 15:51:11 [32minfo[39m [32mGET /api/v1/users/vet/assigned-farms 304 24.430 ms - -[39m
[32m[39m
2025-11-20 15:51:11 [32minfo[39m [32mGET /api/v1/users/vet/assigned-farms 304 14.527 ms - -[39m
[32m[39m
2025-11-20 15:51:12 [32minfo[39m [32mGET /api/v1/users/vet/assigned-farms 304 21.831 ms - -[39m
[32m[39m
2025-11-20 15:51:12 [32minfo[39m [32mGET /api/v1/users/vet/assigned-farms 304 11.575 ms - -[39m
[32m[39m
2025-11-20 15:51:12 [32minfo[39m [32mGET /api/v1/users/vet/assigned-farms 304 20.010 ms - -[39m
[32m[39m
2025-11-20 15:51:12 [32minfo[39m [32mGET /api/v1/users/vet/assigned-farms 304 9.332 ms - -[39m
[32m[39m
2025-11-20 15:51:12 [32minfo[39m [32mGET /api/v1/users/vet/assigned-farms 304 7.769 ms - -[39m
[32m[39m
2025-11-20 15:51:12 [32minfo[39m [32mGET /api/v1/users/vet/assigned-farms 304 21.796 ms - -[39m
[32m[39m
2025-11-20 15:51:13 [32minfo[39m [32mGET /api/v1/users/vet/assigned-farms 304 224.685 ms - -[39m
[32m[39m
2025-11-20 15:51:13 [32minfo[39m [32mGET /api/v1/users/vet/assigned-farms 304 248.696 ms - -[39m
[32m[39m
2025-11-20 15:51:13 [32minfo[39m [32mGET /api/v1/users/vet/assigned-farms 200 38.525 ms - 897[39m
[32m[39m
2025-11-20 15:51:13 [32minfo[39m [32mGET /api/v1/users/vet/assigned-farms 200 39.633 ms - 897[39m
[32m[39m
2025-11-20 15:51:13 [32minfo[39m [32mGET /api/v1/users/vet/assigned-farms 200 49.415 ms - 897[39m
[32m[39m
2025-11-20 15:51:13 [32minfo[39m [32mGET /api/v1/users/vet/assigned-farms 200 14.560 ms - 897[39m
[32m[39m
2025-11-20 15:51:13 [32minfo[39m [32mGET /api/v1/users/vet/assigned-farms 200 33.623 ms - 897[39m
[32m[39m
2025-11-20 15:51:14 [32minfo[39m [32mGET /api/v1/users/vet/assigned-farms 200 167.447 ms - 897[39m
[32m[39m
2025-11-20 15:51:14 [32minfo[39m [32mGET /api/v1/users/vet/assigned-farms 304 31.471 ms - -[39m
[32m[39m
2025-11-20 15:51:14 [32minfo[39m [32mGET /api/v1/users/vet/assigned-farms 304 7.656 ms - -[39m
[32m[39m
2025-11-20 15:51:14 [32minfo[39m [32mGET /api/v1/users/vet/assigned-farms 304 34.123 ms - -[39m
[32m[39m
2025-11-20 15:51:15 [32minfo[39m [32mGET /api/v1/users/vet/assigned-farms 304 22.260 ms - -[39m
[32m[39m
2025-11-20 15:51:15 [32minfo[39m [32mGET /api/v1/users/vet/assigned-farms 304 45.788 ms - -[39m
[32m[39m
2025-11-20 15:51:15 [32minfo[39m [32mGET /api/v1/users/vet/assigned-farms 304 45.751 ms - -[39m
[32m[39m
2025-11-20 15:51:15 [32minfo[39m [32mGET /api/v1/users/vet/assigned-farms 304 20.234 ms - -[39m
[32m[39m
2025-11-20 15:51:15 [32minfo[39m [32mGET /api/v1/users/vet/assigned-farms 304 18.206 ms - -[39m
[32m[39m
2025-11-20 15:51:15 [32minfo[39m [32mGET /api/v1/users/vet/assigned-farms 304 62.495 ms - -[39m
[32m[39m
2025-11-20 15:51:15 [32minfo[39m [32mGET /api/v1/users/vet/assigned-farms 304 128.080 ms - -[39m
[32m[39m
2025-11-20 15:51:15 [32minfo[39m [32mGET /api/v1/users/vet/assigned-farms 304 26.658 ms - -[39m
[32m[39m
2025-11-20 15:51:15 [32minfo[39m [32mGET /api/v1/users/vet/assigned-farms 304 35.320 ms - -[39m
[32m[39m
2025-11-20 15:51:15 [32minfo[39m [32mGET /api/v1/users/vet/assigned-farms 304 33.110 ms - -[39m
[32m[39m
2025-11-20 15:51:15 [32minfo[39m [32mGET /api/v1/users/vet/assigned-farms 304 14.436 ms - -[39m
[32m[39m
2025-11-20 15:51:16 [32minfo[39m [32mGET /api/v1/users/vet/assigned-farms 304 17.752 ms - -[39m
[32m[39m
2025-11-20 15:51:16 [32minfo[39m [32mGET /api/v1/users/vet/assigned-farms 304 178.026 ms - -[39m
[32m[39m
2025-11-20 15:51:16 [32minfo[39m [32mGET /api/v1/users/vet/assigned-farms 304 219.168 ms - -[39m
[32m[39m
2025-11-20 15:51:16 [32minfo[39m [32mGET /api/v1/users/vet/assigned-farms 304 276.180 ms - -[39m
[32m[39m
2025-11-20 15:51:16 [32minfo[39m [32mGET /api/v1/users/vet/assigned-farms 304 186.859 ms - -[39m
[32m[39m
2025-11-20 15:51:16 [32minfo[39m [32mGET /api/v1/users/vet/assigned-farms 304 40.493 ms - -[39m
[32m[39m
2025-11-20 15:51:17 [32minfo[39m [32mGET /api/v1/notifications 304 360.198 ms - -[39m
[32m[39m
2025-11-20 15:51:17 [32minfo[39m [32mGET /api/v1/users/vet/assigned-farms 304 46.027 ms - -[39m
[32m[39m
2025-11-20 15:51:17 [32minfo[39m [32mGET /api/v1/users/vet/assigned-farms 304 46.375 ms - -[39m
[32m[39m
2025-11-20 15:51:17 [32minfo[39m [32mGET /api/v1/users/vet/assigned-farms 304 32.600 ms - -[39m
[32m[39m
2025-11-20 15:51:17 [32minfo[39m [32mGET /api/v1/users/vet/assigned-farms 304 17.134 ms - -[39m
[32m[39m
2025-11-20 15:51:17 [32minfo[39m [32mGET /api/v1/users/vet/assigned-farms 304 179.772 ms - -[39m
[32m[39m
2025-11-20 15:51:17 [32minfo[39m [32mGET /api/v1/users/vet/assigned-farms 304 179.919 ms - -[39m
[32m[39m
2025-11-20 15:51:17 [32minfo[39m [32mGET /api/v1/users/vet/assigned-farms 304 71.669 ms - -[39m
[32m[39m
2025-11-20 15:51:17 [32minfo[39m [32mGET /api/v1/users/vet/assigned-farms 304 33.345 ms - -[39m
[32m[39m
2025-11-20 15:51:17 [32minfo[39m [32mGET /api/v1/users/vet/assigned-farms 304 24.249 ms - -[39m
[32m[39m
2025-11-20 15:51:18 [32minfo[39m [32mGET /api/v1/users/vet/assigned-farms 304 13.444 ms - -[39m
[32m[39m
2025-11-20 15:51:18 [32minfo[39m [32mGET /api/v1/users/vet/assigned-farms 304 47.498 ms - -[39m
[32m[39m
2025-11-20 15:51:18 [32minfo[39m [32mGET /api/v1/users/vet/assigned-farms 304 53.365 ms - -[39m
[32m[39m
2025-11-20 15:51:18 [32minfo[39m [32mGET /api/v1/users/vet/assigned-farms 304 58.549 ms - -[39m
[32m[39m
2025-11-20 15:51:18 [32minfo[39m [32mGET /api/v1/users/vet/assigned-farms 304 8.294 ms - -[39m
[32m[39m
2025-11-20 15:51:18 [32minfo[39m [32mGET /api/v1/users/vet/assigned-farms 304 16.590 ms - -[39m
[32m[39m
2025-11-20 15:51:18 [32minfo[39m [32mGET /api/v1/users/vet/assigned-farms 304 41.373 ms - -[39m
[32m[39m
2025-11-20 15:51:18 [32minfo[39m [32mGET /api/v1/users/vet/assigned-farms 304 39.863 ms - -[39m
[32m[39m
2025-11-20 15:51:18 [32minfo[39m [32mGET /api/v1/users/vet/assigned-farms 304 29.376 ms - -[39m
[32m[39m
2025-11-20 15:51:19 [32minfo[39m [32mGET /api/v1/users/vet/assigned-farms 304 14.346 ms - -[39m
[32m[39m
2025-11-20 15:51:19 [32minfo[39m [32mGET /api/v1/users/vet/assigned-farms 304 13.861 ms - -[39m
[32m[39m
2025-11-20 15:51:19 [32minfo[39m [32mGET /api/v1/users/vet/assigned-farms 304 32.901 ms - -[39m
[32m[39m
2025-11-20 15:51:19 [32minfo[39m [32mGET /api/v1/users/vet/assigned-farms 304 49.859 ms - -[39m
[32m[39m
2025-11-20 15:51:19 [32minfo[39m [32mGET /api/v1/users/vet/assigned-farms 304 47.578 ms - -[39m
[32m[39m
2025-11-20 15:51:19 [32minfo[39m [32mGET /api/v1/users/vet/assigned-farms 304 36.100 ms - -[39m
[32m[39m
2025-11-20 15:51:19 [32minfo[39m [32mGET /api/v1/users/vet/assigned-farms 304 27.094 ms - -[39m
[32m[39m
2025-11-20 15:51:20 [32minfo[39m [32mGET /api/v1/users/vet/assigned-farms 304 37.607 ms - -[39m
[32m[39m
2025-11-20 15:51:20 [32minfo[39m [32mGET /api/v1/users/vet/assigned-farms 304 44.539 ms - -[39m
[32m[39m
2025-11-20 15:51:20 [32minfo[39m [32mGET /api/v1/users/vet/assigned-farms 304 50.897 ms - -[39m
[32m[39m
2025-11-20 15:51:20 [32minfo[39m [32mGET /api/v1/users/vet/assigned-farms 304 19.381 ms - -[39m
[32m[39m
2025-11-20 15:51:20 [32minfo[39m [32mGET /api/v1/users/vet/assigned-farms 304 9.913 ms - -[39m
[32m[39m
2025-11-20 15:51:20 [32minfo[39m [32mGET /api/v1/users/vet/assigned-farms 304 45.958 ms - -[39m
[32m[39m
2025-11-20 15:51:20 [32minfo[39m [32mGET /api/v1/users/vet/assigned-farms 304 44.795 ms - -[39m
[32m[39m
2025-11-20 15:51:20 [32minfo[39m [32mGET /api/v1/users/vet/assigned-farms 304 38.868 ms - -[39m
[32m[39m
2025-11-20 15:51:20 [32minfo[39m [32mGET /api/v1/users/vet/assigned-farms 304 15.026 ms - -[39m
[32m[39m
2025-11-20 15:51:20 [32minfo[39m [32mGET /api/v1/users/vet/assigned-farms 304 10.871 ms - -[39m
[32m[39m
2025-11-20 15:51:20 [32minfo[39m [32mGET /api/v1/users/vet/assigned-farms 304 14.587 ms - -[39m
[32m[39m
2025-11-20 15:51:20 [32minfo[39m [32mGET /api/v1/users/vet/assigned-farms 304 29.179 ms - -[39m
[32m[39m
2025-11-20 15:51:20 [32minfo[39m [32mGET /api/v1/users/vet/assigned-farms 304 23.143 ms - -[39m
[32m[39m
2025-11-20 15:51:21 [32minfo[39m [32mGET /api/v1/users/vet/assigned-farms 304 16.398 ms - -[39m
[32m[39m
2025-11-20 15:51:21 [32minfo[39m [32mGET /api/v1/users/vet/assigned-farms 304 18.066 ms - -[39m
[32m[39m
2025-11-20 15:51:21 [32minfo[39m [32mGET /api/v1/users/vet/assigned-farms 304 27.676 ms - -[39m
[32m[39m
2025-11-20 15:51:21 [32minfo[39m [32mGET /api/v1/users/vet/assigned-farms 304 21.221 ms - -[39m
[32m[39m
2025-11-20 15:51:21 [32minfo[39m [32mGET /api/v1/users/vet/assigned-farms 304 36.038 ms - -[39m
[32m[39m
2025-11-20 15:51:21 [32minfo[39m [32mGET /api/v1/users/vet/assigned-farms 304 8.562 ms - -[39m
[32m[39m
2025-11-20 15:51:21 [32minfo[39m [32mGET /api/v1/users/vet/assigned-farms 304 7.709 ms - -[39m
[32m[39m
2025-11-20 15:51:21 [32minfo[39m [32mGET /api/v1/users/vet/assigned-farms 304 36.442 ms - -[39m
[32m[39m
2025-11-20 15:51:21 [32minfo[39m [32mGET /api/v1/users/vet/assigned-farms 304 35.838 ms - -[39m
[32m[39m
2025-11-20 15:51:21 [32minfo[39m [32mGET /api/v1/users/vet/assigned-farms 304 34.830 ms - -[39m
[32m[39m
2025-11-20 15:51:22 [32minfo[39m [32mGET /api/v1/users/vet/assigned-farms 304 109.115 ms - -[39m
[32m[39m
2025-11-20 15:51:22 [32minfo[39m [32mGET /api/v1/users/vet/assigned-farms 304 77.051 ms - -[39m
[32m[39m
2025-11-20 15:51:22 [32minfo[39m [32mGET /api/v1/users/vet/assigned-farms 304 31.788 ms - -[39m
[32m[39m
2025-11-20 15:51:22 [32minfo[39m [32mGET /api/v1/users/vet/assigned-farms 304 36.457 ms - -[39m
[32m[39m
2025-11-20 15:51:22 [32minfo[39m [32mGET /api/v1/users/vet/assigned-farms 304 32.705 ms - -[39m
[32m[39m
2025-11-20 15:51:22 [32minfo[39m [32mGET /api/v1/users/vet/assigned-farms 304 10.223 ms - -[39m
[32m[39m
2025-11-20 15:51:22 [32minfo[39m [32mGET /api/v1/users/vet/assigned-farms 304 8.698 ms - -[39m
[32m[39m
2025-11-20 15:51:22 [32minfo[39m [32mGET /api/v1/users/vet/assigned-farms 304 32.627 ms - -[39m
[32m[39m
2025-11-20 15:51:22 [32minfo[39m [32mGET /api/v1/users/vet/assigned-farms 304 31.361 ms - -[39m
[32m[39m
2025-11-20 15:51:22 [32minfo[39m [32mGET /api/v1/users/vet/assigned-farms 304 29.617 ms - -[39m
[32m[39m
2025-11-20 15:51:23 [32minfo[39m [32mGET /api/v1/users/vet/assigned-farms 304 14.472 ms - -[39m
[32m[39m
2025-11-20 15:51:23 [32minfo[39m [32mGET /api/v1/users/vet/assigned-farms 304 11.142 ms - -[39m
[32m[39m
2025-11-20 15:51:23 [32minfo[39m [32mGET /api/v1/users/vet/assigned-farms 304 27.973 ms - -[39m
[32m[39m
2025-11-20 15:51:23 [32minfo[39m [32mGET /api/v1/users/vet/assigned-farms 304 26.880 ms - -[39m
[32m[39m
2025-11-20 15:51:23 [32minfo[39m [32mGET /api/v1/users/vet/assigned-farms 304 30.609 ms - -[39m
[32m[39m
2025-11-20 15:51:23 [32minfo[39m [32mGET /api/v1/users/vet/assigned-farms 304 11.367 ms - -[39m
[32m[39m
2025-11-20 15:51:23 [32minfo[39m [32mGET /api/v1/users/vet/assigned-farms 304 14.659 ms - -[39m
[32m[39m
2025-11-20 15:51:23 [32minfo[39m [32mGET /api/v1/users/vet/assigned-farms 304 33.262 ms - -[39m
[32m[39m
2025-11-20 15:51:23 [32minfo[39m [32mGET /api/v1/users/vet/assigned-farms 304 31.660 ms - -[39m
[32m[39m
2025-11-20 15:51:23 [32minfo[39m [32mGET /api/v1/users/vet/assigned-farms 304 28.539 ms - -[39m
[32m[39m
2025-11-20 15:51:23 [32minfo[39m [32mGET /api/v1/users/vet/assigned-farms 304 8.401 ms - -[39m
[32m[39m
2025-11-20 15:51:24 [32minfo[39m [32mGET /api/v1/users/vet/assigned-farms 304 16.444 ms - -[39m
[32m[39m
2025-11-20 15:51:24 [32minfo[39m [32mGET /api/v1/users/vet/assigned-farms 304 23.936 ms - -[39m
[32m[39m
2025-11-20 15:51:24 [32minfo[39m [32mGET /api/v1/users/vet/assigned-farms 304 31.706 ms - -[39m
[32m[39m
2025-11-20 15:51:24 [32minfo[39m [32mGET /api/v1/users/vet/assigned-farms 304 33.802 ms - -[39m
[32m[39m
2025-11-20 15:51:24 [32minfo[39m [32mGET /api/v1/users/vet/assigned-farms 304 8.683 ms - -[39m
[32m[39m
2025-11-20 15:51:24 [32minfo[39m [32mGET /api/v1/users/vet/assigned-farms 304 8.495 ms - -[39m
[32m[39m
2025-11-20 15:51:24 [32minfo[39m [32mGET /api/v1/users/vet/assigned-farms 304 41.128 ms - -[39m
[32m[39m
2025-11-20 15:51:24 [32minfo[39m [32mGET /api/v1/users/vet/assigned-farms 304 39.606 ms - -[39m
[32m[39m
2025-11-20 15:51:24 [32minfo[39m [32mGET /api/v1/users/vet/assigned-farms 304 38.765 ms - -[39m
[32m[39m
2025-11-20 15:51:25 [32minfo[39m [32mGET /api/v1/users/vet/assigned-farms 304 11.060 ms - -[39m
[32m[39m
2025-11-20 15:51:25 [32minfo[39m [32mGET /api/v1/users/vet/assigned-farms 304 7.598 ms - -[39m
[32m[39m
2025-11-20 15:51:25 [32minfo[39m [32mGET /api/v1/users/vet/assigned-farms 304 29.502 ms - -[39m
[32m[39m
2025-11-20 15:51:25 [32minfo[39m [32mGET /api/v1/users/vet/assigned-farms 304 28.227 ms - -[39m
[32m[39m
2025-11-20 15:51:25 [32minfo[39m [32mGET /api/v1/users/vet/assigned-farms 304 30.710 ms - -[39m
[32m[39m
2025-11-20 15:51:25 [32minfo[39m [32mGET /api/v1/users/vet/assigned-farms 304 11.763 ms - -[39m
[32m[39m
2025-11-20 15:51:25 [32minfo[39m [32mGET /api/v1/users/vet/assigned-farms 304 12.302 ms - -[39m
[32m[39m
2025-11-20 15:51:25 [32minfo[39m [32mGET /api/v1/users/vet/assigned-farms 304 21.760 ms - -[39m
[32m[39m
2025-11-20 15:51:25 [32minfo[39m [32mGET /api/v1/users/vet/assigned-farms 304 34.915 ms - -[39m
[32m[39m
2025-11-20 15:51:25 [32minfo[39m [32mGET /api/v1/users/vet/assigned-farms 304 32.815 ms - -[39m
[32m[39m
2025-11-20 15:51:26 [32minfo[39m [32mGET /api/v1/users/vet/assigned-farms 304 149.882 ms - -[39m
[32m[39m
2025-11-20 15:51:26 [32minfo[39m [32mGET /api/v1/users/vet/assigned-farms 304 41.906 ms - -[39m
[32m[39m
2025-11-20 15:51:26 [32minfo[39m [32mGET /api/v1/users/vet/assigned-farms 304 119.537 ms - -[39m
[32m[39m
2025-11-20 15:51:26 [32minfo[39m [32mGET /api/v1/users/vet/assigned-farms 304 119.405 ms - -[39m
[32m[39m
2025-11-20 15:51:26 [32minfo[39m [32mGET /api/v1/users/vet/assigned-farms 304 128.511 ms - -[39m
[32m[39m
2025-11-20 15:51:26 [32minfo[39m [32mGET /api/v1/users/vet/assigned-farms 304 19.422 ms - -[39m
[32m[39m
2025-11-20 15:51:26 [32minfo[39m [32mGET /api/v1/users/vet/assigned-farms 304 66.249 ms - -[39m
[32m[39m
2025-11-20 15:51:27 [32minfo[39m [32mGET /api/v1/users/vet/assigned-farms 304 32.840 ms - -[39m
[32m[39m
2025-11-20 15:51:27 [32minfo[39m [32mGET /api/v1/users/vet/assigned-farms 304 17.121 ms - -[39m
[32m[39m
2025-11-20 15:51:27 [32minfo[39m [32mGET /api/v1/users/vet/assigned-farms 304 20.008 ms - -[39m
[32m[39m
2025-11-20 15:51:27 [32minfo[39m [32mGET /api/v1/users/vet/assigned-farms 304 107.506 ms - -[39m
[32m[39m
2025-11-20 15:51:27 [32minfo[39m [32mGET /api/v1/users/vet/assigned-farms 304 10.427 ms - -[39m
[32m[39m
2025-11-20 15:51:27 [32minfo[39m [32mGET /api/v1/users/vet/assigned-farms 304 38.504 ms - -[39m
[32m[39m
2025-11-20 15:51:27 [32minfo[39m [32mGET /api/v1/users/vet/assigned-farms 304 40.046 ms - -[39m
[32m[39m
2025-11-20 15:51:27 [32minfo[39m [32mGET /api/v1/users/vet/assigned-farms 304 46.372 ms - -[39m
[32m[39m
2025-11-20 15:51:28 [32minfo[39m [32mGET /api/v1/users/vet/assigned-farms 304 10.258 ms - -[39m
[32m[39m
2025-11-20 15:51:28 [32minfo[39m [32mGET /api/v1/users/vet/assigned-farms 304 22.895 ms - -[39m
[32m[39m
2025-11-20 15:51:28 [32minfo[39m [32mGET /api/v1/users/vet/assigned-farms 304 21.222 ms - -[39m
[32m[39m
2025-11-20 15:51:28 [32minfo[39m [32mGET /api/v1/users/vet/assigned-farms 304 25.223 ms - -[39m
[32m[39m
2025-11-20 15:51:28 [32minfo[39m [32mGET /api/v1/users/vet/assigned-farms 304 27.622 ms - -[39m
[32m[39m
2025-11-20 15:51:28 [32minfo[39m [32mGET /api/v1/users/vet/assigned-farms 304 28.834 ms - -[39m
[32m[39m
2025-11-20 15:51:28 [32minfo[39m [32mGET /api/v1/users/vet/assigned-farms 304 14.465 ms - -[39m
[32m[39m
2025-11-20 15:51:28 [32minfo[39m [32mGET /api/v1/users/vet/assigned-farms 304 43.750 ms - -[39m
[32m[39m
2025-11-20 15:51:28 [32minfo[39m [32mGET /api/v1/users/vet/assigned-farms 304 41.584 ms - -[39m
[32m[39m
2025-11-20 15:51:28 [32minfo[39m [32mGET /api/v1/users/vet/assigned-farms 304 51.460 ms - -[39m
[32m[39m
2025-11-20 15:51:29 [32minfo[39m [32mGET /api/v1/users/vet/assigned-farms 304 30.928 ms - -[39m
[32m[39m
2025-11-20 15:51:29 [32minfo[39m [32mGET /api/v1/users/vet/assigned-farms 304 8.859 ms - -[39m
[32m[39m
2025-11-20 15:51:29 [32minfo[39m [32mGET /api/v1/users/vet/assigned-farms 304 22.030 ms - -[39m
[32m[39m
2025-11-20 15:51:29 [32minfo[39m [32mGET /api/v1/users/vet/assigned-farms 304 34.502 ms - -[39m
[32m[39m
2025-11-20 15:51:29 [32minfo[39m [32mGET /api/v1/users/vet/assigned-farms 304 32.226 ms - -[39m
[32m[39m
2025-11-20 15:51:29 [32minfo[39m [32mGET /api/v1/users/vet/assigned-farms 304 15.641 ms - -[39m
[32m[39m
2025-11-20 15:51:29 [32minfo[39m [32mGET /api/v1/users/vet/assigned-farms 304 17.504 ms - -[39m
[32m[39m
2025-11-20 15:51:29 [32minfo[39m [32mGET /api/v1/users/vet/assigned-farms 304 28.584 ms - -[39m
[32m[39m
2025-11-20 15:51:29 [32minfo[39m [32mGET /api/v1/users/vet/assigned-farms 304 33.563 ms - -[39m
[32m[39m
2025-11-20 15:51:29 [32minfo[39m [32mGET /api/v1/users/vet/assigned-farms 304 28.057 ms - -[39m
[32m[39m
2025-11-20 15:51:29 [32minfo[39m [32mGET /api/v1/users/vet/assigned-farms 304 37.860 ms - -[39m
[32m[39m
2025-11-20 15:51:30 [32minfo[39m [32mGET /api/v1/users/vet/assigned-farms 304 120.207 ms - -[39m
[32m[39m
2025-11-20 15:51:30 [32minfo[39m [32mGET /api/v1/users/vet/assigned-farms 304 24.370 ms - -[39m
[32m[39m
2025-11-20 15:51:30 [32minfo[39m [32mGET /api/v1/users/vet/assigned-farms 304 20.725 ms - -[39m
[32m[39m
2025-11-20 15:51:30 [32minfo[39m [32mGET /api/v1/users/vet/assigned-farms 304 26.043 ms - -[39m
[32m[39m
2025-11-20 15:51:30 [32minfo[39m [32mGET /api/v1/users/vet/assigned-farms 304 12.020 ms - -[39m
[32m[39m
2025-11-20 15:51:30 [32minfo[39m [32mGET /api/v1/users/vet/assigned-farms 304 15.769 ms - -[39m
[32m[39m
2025-11-20 15:51:30 [32minfo[39m [32mGET /api/v1/users/vet/assigned-farms 304 29.514 ms - -[39m
[32m[39m
2025-11-20 15:51:30 [32minfo[39m [32mGET /api/v1/users/vet/assigned-farms 304 41.328 ms - -[39m
[32m[39m
2025-11-20 15:51:30 [32minfo[39m [32mGET /api/v1/users/vet/assigned-farms 304 36.725 ms - -[39m
[32m[39m
2025-11-20 15:51:31 [32minfo[39m [32mGET /api/v1/users/vet/assigned-farms 304 12.110 ms - -[39m
[32m[39m
2025-11-20 15:51:31 [32minfo[39m [32mGET /api/v1/users/vet/assigned-farms 304 37.354 ms - -[39m
[32m[39m
2025-11-20 15:51:31 [32minfo[39m [32mGET /api/v1/users/vet/assigned-farms 304 34.683 ms - -[39m
[32m[39m
2025-11-20 15:51:31 [32minfo[39m [32mGET /api/v1/users/vet/assigned-farms 304 40.023 ms - -[39m
[32m[39m
2025-11-20 15:51:31 [32minfo[39m [32mGET /api/v1/users/vet/assigned-farms 304 34.669 ms - -[39m
[32m[39m
2025-11-20 15:51:31 [32minfo[39m [32mGET /api/v1/users/vet/assigned-farms 304 18.052 ms - -[39m
[32m[39m
2025-11-20 15:51:31 [32minfo[39m [32mGET /api/v1/users/vet/assigned-farms 304 16.992 ms - -[39m
[32m[39m
2025-11-20 15:51:31 [32minfo[39m [32mGET /api/v1/users/vet/assigned-farms 304 24.671 ms - -[39m
[32m[39m
2025-11-20 15:51:31 [32minfo[39m [32mGET /api/v1/users/vet/assigned-farms 304 23.998 ms - -[39m
[32m[39m
2025-11-20 15:51:31 [32minfo[39m [32mGET /api/v1/users/vet/assigned-farms 304 16.572 ms - -[39m
[32m[39m
2025-11-20 15:51:32 [32minfo[39m [32mGET /api/v1/users/vet/assigned-farms 304 11.449 ms - -[39m
[32m[39m
2025-11-20 15:51:32 [32minfo[39m [32mGET /api/v1/users/vet/assigned-farms 304 24.837 ms - -[39m
[32m[39m
2025-11-20 15:51:32 [32minfo[39m [32mGET /api/v1/users/vet/assigned-farms 304 45.688 ms - -[39m
[32m[39m
2025-11-20 15:51:32 [32minfo[39m [32mGET /api/v1/users/vet/assigned-farms 304 45.437 ms - -[39m
[32m[39m
2025-11-20 15:51:32 [32minfo[39m [32mGET /api/v1/users/vet/assigned-farms 304 45.770 ms - -[39m
[32m[39m
2025-11-20 15:51:32 [32minfo[39m [32mGET /api/v1/users/vet/assigned-farms 304 10.507 ms - -[39m
[32m[39m
2025-11-20 15:51:32 [32minfo[39m [32mGET /api/v1/users/vet/assigned-farms 304 11.183 ms - -[39m
[32m[39m
2025-11-20 15:51:32 [32minfo[39m [32mGET /api/v1/users/vet/assigned-farms 304 38.940 ms - -[39m
[32m[39m
2025-11-20 15:51:32 [32minfo[39m [32mGET /api/v1/users/vet/assigned-farms 304 32.570 ms - -[39m
[32m[39m
2025-11-20 15:51:32 [32minfo[39m [32mGET /api/v1/users/vet/assigned-farms 304 38.466 ms - -[39m
[32m[39m
2025-11-20 15:51:33 [32minfo[39m [32mGET /api/v1/users/vet/assigned-farms 304 14.860 ms - -[39m
[32m[39m
2025-11-20 15:51:33 [32minfo[39m [32mGET /api/v1/users/vet/assigned-farms 304 13.954 ms - -[39m
[32m[39m
2025-11-20 15:51:33 [32minfo[39m [32mGET /api/v1/users/vet/assigned-farms 304 14.361 ms - -[39m
[32m[39m
2025-11-20 15:51:33 [32minfo[39m [32mGET /api/v1/users/vet/assigned-farms 304 19.614 ms - -[39m
[32m[39m
2025-11-20 15:51:33 [32minfo[39m [32mGET /api/v1/users/vet/assigned-farms 304 18.561 ms - -[39m
[32m[39m
2025-11-20 15:51:33 [32minfo[39m [32mGET /api/v1/users/vet/assigned-farms 304 8.901 ms - -[39m
[32m[39m
2025-11-20 15:51:33 [32minfo[39m [32mGET /api/v1/users/vet/assigned-farms 304 13.417 ms - -[39m
[32m[39m
2025-11-20 15:51:34 [32minfo[39m [32mGET /api/v1/users/vet/assigned-farms 304 26.513 ms - -[39m
[32m[39m
2025-11-20 15:51:34 [32minfo[39m [32mGET /api/v1/users/vet/assigned-farms 304 21.646 ms - -[39m
[32m[39m
2025-11-20 15:51:34 [32minfo[39m [32mGET /api/v1/users/vet/assigned-farms 304 25.458 ms - -[39m
[32m[39m
2025-11-20 15:51:34 [32minfo[39m [32mGET /api/v1/users/vet/assigned-farms 304 11.091 ms - -[39m
[32m[39m
2025-11-20 15:51:34 [32minfo[39m [32mGET /api/v1/users/vet/assigned-farms 304 8.181 ms - -[39m
[32m[39m
2025-11-20 15:51:34 [32minfo[39m [32mGET /api/v1/users/vet/assigned-farms 304 17.112 ms - -[39m
[32m[39m
2025-11-20 15:51:34 [32minfo[39m [32mGET /api/v1/users/vet/assigned-farms 304 28.169 ms - -[39m
[32m[39m
2025-11-20 15:51:34 [32minfo[39m [32mGET /api/v1/users/vet/assigned-farms 304 26.554 ms - -[39m
[32m[39m
2025-11-20 15:51:34 [32minfo[39m [32mGET /api/v1/users/vet/assigned-farms 304 15.534 ms - -[39m
[32m[39m
2025-11-20 15:51:34 [32minfo[39m [32mGET /api/v1/users/vet/assigned-farms 304 9.971 ms - -[39m
[32m[39m
2025-11-20 15:51:35 [32minfo[39m [32mGET /api/v1/users/vet/assigned-farms 304 62.440 ms - -[39m
[32m[39m
2025-11-20 15:51:35 [32minfo[39m [32mGET /api/v1/users/vet/assigned-farms 304 61.245 ms - -[39m
[32m[39m
2025-11-20 15:51:35 [32minfo[39m [32mGET /api/v1/users/vet/assigned-farms 304 48.528 ms - -[39m
[32m[39m
2025-11-20 15:51:35 [32minfo[39m [32mGET /api/v1/users/vet/assigned-farms 304 15.173 ms - -[39m
[32m[39m
2025-11-20 15:51:35 [32minfo[39m [32mGET /api/v1/users/vet/assigned-farms 304 7.858 ms - -[39m
[32m[39m
2025-11-20 15:51:35 [32minfo[39m [32mGET /api/v1/users/vet/assigned-farms 304 20.471 ms - -[39m
[32m[39m
2025-11-20 15:51:35 [32minfo[39m [32mGET /api/v1/users/vet/assigned-farms 304 28.473 ms - -[39m
[32m[39m
2025-11-20 15:51:35 [32minfo[39m [32mGET /api/v1/users/vet/assigned-farms 304 34.268 ms - -[39m
[32m[39m
2025-11-20 15:51:35 [32minfo[39m [32mGET /api/v1/users/vet/assigned-farms 304 18.316 ms - -[39m
[32m[39m
2025-11-20 15:51:35 [32minfo[39m [32mGET /api/v1/users/vet/assigned-farms 304 8.032 ms - -[39m
[32m[39m
2025-11-20 15:51:36 [32minfo[39m [32mGET /api/v1/users/vet/assigned-farms 304 7.932 ms - -[39m
[32m[39m
2025-11-20 15:51:36 [32minfo[39m [32mGET /api/v1/users/vet/assigned-farms 304 30.445 ms - -[39m
[32m[39m
2025-11-20 15:51:36 [32minfo[39m [32mGET /api/v1/users/vet/assigned-farms 304 34.409 ms - -[39m
[32m[39m
2025-11-20 15:51:36 [32minfo[39m [32mGET /api/v1/users/vet/assigned-farms 304 9.631 ms - -[39m
[32m[39m
2025-11-20 15:51:36 [32minfo[39m [32mGET /api/v1/users/vet/assigned-farms 304 12.044 ms - -[39m
[32m[39m
2025-11-20 15:51:36 [32minfo[39m [32mGET /api/v1/users/vet/assigned-farms 304 30.160 ms - -[39m
[32m[39m
2025-11-20 15:51:36 [32minfo[39m [32mGET /api/v1/users/vet/assigned-farms 304 28.082 ms - -[39m
[32m[39m
2025-11-20 15:51:36 [32minfo[39m [32mGET /api/v1/users/vet/assigned-farms 304 28.442 ms - -[39m
[32m[39m
2025-11-20 15:51:36 [32minfo[39m [32mGET /api/v1/users/vet/assigned-farms 304 7.513 ms - -[39m
[32m[39m
2025-11-20 15:51:36 [32minfo[39m [32mGET /api/v1/users/vet/assigned-farms 304 8.577 ms - -[39m
[32m[39m
2025-11-20 15:51:37 [32minfo[39m [32mGET /api/v1/users/vet/assigned-farms 304 89.643 ms - -[39m
[32m[39m
2025-11-20 15:51:37 [32minfo[39m [32mGET /api/v1/users/vet/assigned-farms 304 103.033 ms - -[39m
[32m[39m
2025-11-20 15:51:37 [32minfo[39m [32mGET /api/v1/users/vet/assigned-farms 304 125.463 ms - -[39m
[32m[39m
2025-11-20 15:51:37 [32minfo[39m [32mGET /api/v1/users/vet/assigned-farms 304 19.642 ms - -[39m
[32m[39m
2025-11-20 15:51:37 [32minfo[39m [32mGET /api/v1/users/vet/assigned-farms 304 14.714 ms - -[39m
[32m[39m
2025-11-20 15:51:37 [32minfo[39m [32mGET /api/v1/users/vet/assigned-farms 304 36.365 ms - -[39m
[32m[39m
2025-11-20 15:51:37 [32minfo[39m [32mGET /api/v1/users/vet/assigned-farms 304 41.810 ms - -[39m
[32m[39m
2025-11-20 15:51:37 [32minfo[39m [32mGET /api/v1/users/vet/assigned-farms 304 16.703 ms - -[39m
[32m[39m
2025-11-20 15:51:37 [32minfo[39m [32mGET /api/v1/users/vet/assigned-farms 304 16.336 ms - -[39m
[32m[39m
2025-11-20 15:51:38 [32minfo[39m [32mGET /api/v1/users/vet/assigned-farms 304 16.153 ms - -[39m
[32m[39m
2025-11-20 15:51:38 [32minfo[39m [32mGET /api/v1/users/vet/assigned-farms 304 29.309 ms - -[39m
[32m[39m
2025-11-20 15:51:38 [32minfo[39m [32mGET /api/v1/users/vet/assigned-farms 304 34.609 ms - -[39m
[32m[39m
2025-11-20 15:51:38 [32minfo[39m [32mGET /api/v1/users/vet/assigned-farms 304 8.832 ms - -[39m
[32m[39m
2025-11-20 15:51:38 [32minfo[39m [32mGET /api/v1/users/vet/assigned-farms 304 14.591 ms - -[39m
[32m[39m
2025-11-20 15:51:38 [32minfo[39m [32mGET /api/v1/users/vet/assigned-farms 304 8.378 ms - -[39m
[32m[39m
2025-11-20 15:51:38 [32minfo[39m [32mGET /api/v1/users/vet/assigned-farms 304 11.504 ms - -[39m
[32m[39m
2025-11-20 15:51:38 [32minfo[39m [32mGET /api/v1/users/vet/assigned-farms 304 18.627 ms - -[39m
[32m[39m
2025-11-20 15:51:38 [32minfo[39m [32mGET /api/v1/users/vet/assigned-farms 304 24.605 ms - -[39m
[32m[39m
2025-11-20 15:51:38 [32minfo[39m [32mGET /api/v1/users/vet/assigned-farms 304 23.957 ms - -[39m
[32m[39m
2025-11-20 15:51:39 [32minfo[39m [32mGET /api/v1/users/vet/assigned-farms 304 17.648 ms - -[39m
[32m[39m
2025-11-20 15:51:39 [32minfo[39m [32mGET /api/v1/users/vet/assigned-farms 304 17.323 ms - -[39m
[32m[39m
2025-11-20 15:51:39 [32minfo[39m [32mGET /api/v1/users/vet/assigned-farms 304 26.112 ms - -[39m
[32m[39m
2025-11-20 15:51:39 [32minfo[39m [32mGET /api/v1/users/vet/assigned-farms 304 27.357 ms - -[39m
[32m[39m
2025-11-20 15:51:39 [32minfo[39m [32mGET /api/v1/users/vet/assigned-farms 304 25.389 ms - -[39m
[32m[39m
2025-11-20 15:51:39 [32minfo[39m [32mGET /api/v1/users/vet/assigned-farms 304 8.168 ms - -[39m
[32m[39m
2025-11-20 15:51:39 [32minfo[39m [32mGET /api/v1/users/vet/assigned-farms 304 8.527 ms - -[39m
[32m[39m
2025-11-20 15:51:40 [32minfo[39m [32mGET /api/v1/users/vet/assigned-farms 304 15.945 ms - -[39m
[32m[39m
2025-11-20 15:51:40 [32minfo[39m [32mGET /api/v1/users/vet/assigned-farms 304 23.661 ms - -[39m
[32m[39m
2025-11-20 15:51:40 [32minfo[39m [32mGET /api/v1/users/vet/assigned-farms 304 23.984 ms - -[39m
[32m[39m
2025-11-20 15:51:40 [32minfo[39m [32mGET /api/v1/users/vet/assigned-farms 304 12.391 ms - -[39m
[32m[39m
2025-11-20 15:51:40 [32minfo[39m [32mGET /api/v1/users/vet/assigned-farms 304 8.355 ms - -[39m
[32m[39m
2025-11-20 15:51:40 [32minfo[39m [32mGET /api/v1/users/vet/assigned-farms 304 20.313 ms - -[39m
[32m[39m
2025-11-20 15:51:40 [32minfo[39m [32mGET /api/v1/users/vet/assigned-farms 304 24.675 ms - -[39m
[32m[39m
2025-11-20 15:51:40 [32minfo[39m [32mGET /api/v1/users/vet/assigned-farms 304 22.755 ms - -[39m
[32m[39m
2025-11-20 15:51:40 [32minfo[39m [32mGET /api/v1/users/vet/assigned-farms 304 8.646 ms - -[39m
[32m[39m
2025-11-20 15:51:41 [32minfo[39m [32mGET /api/v1/users/vet/assigned-farms 304 21.722 ms - -[39m
[32m[39m
2025-11-20 15:51:41 [32minfo[39m [32mGET /api/v1/users/vet/assigned-farms 304 212.358 ms - -[39m
[32m[39m
2025-11-20 15:51:41 [32minfo[39m [32mGET /api/v1/users/vet/assigned-farms 304 259.558 ms - -[39m
[32m[39m
2025-11-20 15:51:41 [32minfo[39m [32mGET /api/v1/users/vet/assigned-farms 304 270.804 ms - -[39m
[32m[39m
2025-11-20 15:51:41 [32minfo[39m [32mGET /api/v1/users/vet/assigned-farms 304 19.402 ms - -[39m
[32m[39m
2025-11-20 15:51:41 [32minfo[39m [32mGET /api/v1/users/vet/assigned-farms 304 24.436 ms - -[39m
[32m[39m
2025-11-20 15:51:42 [32minfo[39m [32mGET /api/v1/users/vet/assigned-farms 304 10.567 ms - -[39m
[32m[39m
2025-11-20 15:51:42 [32minfo[39m [32mGET /api/v1/users/vet/assigned-farms 304 35.903 ms - -[39m
[32m[39m
2025-11-20 15:51:42 [32minfo[39m [32mGET /api/v1/users/vet/assigned-farms 304 34.939 ms - -[39m
[32m[39m
2025-11-20 15:51:42 [32minfo[39m [32mGET /api/v1/users/vet/assigned-farms 304 33.181 ms - -[39m
[32m[39m
2025-11-20 15:51:42 [32minfo[39m [32mGET /api/v1/users/vet/assigned-farms 304 31.544 ms - -[39m
[32m[39m
2025-11-20 15:51:42 [32minfo[39m [32mGET /api/v1/users/vet/assigned-farms 200 7.974 ms - 897[39m
[32m[39m
2025-11-20 15:51:42 [32minfo[39m [32mGET /api/v1/users/vet/assigned-farms 200 10.182 ms - 897[39m
[32m[39m
2025-11-20 15:51:43 [32minfo[39m [32mGET /api/v1/users/vet/assigned-farms 200 27.530 ms - 897[39m
[32m[39m
2025-11-20 15:51:43 [32minfo[39m [32mGET /api/v1/users/vet/assigned-farms 200 40.006 ms - 897[39m
[32m[39m
2025-11-20 15:51:43 [32minfo[39m [32mGET /api/v1/users/vet/assigned-farms 304 34.841 ms - -[39m
[32m[39m
2025-11-20 15:51:43 [32minfo[39m [32mGET /api/v1/users/vet/assigned-farms 304 39.061 ms - -[39m
[32m[39m
2025-11-20 15:51:43 [32minfo[39m [32mGET /api/v1/users/vet/assigned-farms 304 40.124 ms - -[39m
[32m[39m
2025-11-20 15:51:43 [32minfo[39m [32mGET /api/v1/users/vet/assigned-farms 304 12.289 ms - -[39m
[32m[39m
2025-11-20 15:51:43 [32minfo[39m [32mGET /api/v1/users/vet/assigned-farms 304 20.730 ms - -[39m
[32m[39m
2025-11-20 15:51:43 [32minfo[39m [32mGET /api/v1/users/vet/assigned-farms 304 26.977 ms - -[39m
[32m[39m
2025-11-20 15:51:43 [32minfo[39m [32mGET /api/v1/users/vet/assigned-farms 304 24.475 ms - -[39m
[32m[39m
2025-11-20 15:51:43 [32minfo[39m [32mGET /api/v1/users/vet/assigned-farms 304 13.774 ms - -[39m
[32m[39m
2025-11-20 15:51:44 [32minfo[39m [32mGET /api/v1/users/vet/assigned-farms 304 18.969 ms - -[39m
[32m[39m
2025-11-20 15:51:44 [32minfo[39m [32mGET /api/v1/users/vet/assigned-farms 304 40.456 ms - -[39m
[32m[39m
2025-11-20 15:51:44 [32minfo[39m [32mGET /api/v1/users/vet/assigned-farms 304 37.290 ms - -[39m
[32m[39m
2025-11-20 15:51:44 [32minfo[39m [32mGET /api/v1/users/vet/assigned-farms 304 41.335 ms - -[39m
[32m[39m
2025-11-20 15:51:44 [32minfo[39m [32mGET /api/v1/users/vet/assigned-farms 304 9.825 ms - -[39m
[32m[39m
2025-11-20 15:51:44 [32minfo[39m [32mGET /api/v1/users/vet/assigned-farms 304 42.926 ms - -[39m
[32m[39m
2025-11-20 15:51:44 [32minfo[39m [32mGET /api/v1/users/vet/assigned-farms 304 42.883 ms - -[39m
[32m[39m
2025-11-20 15:51:44 [32minfo[39m [32mGET /api/v1/users/vet/assigned-farms 304 41.618 ms - -[39m
[32m[39m
2025-11-20 15:51:44 [32minfo[39m [32mGET /api/v1/users/vet/assigned-farms 304 8.308 ms - -[39m
[32m[39m
2025-11-20 15:51:44 [32minfo[39m [32mGET /api/v1/users/vet/assigned-farms 304 13.121 ms - -[39m
[32m[39m
2025-11-20 15:51:45 [32minfo[39m [32mGET /api/v1/users/vet/assigned-farms 304 26.612 ms - -[39m
[32m[39m
2025-11-20 15:51:45 [32minfo[39m [32mGET /api/v1/users/vet/assigned-farms 304 26.515 ms - -[39m
[32m[39m
2025-11-20 15:51:45 [32minfo[39m [32mGET /api/v1/users/vet/assigned-farms 304 12.589 ms - -[39m
[32m[39m
2025-11-20 15:51:45 [32minfo[39m [32mGET /api/v1/users/vet/assigned-farms 304 7.521 ms - -[39m
[32m[39m
2025-11-20 15:51:45 [32minfo[39m [32mGET /api/v1/users/vet/assigned-farms 304 8.009 ms - -[39m
[32m[39m
2025-11-20 15:51:45 [32minfo[39m [32mGET /api/v1/users/vet/assigned-farms 304 14.465 ms - -[39m
[32m[39m
2025-11-20 15:51:45 [32minfo[39m [32mGET /api/v1/users/vet/assigned-farms 304 21.498 ms - -[39m
[32m[39m
2025-11-20 15:51:45 [32minfo[39m [32mGET /api/v1/users/vet/assigned-farms 304 11.985 ms - -[39m
[32m[39m
2025-11-20 15:51:45 [32minfo[39m [32mGET /api/v1/users/vet/assigned-farms 304 11.997 ms - -[39m
[32m[39m
2025-11-20 15:51:46 [32minfo[39m [32mGET /api/v1/users/vet/assigned-farms 304 23.171 ms - -[39m
[32m[39m
2025-11-20 15:51:46 [32minfo[39m [32mGET /api/v1/users/vet/assigned-farms 304 20.110 ms - -[39m
[32m[39m
2025-11-20 15:51:46 [32minfo[39m [32mGET /api/v1/users/vet/assigned-farms 304 19.291 ms - -[39m
[32m[39m
2025-11-20 15:51:46 [32minfo[39m [32mGET /api/v1/users/vet/assigned-farms 304 15.602 ms - -[39m
[32m[39m
2025-11-20 15:51:46 [32minfo[39m [32mGET /api/v1/users/vet/assigned-farms 304 17.930 ms - -[39m
[32m[39m
2025-11-20 15:51:46 [32minfo[39m [32mGET /api/v1/users/vet/assigned-farms 304 90.366 ms - -[39m
[32m[39m
2025-11-20 15:51:46 [32minfo[39m [32mGET /api/v1/users/vet/assigned-farms 304 20.457 ms - -[39m
[32m[39m
2025-11-20 15:51:46 [32minfo[39m [32mGET /api/v1/users/vet/assigned-farms 304 42.605 ms - -[39m
[32m[39m
2025-11-20 15:51:47 [32minfo[39m [32mGET /api/v1/users/vet/assigned-farms 304 13.555 ms - -[39m
[32m[39m
2025-11-20 15:51:47 [32minfo[39m [32mGET /api/v1/users/vet/assigned-farms 304 10.401 ms - -[39m
[32m[39m
2025-11-20 15:51:47 [32minfo[39m [32mGET /api/v1/users/vet/assigned-farms 304 11.002 ms - -[39m
[32m[39m
2025-11-20 15:51:47 [32minfo[39m [32mGET /api/v1/users/vet/assigned-farms 304 24.160 ms - -[39m
[32m[39m
2025-11-20 15:51:48 [32minfo[39m [32mGET /api/v1/users/vet/assigned-farms 304 15.822 ms - -[39m
[32m[39m
2025-11-20 15:51:48 [32minfo[39m [32mGET /api/v1/users/vet/assigned-farms 304 15.302 ms - -[39m
[32m[39m
2025-11-20 15:51:48 [32minfo[39m [32mGET /api/v1/users/vet/assigned-farms 304 47.522 ms - -[39m
[32m[39m
2025-11-20 15:51:49 [32minfo[39m [32mGET /api/v1/users/vet/assigned-farms 304 16.336 ms - -[39m
[32m[39m
2025-11-20 15:51:49 [32minfo[39m [32mGET /api/v1/users/vet/assigned-farms 304 68.237 ms - -[39m
[32m[39m
2025-11-20 15:51:49 [32minfo[39m [32mGET /api/v1/users/vet/assigned-farms 304 696.405 ms - -[39m
[32m[39m
2025-11-20 15:51:49 [32minfo[39m [32mGET /api/v1/users/vet/assigned-farms 304 708.230 ms - -[39m
[32m[39m
2025-11-20 15:51:50 [32minfo[39m [32mGET /api/v1/users/vet/assigned-farms 304 481.533 ms - -[39m
[32m[39m
2025-11-20 15:51:50 [32minfo[39m [32mGET /api/v1/users/vet/assigned-farms 304 123.393 ms - -[39m
[32m[39m
2025-11-20 15:51:50 [32minfo[39m [32mGET /api/v1/users/vet/assigned-farms 304 145.214 ms - -[39m
[32m[39m
2025-11-20 15:51:50 [32minfo[39m [32mGET /api/v1/users/vet/assigned-farms 304 26.225 ms - -[39m
[32m[39m
2025-11-20 15:51:50 [32minfo[39m [32mGET /api/v1/users/vet/assigned-farms 304 68.621 ms - -[39m
[32m[39m
2025-11-20 15:51:50 [32minfo[39m [32mGET /api/v1/users/vet/assigned-farms 304 64.733 ms - -[39m
[32m[39m
2025-11-20 15:51:50 [32minfo[39m [32mGET /api/v1/users/vet/assigned-farms 304 23.081 ms - -[39m
[32m[39m
2025-11-20 15:51:50 [32minfo[39m [32mGET /api/v1/users/vet/assigned-farms 304 24.525 ms - -[39m
[32m[39m
2025-11-20 15:51:51 [32minfo[39m [32mGET /api/v1/users/vet/assigned-farms 304 170.440 ms - -[39m
[32m[39m
2025-11-20 15:51:51 [32minfo[39m [32mGET /api/v1/users/vet/assigned-farms 304 192.621 ms - -[39m
[32m[39m
2025-11-20 15:51:51 [32minfo[39m [32mGET /api/v1/users/vet/assigned-farms 304 176.420 ms - -[39m
[32m[39m
2025-11-20 15:51:51 [32minfo[39m [32mGET /api/v1/users/vet/assigned-farms 304 209.429 ms - -[39m
[32m[39m
2025-11-20 15:51:51 [32minfo[39m [32mGET /api/v1/users/vet/assigned-farms 304 29.932 ms - -[39m
[32m[39m
2025-11-20 15:51:51 [32minfo[39m [32mGET /api/v1/users/vet/assigned-farms 304 15.457 ms - -[39m
[32m[39m
2025-11-20 15:51:51 [32minfo[39m [32mGET /api/v1/users/vet/assigned-farms 304 22.954 ms - -[39m
[32m[39m
2025-11-20 15:51:52 [32minfo[39m [32mGET /api/v1/users/vet/assigned-farms 304 478.771 ms - -[39m
[32m[39m
2025-11-20 15:51:52 [32minfo[39m [32mGET /api/v1/users/vet/assigned-farms 304 478.368 ms - -[39m
[32m[39m
2025-11-20 15:51:52 [32minfo[39m [32mGET /api/v1/users/vet/assigned-farms 304 273.667 ms - -[39m
[32m[39m
2025-11-20 15:51:52 [32minfo[39m [32mGET /api/v1/users/vet/assigned-farms 304 53.997 ms - -[39m
[32m[39m
2025-11-20 15:51:52 [32minfo[39m [32mGET /api/v1/users/vet/assigned-farms 304 37.925 ms - -[39m
[32m[39m
2025-11-20 15:51:52 [32minfo[39m [32mGET /api/v1/users/vet/assigned-farms 304 12.053 ms - -[39m
[32m[39m
2025-11-20 15:51:53 [32minfo[39m [32mGET /api/v1/users/vet/assigned-farms 304 46.911 ms - -[39m
[32m[39m
2025-11-20 15:51:53 [32minfo[39m [32mGET /api/v1/users/vet/assigned-farms 304 46.910 ms - -[39m
[32m[39m
2025-11-20 15:51:53 [32minfo[39m [32mGET /api/v1/users/vet/assigned-farms 304 63.430 ms - -[39m
[32m[39m
2025-11-20 15:51:53 [32minfo[39m [32mGET /api/v1/users/vet/assigned-farms 304 273.035 ms - -[39m
[32m[39m
2025-11-20 15:51:53 [32minfo[39m [32mGET /api/v1/users/vet/assigned-farms 304 57.048 ms - -[39m
[32m[39m
2025-11-20 15:51:53 [32minfo[39m [32mGET /api/v1/users/vet/assigned-farms 304 57.342 ms - -[39m
[32m[39m
2025-11-20 15:51:53 [32minfo[39m [32mGET /api/v1/users/vet/assigned-farms 304 29.259 ms - -[39m
[32m[39m
2025-11-20 15:51:53 [32minfo[39m [32mGET /api/v1/users/vet/assigned-farms 304 49.608 ms - -[39m
[32m[39m
2025-11-20 15:51:54 [32minfo[39m [32mGET /api/v1/users/vet/assigned-farms 304 24.783 ms - -[39m
[32m[39m
2025-11-20 15:51:54 [32minfo[39m [32mGET /api/v1/users/vet/assigned-farms 304 27.831 ms - -[39m
[32m[39m
2025-11-20 15:51:54 [32minfo[39m [32mGET /api/v1/users/vet/assigned-farms 304 20.372 ms - -[39m
[32m[39m
2025-11-20 15:51:54 [32minfo[39m [32mGET /api/v1/users/vet/assigned-farms 304 15.823 ms - -[39m
[32m[39m
2025-11-20 15:51:54 [32minfo[39m [32mGET /api/v1/users/vet/assigned-farms 304 19.097 ms - -[39m
[32m[39m
2025-11-20 15:51:54 [32minfo[39m [32mGET /api/v1/users/vet/assigned-farms 304 19.465 ms - -[39m
[32m[39m
2025-11-20 15:51:55 [32minfo[39m [32mGET /api/v1/users/vet/assigned-farms 304 13.182 ms - -[39m
[32m[39m
2025-11-20 15:51:55 [32minfo[39m [32mGET /api/v1/users/vet/assigned-farms 304 32.911 ms - -[39m
[32m[39m
2025-11-20 15:51:55 [32minfo[39m [32mGET /api/v1/users/vet/assigned-farms 304 20.459 ms - -[39m
[32m[39m
2025-11-20 15:51:55 [32minfo[39m [32mGET /api/v1/users/vet/assigned-farms 304 31.265 ms - -[39m
[32m[39m
2025-11-20 15:51:55 [32minfo[39m [32mGET /api/v1/users/vet/assigned-farms 304 73.847 ms - -[39m
[32m[39m
2025-11-20 15:51:55 [32minfo[39m [32mGET /api/v1/users/vet/assigned-farms 304 32.856 ms - -[39m
[32m[39m
2025-11-20 15:51:55 [32minfo[39m [32mGET /api/v1/users/vet/assigned-farms 304 24.498 ms - -[39m
[32m[39m
2025-11-20 15:51:56 [32minfo[39m [32mGET /api/v1/users/vet/assigned-farms 304 153.483 ms - -[39m
[32m[39m
2025-11-20 15:51:56 [32minfo[39m [32mGET /api/v1/users/vet/assigned-farms 304 150.167 ms - -[39m
[32m[39m
2025-11-20 15:51:56 [32minfo[39m [32mGET /api/v1/users/vet/assigned-farms 304 110.194 ms - -[39m
[32m[39m
2025-11-20 15:51:56 [32minfo[39m [32mGET /api/v1/users/vet/assigned-farms 304 52.785 ms - -[39m
[32m[39m
2025-11-20 15:51:57 [32minfo[39m [32mGET /api/v1/users/vet/assigned-farms 304 17.971 ms - -[39m
[32m[39m
2025-11-20 15:51:57 [32minfo[39m [32mGET /api/v1/users/vet/assigned-farms 304 12.124 ms - -[39m
[32m[39m
2025-11-20 15:51:57 [32minfo[39m [32mGET /api/v1/users/vet/assigned-farms 304 11.900 ms - -[39m
[32m[39m
2025-11-20 15:51:57 [32minfo[39m [32mGET /api/v1/users/vet/assigned-farms 304 20.485 ms - -[39m
[32m[39m
2025-11-20 15:51:57 [32minfo[39m [32mGET /api/v1/users/vet/assigned-farms 304 11.816 ms - -[39m
[32m[39m
2025-11-20 15:51:57 [32minfo[39m [32mGET /api/v1/users/vet/assigned-farms 304 12.713 ms - -[39m
[32m[39m
2025-11-20 15:51:58 [32minfo[39m [32mGET /api/v1/users/vet/assigned-farms 304 9.209 ms - -[39m
[32m[39m
2025-11-20 15:51:58 [32minfo[39m [32mGET /api/v1/users/vet/assigned-farms 304 11.977 ms - -[39m
[32m[39m
2025-11-20 15:51:58 [32minfo[39m [32mGET /api/v1/users/vet/assigned-farms 304 10.736 ms - -[39m
[32m[39m
2025-11-20 15:51:58 [32minfo[39m [32mGET /api/v1/users/vet/assigned-farms 304 16.027 ms - -[39m
[32m[39m
2025-11-20 15:51:58 [32minfo[39m [32mGET /api/v1/users/vet/assigned-farms 304 37.176 ms - -[39m
[32m[39m
2025-11-20 15:51:58 [32minfo[39m [32mGET /api/v1/users/vet/assigned-farms 304 25.596 ms - -[39m
[32m[39m
2025-11-20 15:51:59 [32minfo[39m [32mGET /api/v1/users/vet/assigned-farms 304 29.504 ms - -[39m
[32m[39m
2025-11-20 15:51:59 [32minfo[39m [32mGET /api/v1/users/vet/assigned-farms 304 32.036 ms - -[39m
[32m[39m
2025-11-20 15:51:59 [32minfo[39m [32mGET /api/v1/users/vet/assigned-farms 304 36.408 ms - -[39m
[32m[39m
2025-11-20 15:51:59 [32minfo[39m [32mGET /api/v1/users/vet/assigned-farms 304 15.260 ms - -[39m
[32m[39m
2025-11-20 15:51:59 [32minfo[39m [32mGET /api/v1/users/vet/assigned-farms 304 24.103 ms - -[39m
[32m[39m
2025-11-20 15:52:00 [32minfo[39m [32mGET /api/v1/users/vet/assigned-farms 304 62.648 ms - -[39m
[32m[39m
2025-11-20 15:52:00 [32minfo[39m [32mGET /api/v1/users/vet/assigned-farms 304 31.245 ms - -[39m
[32m[39m
2025-11-20 15:52:00 [32minfo[39m [32mGET /api/v1/users/vet/assigned-farms 304 25.543 ms - -[39m
[32m[39m
2025-11-20 15:52:00 [32minfo[39m [32mGET /api/v1/users/vet/assigned-farms 304 16.576 ms - -[39m
[32m[39m
2025-11-20 15:52:00 [32minfo[39m [32mGET /api/v1/users/vet/assigned-farms 304 13.637 ms - -[39m
[32m[39m
2025-11-20 15:52:00 [32minfo[39m [32mGET /api/v1/users/vet/assigned-farms 304 24.245 ms - -[39m
[32m[39m
2025-11-20 15:52:01 [32minfo[39m [32mGET /api/v1/users/vet/assigned-farms 304 15.996 ms - -[39m
[32m[39m
2025-11-20 15:52:01 [32minfo[39m [32mGET /api/v1/users/vet/assigned-farms 304 11.894 ms - -[39m
[32m[39m
2025-11-20 15:52:01 [32minfo[39m [32mGET /api/v1/users/vet/assigned-farms 304 9.575 ms - -[39m
[32m[39m
2025-11-20 15:52:01 [32minfo[39m [32mGET /api/v1/users/vet/assigned-farms 304 13.678 ms - -[39m
[32m[39m
2025-11-20 15:52:01 [32minfo[39m [32mGET /api/v1/users/vet/assigned-farms 304 21.281 ms - -[39m
[32m[39m
2025-11-20 15:52:02 [32minfo[39m [32mGET /api/v1/users/vet/assigned-farms 304 11.853 ms - -[39m
[32m[39m
2025-11-20 15:52:02 [32minfo[39m [32mGET /api/v1/users/vet/assigned-farms 304 23.444 ms - -[39m
[32m[39m
2025-11-20 15:52:02 [32minfo[39m [32mGET /api/v1/users/vet/assigned-farms 304 10.665 ms - -[39m
[32m[39m
2025-11-20 15:52:02 [32minfo[39m [32mGET /api/v1/users/vet/assigned-farms 304 9.043 ms - -[39m
[32m[39m
2025-11-20 15:52:02 [32minfo[39m [32mGET /api/v1/users/vet/assigned-farms 304 9.938 ms - -[39m
[32m[39m
2025-11-20 15:52:02 [32minfo[39m [32mGET /api/v1/users/vet/assigned-farms 304 9.660 ms - -[39m
[32m[39m
2025-11-20 15:52:03 [32minfo[39m [32mGET /api/v1/users/vet/assigned-farms 304 22.678 ms - -[39m
[32m[39m
2025-11-20 15:52:03 [32minfo[39m [32mGET /api/v1/users/vet/assigned-farms 304 20.568 ms - -[39m
[32m[39m
2025-11-20 15:52:03 [32minfo[39m [32mGET /api/v1/users/vet/assigned-farms 304 25.499 ms - -[39m
[32m[39m
2025-11-20 15:52:03 [32minfo[39m [32mGET /api/v1/users/vet/assigned-farms 304 10.737 ms - -[39m
[32m[39m
2025-11-20 15:52:03 [32minfo[39m [32mGET /api/v1/users/vet/assigned-farms 304 9.947 ms - -[39m
[32m[39m
2025-11-20 15:52:03 [32minfo[39m [32mGET /api/v1/users/vet/assigned-farms 304 8.966 ms - -[39m
[32m[39m
2025-11-20 15:52:03 [32minfo[39m [32mGET /api/v1/users/vet/assigned-farms 304 59.892 ms - -[39m
[32m[39m
2025-11-20 15:52:03 [32minfo[39m [32mGET /api/v1/users/vet/assigned-farms 304 11.327 ms - -[39m
[32m[39m
2025-11-20 15:52:04 [32minfo[39m [32mGET /api/v1/users/vet/assigned-farms 304 9.371 ms - -[39m
[32m[39m
2025-11-20 15:52:04 [32minfo[39m [32mGET /api/v1/users/vet/assigned-farms 304 13.497 ms - -[39m
[32m[39m
2025-11-20 15:52:04 [32minfo[39m [32mGET /api/v1/users/vet/assigned-farms 304 9.154 ms - -[39m
[32m[39m
2025-11-20 15:52:04 [32minfo[39m [32mGET /api/v1/users/vet/assigned-farms 304 18.596 ms - -[39m
[32m[39m
2025-11-20 15:52:04 [32minfo[39m [32mGET /api/v1/users/vet/assigned-farms 304 11.102 ms - -[39m
[32m[39m
2025-11-20 15:52:04 [32minfo[39m [32mGET /api/v1/users/vet/assigned-farms 304 10.101 ms - -[39m
[32m[39m
2025-11-20 15:52:05 [32minfo[39m [32mGET /api/v1/users/vet/assigned-farms 304 19.953 ms - -[39m
[32m[39m
2025-11-20 15:52:05 [32minfo[39m [32mGET /api/v1/users/vet/assigned-farms 304 33.653 ms - -[39m
[32m[39m
2025-11-20 15:52:05 [32minfo[39m [32mGET /api/v1/users/vet/assigned-farms 304 28.914 ms - -[39m
[32m[39m
2025-11-20 15:52:05 [32minfo[39m [32mGET /api/v1/users/vet/assigned-farms 304 14.112 ms - -[39m
[32m[39m
2025-11-20 15:52:05 [32minfo[39m [32mGET /api/v1/users/vet/assigned-farms 304 16.693 ms - -[39m
[32m[39m
2025-11-20 15:52:06 [32minfo[39m [32mGET /api/v1/users/vet/assigned-farms 304 55.517 ms - -[39m
[32m[39m
2025-11-20 15:52:06 [32minfo[39m [32mGET /api/v1/users/vet/assigned-farms 304 13.242 ms - -[39m
[32m[39m
2025-11-20 15:52:06 [32minfo[39m [32mGET /api/v1/users/vet/assigned-farms 304 14.433 ms - -[39m
[32m[39m
2025-11-20 15:52:06 [32minfo[39m [32mGET /api/v1/users/vet/assigned-farms 304 15.531 ms - -[39m
[32m[39m
2025-11-20 15:52:06 [32minfo[39m [32mGET /api/v1/users/vet/assigned-farms 304 25.700 ms - -[39m
[32m[39m
2025-11-20 15:52:07 [32minfo[39m [32mGET /api/v1/users/vet/assigned-farms 304 66.851 ms - -[39m
[32m[39m
2025-11-20 15:52:07 [32minfo[39m [32mGET /api/v1/users/vet/assigned-farms 304 71.212 ms - -[39m
[32m[39m
2025-11-20 15:52:07 [32minfo[39m [32mGET /api/v1/users/vet/assigned-farms 304 70.275 ms - -[39m
[32m[39m
2025-11-20 15:52:07 [32minfo[39m [32mGET /api/v1/users/vet/assigned-farms 304 16.290 ms - -[39m
[32m[39m
2025-11-20 15:52:07 [32minfo[39m [32mGET /api/v1/users/vet/assigned-farms 304 16.627 ms - -[39m
[32m[39m
2025-11-20 15:52:07 [32minfo[39m [32mGET /api/v1/users/vet/assigned-farms 304 14.766 ms - -[39m
[32m[39m
2025-11-20 15:52:08 [32minfo[39m [32mGET /api/v1/users/vet/assigned-farms 304 43.058 ms - -[39m
[32m[39m
2025-11-20 15:52:08 [32minfo[39m [32mGET /api/v1/users/vet/assigned-farms 304 13.390 ms - -[39m
[32m[39m
2025-11-20 15:52:08 [32minfo[39m [32mGET /api/v1/users/vet/assigned-farms 304 122.044 ms - -[39m
[32m[39m
2025-11-20 15:52:08 [32minfo[39m [32mGET /api/v1/users/vet/assigned-farms 304 198.845 ms - -[39m
[32m[39m
2025-11-20 15:52:08 [32minfo[39m [32mGET /api/v1/users/vet/assigned-farms 304 181.489 ms - -[39m
[32m[39m
2025-11-20 15:52:09 [32minfo[39m [32mGET /api/v1/users/vet/assigned-farms 304 197.818 ms - -[39m
[32m[39m
2025-11-20 15:52:09 [32minfo[39m [32mGET /api/v1/users/vet/assigned-farms 304 323.294 ms - -[39m
[32m[39m
2025-11-20 15:52:09 [32minfo[39m [32mGET /api/v1/users/vet/assigned-farms 304 547.854 ms - -[39m
[32m[39m
2025-11-20 15:52:10 [32minfo[39m [32mGET /api/v1/users/vet/assigned-farms 304 528.797 ms - -[39m
[32m[39m
2025-11-20 15:52:10 [32minfo[39m [32mGET /api/v1/users/vet/assigned-farms 304 574.419 ms - -[39m
[32m[39m
2025-11-20 15:52:10 [32minfo[39m [32mGET /api/v1/users/vet/assigned-farms 304 470.001 ms - -[39m
[32m[39m
2025-11-20 15:52:10 [32minfo[39m [32mGET /api/v1/users/vet/assigned-farms 304 457.980 ms - -[39m
[32m[39m
2025-11-20 15:52:10 [32minfo[39m [32mGET /api/v1/users/vet/assigned-farms 304 388.710 ms - -[39m
[32m[39m
2025-11-20 15:52:11 [32minfo[39m [32mGET /api/v1/users/vet/assigned-farms 304 290.088 ms - -[39m
[32m[39m
2025-11-20 15:52:11 [32minfo[39m [32mGET /api/v1/users/vet/assigned-farms 304 355.000 ms - -[39m
[32m[39m
2025-11-20 15:52:11 [32minfo[39m [32mGET /api/v1/users/vet/assigned-farms 304 273.279 ms - -[39m
[32m[39m
2025-11-20 15:52:11 [32minfo[39m [32mGET /api/v1/users/vet/assigned-farms 304 234.346 ms - -[39m
[32m[39m
2025-11-20 15:52:11 [32minfo[39m [32mGET /api/v1/users/vet/assigned-farms 304 278.664 ms - -[39m
[32m[39m
2025-11-20 15:52:11 [32minfo[39m [32mGET /api/v1/users/vet/assigned-farms 304 119.962 ms - -[39m
[32m[39m
2025-11-20 15:52:11 [32minfo[39m [32mGET /api/v1/users/vet/assigned-farms 304 43.566 ms - -[39m
[32m[39m
2025-11-20 15:52:11 [32minfo[39m [32mGET /api/v1/users/vet/assigned-farms 304 11.274 ms - -[39m
[32m[39m
2025-11-20 15:52:12 [32minfo[39m [32mGET /api/v1/users/vet/assigned-farms 304 12.216 ms - -[39m
[32m[39m
2025-11-20 15:52:12 [32minfo[39m [32mGET /api/v1/users/vet/assigned-farms 304 13.702 ms - -[39m
[32m[39m
2025-11-20 15:52:12 [32minfo[39m [32mGET /api/v1/users/vet/assigned-farms 304 19.525 ms - -[39m
[32m[39m
2025-11-20 15:52:12 [32minfo[39m [32mGET /api/v1/users/vet/assigned-farms 304 12.626 ms - -[39m
[32m[39m
2025-11-20 15:52:12 [32minfo[39m [32mGET /api/v1/users/vet/assigned-farms 304 15.125 ms - -[39m
[32m[39m
2025-11-20 15:52:12 [32minfo[39m [32mGET /api/v1/users/vet/assigned-farms 304 24.614 ms - -[39m
[32m[39m
2025-11-20 15:52:12 [32minfo[39m [32mGET /api/v1/users/vet/assigned-farms 200 15.753 ms - 897[39m
[32m[39m
2025-11-20 15:52:12 [32minfo[39m [32mGET /api/v1/users/vet/assigned-farms 200 15.959 ms - 897[39m
[32m[39m
2025-11-20 15:52:12 [32minfo[39m [32mGET /api/v1/users/vet/assigned-farms 200 12.633 ms - 897[39m
[32m[39m
2025-11-20 15:52:13 [32minfo[39m [32mGET /api/v1/users/vet/assigned-farms 200 34.786 ms - 897[39m
[32m[39m
2025-11-20 15:52:13 [32minfo[39m [32mGET /api/v1/users/vet/assigned-farms 200 41.221 ms - 897[39m
[32m[39m
2025-11-20 15:52:13 [32minfo[39m [32mGET /api/v1/users/vet/assigned-farms 304 37.184 ms - -[39m
[32m[39m
2025-11-20 15:52:13 [32minfo[39m [32mGET /api/v1/users/vet/assigned-farms 304 36.032 ms - -[39m
[32m[39m
2025-11-20 15:52:13 [32minfo[39m [32mGET /api/v1/users/vet/assigned-farms 304 10.612 ms - -[39m
[32m[39m
2025-11-20 15:52:13 [32minfo[39m [32mGET /api/v1/users/vet/assigned-farms 304 9.533 ms - -[39m
[32m[39m
2025-11-20 15:52:13 [32minfo[39m [32mGET /api/v1/users/vet/assigned-farms 304 8.873 ms - -[39m
[32m[39m
2025-11-20 15:52:13 [32minfo[39m [32mGET /api/v1/users/vet/assigned-farms 304 12.945 ms - -[39m
[32m[39m
2025-11-20 15:52:14 [32minfo[39m [32mGET /api/v1/users/vet/assigned-farms 304 15.345 ms - -[39m
[32m[39m
2025-11-20 15:52:14 [32minfo[39m [32mGET /api/v1/users/vet/assigned-farms 304 22.689 ms - -[39m
[32m[39m
2025-11-20 15:52:14 [32minfo[39m [32mGET /api/v1/users/vet/assigned-farms 304 36.130 ms - -[39m
[32m[39m
2025-11-20 15:52:14 [32minfo[39m [32mGET /api/v1/notifications 304 46.626 ms - -[39m
[32m[39m
2025-11-20 15:52:14 [32minfo[39m [32mGET /api/v1/users/vet/assigned-farms 304 195.437 ms - -[39m
[32m[39m
2025-11-20 15:52:14 [32minfo[39m [32mGET /api/v1/users/vet/assigned-farms 304 15.088 ms - -[39m
[32m[39m
2025-11-20 15:52:15 [32minfo[39m [32mGET /api/v1/users/vet/assigned-farms 304 20.350 ms - -[39m
[32m[39m
2025-11-20 15:52:15 [32minfo[39m [32mGET /api/v1/users/vet/assigned-farms 304 19.627 ms - -[39m
[32m[39m
2025-11-20 15:52:15 [32minfo[39m [32mGET /api/v1/users/vet/assigned-farms 304 13.694 ms - -[39m
[32m[39m
2025-11-20 15:52:15 [32minfo[39m [32mGET /api/v1/users/vet/assigned-farms 304 57.805 ms - -[39m
[32m[39m
2025-11-20 15:52:15 [32minfo[39m [32mGET /api/v1/users/vet/assigned-farms 304 56.188 ms - -[39m
[32m[39m
2025-11-20 15:52:15 [32minfo[39m [32mGET /api/v1/users/vet/assigned-farms 304 15.869 ms - -[39m
[32m[39m
2025-11-20 15:52:15 [32minfo[39m [32mGET /api/v1/users/vet/assigned-farms 304 16.342 ms - -[39m
[32m[39m
2025-11-20 15:52:15 [32minfo[39m [32mGET /api/v1/users/vet/assigned-farms 304 18.479 ms - -[39m
[32m[39m
2025-11-20 15:52:15 [32minfo[39m [32mGET /api/v1/users/vet/assigned-farms 304 9.463 ms - -[39m
[32m[39m
2025-11-20 15:52:15 [32minfo[39m [32mGET /api/v1/users/vet/assigned-farms 304 9.472 ms - -[39m
[32m[39m
2025-11-20 15:52:16 [32minfo[39m [32mGET /api/v1/users/vet/assigned-farms 304 9.712 ms - -[39m
[32m[39m
2025-11-20 15:52:16 [32minfo[39m [32mGET /api/v1/users/vet/assigned-farms 304 9.854 ms - -[39m
[32m[39m
2025-11-20 15:52:16 [32minfo[39m [32mGET /api/v1/users/vet/assigned-farms 304 10.710 ms - -[39m
[32m[39m
2025-11-20 15:52:16 [32minfo[39m [32mGET /api/v1/users/vet/assigned-farms 304 17.593 ms - -[39m
[32m[39m
2025-11-20 15:52:16 [32minfo[39m [32mGET /api/v1/users/vet/assigned-farms 304 18.787 ms - -[39m
[32m[39m
2025-11-20 15:52:16 [32minfo[39m [32mGET /api/v1/users/vet/assigned-farms 304 9.475 ms - -[39m
[32m[39m
2025-11-20 15:52:16 [32minfo[39m [32mGET /api/v1/users/vet/assigned-farms 304 14.080 ms - -[39m
[32m[39m
2025-11-20 15:52:17 [32minfo[39m [32mGET /api/v1/users/vet/assigned-farms 304 22.828 ms - -[39m
[32m[39m
2025-11-20 15:52:17 [32minfo[39m [32mGET /api/v1/users/vet/assigned-farms 304 22.127 ms - -[39m
[32m[39m
2025-11-20 15:52:17 [32minfo[39m [32mGET /api/v1/users/vet/assigned-farms 304 16.522 ms - -[39m
[32m[39m
2025-11-20 15:52:17 [32minfo[39m [32mGET /api/v1/users/vet/assigned-farms 304 15.514 ms - -[39m
[32m[39m
2025-11-20 15:52:17 [32minfo[39m [32mGET /api/v1/users/vet/assigned-farms 304 73.686 ms - -[39m
[32m[39m
2025-11-20 15:52:17 [32minfo[39m [32mGET /api/v1/users/vet/assigned-farms 304 84.920 ms - -[39m
[32m[39m
2025-11-20 15:52:17 [32minfo[39m [32mGET /api/v1/users/vet/assigned-farms 304 87.807 ms - -[39m
[32m[39m
2025-11-20 15:52:17 [32minfo[39m [32mGET /api/v1/users/vet/assigned-farms 304 12.995 ms - -[39m
[32m[39m
2025-11-20 15:52:17 [32minfo[39m [32mGET /api/v1/users/vet/assigned-farms 304 21.641 ms - -[39m
[32m[39m
2025-11-20 15:52:17 [32minfo[39m [32mGET /api/v1/users/vet/assigned-farms 304 19.286 ms - -[39m
[32m[39m
2025-11-20 15:52:17 [32minfo[39m [32mGET /api/v1/users/vet/assigned-farms 304 19.355 ms - -[39m
[32m[39m
2025-11-20 15:52:18 [32minfo[39m [32mGET /api/v1/users/vet/assigned-farms 304 29.929 ms - -[39m
[32m[39m
2025-11-20 15:52:18 [32minfo[39m [32mGET /api/v1/users/vet/assigned-farms 304 29.329 ms - -[39m
[32m[39m
2025-11-20 15:52:18 [32minfo[39m [32mGET /api/v1/users/vet/assigned-farms 304 12.235 ms - -[39m
[32m[39m
2025-11-20 15:52:18 [32minfo[39m [32mGET /api/v1/users/vet/assigned-farms 304 39.034 ms - -[39m
[32m[39m
2025-11-20 15:52:18 [32minfo[39m [32mGET /api/v1/users/vet/assigned-farms 304 39.325 ms - -[39m
[32m[39m
2025-11-20 15:52:18 [32minfo[39m [32mGET /api/v1/users/vet/assigned-farms 304 21.730 ms - -[39m
[32m[39m
2025-11-20 15:52:18 [32minfo[39m [32mGET /api/v1/users/vet/assigned-farms 304 10.169 ms - -[39m
[32m[39m
2025-11-20 15:52:18 [32minfo[39m [32mGET /api/v1/users/vet/assigned-farms 304 23.375 ms - -[39m
[32m[39m
2025-11-20 15:52:19 [32minfo[39m [32mGET /api/v1/users/vet/assigned-farms 304 23.810 ms - -[39m
[32m[39m
2025-11-20 15:52:19 [32minfo[39m [32mGET /api/v1/users/vet/assigned-farms 304 14.818 ms - -[39m
[32m[39m
2025-11-20 15:52:19 [32minfo[39m [32mGET /api/v1/users/vet/assigned-farms 304 13.082 ms - -[39m
[32m[39m
2025-11-20 15:52:19 [32minfo[39m [32mGET /api/v1/users/vet/assigned-farms 304 8.953 ms - -[39m
[32m[39m
2025-11-20 15:52:19 [32minfo[39m [32mGET /api/v1/users/vet/assigned-farms 304 14.802 ms - -[39m
[32m[39m
2025-11-20 15:52:19 [32minfo[39m [32mGET /api/v1/users/vet/assigned-farms 304 11.741 ms - -[39m
[32m[39m
2025-11-20 15:52:19 [32minfo[39m [32mGET /api/v1/users/vet/assigned-farms 304 15.743 ms - -[39m
[32m[39m
2025-11-20 15:52:19 [32minfo[39m [32mGET /api/v1/users/vet/assigned-farms 304 19.235 ms - -[39m
[32m[39m
2025-11-20 15:52:19 [32minfo[39m [32mGET /api/v1/users/vet/assigned-farms 304 8.381 ms - -[39m
[32m[39m
2025-11-20 15:52:20 [32minfo[39m [32mGET /api/v1/users/vet/assigned-farms 304 16.948 ms - -[39m
[32m[39m
2025-11-20 15:52:20 [32minfo[39m [32mGET /api/v1/users/vet/assigned-farms 304 22.370 ms - -[39m
[32m[39m
2025-11-20 15:52:20 [32minfo[39m [32mGET /api/v1/users/vet/assigned-farms 304 23.408 ms - -[39m
[32m[39m
2025-11-20 15:52:20 [32minfo[39m [32mGET /api/v1/users/vet/assigned-farms 304 12.460 ms - -[39m
[32m[39m
2025-11-20 15:52:20 [32minfo[39m [32mGET /api/v1/users/vet/assigned-farms 304 8.111 ms - -[39m
[32m[39m
2025-11-20 15:52:20 [32minfo[39m [32mGET /api/v1/users/vet/assigned-farms 304 69.950 ms - -[39m
[32m[39m
2025-11-20 15:52:20 [32minfo[39m [32mGET /api/v1/users/vet/assigned-farms 304 71.401 ms - -[39m
[32m[39m
2025-11-20 15:52:20 [32minfo[39m [32mGET /api/v1/users/vet/assigned-farms 304 71.019 ms - -[39m
[32m[39m
2025-11-20 15:52:20 [32minfo[39m [32mGET /api/v1/users/vet/assigned-farms 304 8.880 ms - -[39m
[32m[39m
2025-11-20 15:52:20 [32minfo[39m [32mGET /api/v1/users/vet/assigned-farms 304 13.313 ms - -[39m
[32m[39m
2025-11-20 15:52:21 [32minfo[39m [32mGET /api/v1/users/vet/assigned-farms 304 16.133 ms - -[39m
[32m[39m
2025-11-20 15:52:21 [32minfo[39m [32mGET /api/v1/users/vet/assigned-farms 304 21.783 ms - -[39m
[32m[39m
2025-11-20 15:52:21 [32minfo[39m [32mGET /api/v1/users/vet/assigned-farms 304 21.384 ms - -[39m
[32m[39m
2025-11-20 15:52:21 [32minfo[39m [32mGET /api/v1/users/vet/assigned-farms 304 20.805 ms - -[39m
[32m[39m
2025-11-20 15:52:21 [32minfo[39m [32mGET /api/v1/users/vet/assigned-farms 304 19.937 ms - -[39m
[32m[39m
2025-11-20 15:52:21 [32minfo[39m [32mGET /api/v1/users/vet/assigned-farms 304 12.489 ms - -[39m
[32m[39m
2025-11-20 15:52:21 [32minfo[39m [32mGET /api/v1/users/vet/assigned-farms 304 17.688 ms - -[39m
[32m[39m
2025-11-20 15:52:21 [32minfo[39m [32mGET /api/v1/users/vet/assigned-farms 304 16.080 ms - -[39m
[32m[39m
2025-11-20 15:52:21 [32minfo[39m [32mGET /api/v1/users/vet/assigned-farms 304 27.181 ms - -[39m
[32m[39m
2025-11-20 15:52:21 [32minfo[39m [32mGET /api/v1/users/vet/assigned-farms 304 25.927 ms - -[39m
[32m[39m
2025-11-20 15:52:22 [32minfo[39m [32mGET /api/v1/users/vet/assigned-farms 304 11.506 ms - -[39m
[32m[39m
2025-11-20 15:52:22 [32minfo[39m [32mGET /api/v1/users/vet/assigned-farms 304 16.943 ms - -[39m
[32m[39m
2025-11-20 15:52:22 [32minfo[39m [32mGET /api/v1/users/vet/assigned-farms 304 14.650 ms - -[39m
[32m[39m
2025-11-20 15:52:22 [32minfo[39m [32mGET /api/v1/users/vet/assigned-farms 304 16.233 ms - -[39m
[32m[39m
2025-11-20 15:52:22 [32minfo[39m [32mGET /api/v1/users/vet/assigned-farms 304 27.804 ms - -[39m
[32m[39m
2025-11-20 15:52:22 [32minfo[39m [32mGET /api/v1/users/vet/assigned-farms 304 17.287 ms - -[39m
[32m[39m
2025-11-20 15:52:22 [32minfo[39m [32mGET /api/v1/users/vet/assigned-farms 304 16.838 ms - -[39m
[32m[39m
2025-11-20 15:52:22 [32minfo[39m [32mGET /api/v1/users/vet/assigned-farms 304 15.959 ms - -[39m
[32m[39m
2025-11-20 15:52:22 [32minfo[39m [32mGET /api/v1/users/vet/assigned-farms 304 22.074 ms - -[39m
[32m[39m
2025-11-20 15:52:22 [32minfo[39m [32mGET /api/v1/users/vet/assigned-farms 304 20.804 ms - -[39m
[32m[39m
2025-11-20 15:52:23 [32minfo[39m [32mGET /api/v1/users/vet/assigned-farms 304 9.878 ms - -[39m
[32m[39m
2025-11-20 15:52:23 [32minfo[39m [32mGET /api/v1/users/vet/assigned-farms 304 21.248 ms - -[39m
[32m[39m
2025-11-20 15:52:23 [32minfo[39m [32mGET /api/v1/users/vet/assigned-farms 304 19.819 ms - -[39m
[32m[39m
2025-11-20 15:52:23 [32minfo[39m [32mGET /api/v1/users/vet/assigned-farms 304 10.584 ms - -[39m
[32m[39m
2025-11-20 15:52:23 [32minfo[39m [32mGET /api/v1/users/vet/assigned-farms 304 11.591 ms - -[39m
[32m[39m
2025-11-20 15:52:23 [32minfo[39m [32mGET /api/v1/users/vet/assigned-farms 304 9.106 ms - -[39m
[32m[39m
2025-11-20 15:52:23 [32minfo[39m [32mGET /api/v1/users/vet/assigned-farms 304 20.726 ms - -[39m
[32m[39m
2025-11-20 15:52:23 [32minfo[39m [32mGET /api/v1/users/vet/assigned-farms 304 24.814 ms - -[39m
[32m[39m
2025-11-20 15:52:23 [32minfo[39m [32mGET /api/v1/users/vet/assigned-farms 304 20.980 ms - -[39m
[32m[39m
2025-11-20 15:52:23 [32minfo[39m [32mGET /api/v1/users/vet/assigned-farms 304 19.588 ms - -[39m
[32m[39m
2025-11-20 15:52:24 [32minfo[39m [32mGET /api/v1/users/vet/assigned-farms 304 9.970 ms - -[39m
[32m[39m
2025-11-20 15:52:24 [32minfo[39m [32mGET /api/v1/users/vet/assigned-farms 304 8.996 ms - -[39m
[32m[39m
2025-11-20 15:52:24 [32minfo[39m [32mGET /api/v1/users/vet/assigned-farms 304 24.022 ms - -[39m
[32m[39m
2025-11-20 15:52:24 [32minfo[39m [32mGET /api/v1/users/vet/assigned-farms 304 24.915 ms - -[39m
[32m[39m
2025-11-20 15:52:24 [32minfo[39m [32mGET /api/v1/users/vet/assigned-farms 304 24.808 ms - -[39m
[32m[39m
2025-11-20 15:52:24 [32minfo[39m [32mGET /api/v1/users/vet/assigned-farms 304 9.171 ms - -[39m
[32m[39m
2025-11-20 15:52:24 [32minfo[39m [32mGET /api/v1/users/vet/assigned-farms 304 8.821 ms - -[39m
[32m[39m
2025-11-20 15:52:24 [32minfo[39m [32mGET /api/v1/users/vet/assigned-farms 304 11.046 ms - -[39m
[32m[39m
2025-11-20 15:52:32 [32minfo[39m [32mGET /api/v1/tasks/my-tasks 304 28.266 ms - -[39m
[32m[39m
2025-11-20 15:53:46 [31merror[39m [31mInvalid credentials Invalid credentials[39m
2025-11-20 15:53:46 [32minfo[39m [32mPOST /api/v1/auth/vet-login 400 159.546 ms - 47[39m
[32m[39m
2025-11-20 15:54:21 [32minfo[39m [32mPOST /api/v1/auth/vet-login 200 306.209 ms - 617[39m
[32m[39m
2025-11-20 15:54:24 [32minfo[39m [32mGET /api/v1/notifications 304 9.632 ms - -[39m
[32m[39m
2025-11-20 15:54:24 [32minfo[39m [32mGET /api/v1/tasks/my-tasks 304 13.106 ms - -[39m
[32m[39m
2025-11-20 15:54:27 [32minfo[39m [32mGET /api/v1/users/vet/assigned-farms 304 10.843 ms - -[39m
[32m[39m
2025-11-20 15:54:34 [32minfo[39m [32mGET /api/v1/users/vet/assigned-farms 304 8.264 ms - -[39m
[32m[39m
2025-11-20 15:54:53 [32minfo[39m [32mGET /api/v1/notifications 304 9.555 ms - -[39m
[32m[39m
2025-11-20 15:55:24 [32minfo[39m [32mGET /api/v1/notifications 200 23.490 ms - 164[39m
[32m[39m
2025-11-20 15:55:54 [32minfo[39m [32mGET /api/v1/notifications 200 99.213 ms - 164[39m
[32m[39m
2025-11-20 15:56:23 [32minfo[39m [32mGET /api/v1/notifications 200 18.619 ms - 164[39m
[32m[39m
2025-11-20 15:56:53 [32minfo[39m [32mGET /api/v1/notifications 200 12.594 ms - 164[39m
[32m[39m
2025-11-20 15:58:23 [32minfo[39m [32mPOST /api/v1/auth/vet-login 200 136.007 ms - 617[39m
[32m[39m
2025-11-20 15:58:25 [32minfo[39m [32mGET /api/v1/tasks/my-tasks 304 99.499 ms - -[39m
[32m[39m
2025-11-20 15:58:25 [32minfo[39m [32mGET /api/v1/notifications 200 12.950 ms - 164[39m
[32m[39m
2025-11-20 15:58:27 [32minfo[39m [32mGET /api/v1/users/vet/assigned-farms 304 11.315 ms - -[39m
[32m[39m
2025-11-20 15:58:54 [32minfo[39m [32mGET /api/v1/notifications 304 9.341 ms - -[39m
[32m[39m
2025-11-20 15:59:25 [32minfo[39m [32mGET /api/v1/notifications 200 184.969 ms - 164[39m
[32m[39m
2025-11-20 15:59:54 [32minfo[39m [32mGET /api/v1/notifications 200 12.117 ms - 164[39m
[32m[39m
2025-11-20 16:00:25 [32minfo[39m [32mGET /api/v1/notifications 200 9.726 ms - 164[39m
[32m[39m
2025-11-20 16:00:35 [32minfo[39m [32mGET /api/v1/users/vet/assigned-farms 304 10.886 ms - -[39m
[32m[39m
2025-11-20 16:00:36 [32minfo[39m [32mGET /api/v1/tasks/my-tasks 304 9.213 ms - -[39m
[32m[39m
2025-11-20 16:00:38 [32minfo[39m [32mGET /api/v1/tasks/my-tasks 304 10.766 ms - -[39m
[32m[39m
2025-11-20 16:00:42 [32minfo[39m [32mGET /api/v1/livestock/cmi6yersj003st1xofdghsfk4/activity-timeline 200 159.431 ms - 1599[39m
[32m[39m
2025-11-20 16:00:54 [32minfo[39m [32mGET /api/v1/notifications 200 9.315 ms - 164[39m
[32m[39m
2025-11-20 16:00:55 [32minfo[39m [32mGET /api/v1/users/vet/assigned-farms 304 13.901 ms - -[39m
[32m[39m
2025-11-20 16:01:07 [32minfo[39m [32mGET /api/v1/users/vet/assigned-farms 304 8.472 ms - -[39m
[32m[39m
2025-11-20 16:01:25 [32minfo[39m [32mGET /api/v1/notifications 200 8.014 ms - 164[39m
[32m[39m
2025-11-20 16:01:54 [32minfo[39m [32mGET /api/v1/notifications 200 9.050 ms - 164[39m
[32m[39m
2025-11-20 16:02:30 [32minfo[39m [32mGET /api/v1/notifications 200 8.192 ms - 164[39m
[32m[39m
2025-11-20 16:02:59 [32minfo[39m [32mGET /api/v1/notifications 200 10.573 ms - 164[39m
[32m[39m
2025-11-20 16:03:29 [32minfo[39m [32mGET /api/v1/notifications 304 109.382 ms - -[39m
[32m[39m
2025-11-20 16:03:59 [32minfo[39m [32mGET /api/v1/notifications 200 43.468 ms - 164[39m
[32m[39m
2025-11-20 16:04:30 [32minfo[39m [32mGET /api/v1/notifications 200 10.189 ms - 164[39m
[32m[39m
2025-11-20 16:05:00 [32minfo[39m [32mGET /api/v1/notifications 200 102.917 ms - 164[39m
[32m[39m
2025-11-20 16:05:29 [32minfo[39m [32mGET /api/v1/notifications 200 12.535 ms - 164[39m
[32m[39m
2025-11-20 16:06:00 [32minfo[39m [32mGET /api/v1/notifications 200 102.427 ms - 164[39m
[32m[39m
2025-11-20 16:06:30 [32minfo[39m [32mGET /api/v1/notifications 200 18.201 ms - 164[39m
[32m[39m
2025-11-20 16:07:00 [32minfo[39m [32mGET /api/v1/notifications 200 15.239 ms - 164[39m
[32m[39m
2025-11-20 16:07:30 [32minfo[39m [32mGET /api/v1/notifications 200 19.996 ms - 164[39m
[32m[39m
2025-11-20 16:08:00 [32minfo[39m [32mGET /api/v1/notifications 200 28.299 ms - 164[39m
[32m[39m
2025-11-20 16:08:29 [32minfo[39m [32mGET /api/v1/notifications 200 18.092 ms - 164[39m
[32m[39m
2025-11-20 16:09:00 [32minfo[39m [32mGET /api/v1/notifications 200 201.266 ms - 164[39m
[32m[39m
2025-11-20 16:09:30 [32minfo[39m [32mGET /api/v1/notifications 200 45.190 ms - 164[39m
[32m[39m
2025-11-20 16:10:00 [32minfo[39m [32mGET /api/v1/notifications 200 32.810 ms - 164[39m
[32m[39m
2025-11-20 16:10:30 [32minfo[39m [32mGET /api/v1/notifications 200 30.222 ms - 164[39m
[32m[39m
2025-11-20 16:11:00 [32minfo[39m [32mGET /api/v1/notifications 200 165.687 ms - 164[39m
[32m[39m
2025-11-20 16:11:30 [32minfo[39m [32mGET /api/v1/notifications 200 123.074 ms - 164[39m
[32m[39m
2025-11-20 16:12:00 [32minfo[39m [32mGET /api/v1/notifications 200 321.509 ms - 164[39m
[32m[39m
2025-11-20 16:12:43 [32minfo[39m [32mPOST /api/v1/auth/vet-login 200 164.428 ms - 617[39m
[32m[39m
2025-11-20 16:12:45 [32minfo[39m [32mGET /api/v1/notifications 200 8.635 ms - 164[39m
[32m[39m
2025-11-20 16:12:45 [32minfo[39m [32mGET /api/v1/tasks/my-tasks 304 16.697 ms - -[39m
[32m[39m
2025-11-20 16:12:48 [32minfo[39m [32mGET /api/v1/users/vet/assigned-farms 304 13.915 ms - -[39m
[32m[39m
2025-11-20 16:12:52 [32minfo[39m [32mGET /api/v1/users/vet/farms/cmi6yer6o000gt1xoo4rnao21 304 103.149 ms - -[39m
[32m[39m
2025-11-20 16:12:53 [32minfo[39m [32mGET /api/v1/tasks/my-tasks?page=1&limit=10 304 11.280 ms - -[39m
[32m[39m
2025-11-20 16:12:54 [32minfo[39m [32mGET /api/v1/livestock?page=1&limit=60 200 39.311 ms - 66780[39m
[32m[39m
2025-11-20 16:13:05 [32minfo[39m [32mGET /api/v1/users/vet/assigned-farms 304 12.871 ms - -[39m
[32m[39m
2025-11-20 16:13:18 [32minfo[39m [32mGET /api/v1/notifications 304 7.663 ms - -[39m
[32m[39m
2025-11-20 16:13:48 [32minfo[39m [32mGET /api/v1/notifications 200 8.277 ms - 164[39m
[32m[39m
2025-11-20 16:14:22 [32minfo[39m [32mGET /api/v1/notifications 304 238.944 ms - -[39m
[32m[39m
2025-11-20 16:14:50 [32minfo[39m [32mGET /api/v1/notifications 200 11.561 ms - 164[39m
[32m[39m
2025-11-20 16:15:21 [32minfo[39m [32mGET /api/v1/notifications 304 14.779 ms - -[39m
[32m[39m
2025-11-20 16:16:10 [32minfo[39m [32mPOST /api/v1/auth/vet-login 200 131.641 ms - 617[39m
[32m[39m
2025-11-20 16:16:13 [32minfo[39m [32mGET /api/v1/tasks/my-tasks 304 17.072 ms - -[39m
[32m[39m
2025-11-20 16:16:13 [32minfo[39m [32mGET /api/v1/notifications 200 198.404 ms - 164[39m
[32m[39m
2025-11-20 16:16:16 [32minfo[39m [32mGET /api/v1/users/vet/assigned-farms 304 14.370 ms - -[39m
[32m[39m
2025-11-20 16:16:42 [32minfo[39m [32mGET /api/v1/notifications 304 97.977 ms - -[39m
[32m[39m
2025-11-20 16:17:12 [32minfo[39m [32mGET /api/v1/notifications 200 10.595 ms - 164[39m
[32m[39m
2025-11-20 16:17:41 [32minfo[39m [32mGET /api/v1/notifications 304 10.981 ms - -[39m
[32m[39m
2025-11-20 16:18:11 [32minfo[39m [32mGET /api/v1/notifications 200 27.524 ms - 164[39m
[32m[39m
2025-11-20 16:18:41 [32minfo[39m [32mGET /api/v1/notifications 200 23.997 ms - 164[39m
[32m[39m
2025-11-20 16:19:13 [32minfo[39m [32mGET /api/v1/notifications 304 9.093 ms - -[39m
[32m[39m
2025-11-20 16:19:42 [32minfo[39m [32mGET /api/v1/notifications 200 470.668 ms - 164[39m
[32m[39m
2025-11-20 16:20:12 [32minfo[39m [32mGET /api/v1/notifications 200 115.495 ms - 164[39m
[32m[39m
2025-11-20 16:20:43 [32minfo[39m [32mGET /api/v1/notifications 200 25.322 ms - 164[39m
[32m[39m
2025-11-20 16:21:12 [32minfo[39m [32mGET /api/v1/notifications 200 9.184 ms - 164[39m
[32m[39m
2025-11-20 16:21:43 [32minfo[39m [32mGET /api/v1/notifications 200 229.927 ms - 164[39m
[32m[39m
2025-11-20 16:23:45 [32minfo[39m [32mPOST /api/v1/auth/vet-login 200 190.151 ms - 617[39m
[32m[39m
2025-11-20 16:23:47 [32minfo[39m [32mGET /api/v1/notifications 200 10.029 ms - 164[39m
[32m[39m
2025-11-20 16:23:47 [32minfo[39m [32mGET /api/v1/tasks/my-tasks 304 16.184 ms - -[39m
[32m[39m
2025-11-20 16:23:51 [32minfo[39m [32mGET /api/v1/users/vet/assigned-farms 304 13.488 ms - -[39m
[32m[39m
2025-11-20 16:24:17 [32minfo[39m [32mGET /api/v1/notifications 304 12.761 ms - -[39m
[32m[39m
2025-11-20 16:25:54 [32minfo[39m [32mPOST /api/v1/auth/vet-login 200 183.889 ms - 617[39m
[32m[39m
2025-11-20 16:25:57 [32minfo[39m [32mGET /api/v1/notifications 200 106.902 ms - 164[39m
[32m[39m
2025-11-20 16:25:57 [32minfo[39m [32mGET /api/v1/tasks/my-tasks 304 17.857 ms - -[39m
[32m[39m
2025-11-20 16:26:04 [32minfo[39m [32mGET /api/v1/users/vet/assigned-farms 304 11.867 ms - -[39m
[32m[39m
2025-11-20 16:26:26 [32minfo[39m [32mGET /api/v1/notifications 304 11.865 ms - -[39m
[32m[39m
2025-11-20 16:26:57 [32minfo[39m [32mGET /api/v1/notifications 200 357.565 ms - 164[39m
[32m[39m
2025-11-20 16:26:59 [32minfo[39m [32mPOST /api/v1/cmi6yer13000et1xo2hi641zt/farm-visits 404 2.272 ms - 149[39m
[32m[39m
2025-11-20 16:27:25 [32minfo[39m [32mGET /api/v1/notifications 200 21.454 ms - 164[39m
[32m[39m
2025-11-20 16:27:57 [32minfo[39m [32mGET /api/v1/notifications 200 26.976 ms - 164[39m
[32m[39m
2025-11-20 16:28:25 [32minfo[39m [32mGET /api/v1/notifications 200 10.335 ms - 164[39m
[32m[39m
2025-11-20 16:28:56 [32minfo[39m [32mGET /api/v1/notifications 200 17.282 ms - 164[39m
[32m[39m
2025-11-20 16:29:27 [32minfo[39m [32mGET /api/v1/notifications 200 16.348 ms - 164[39m
[32m[39m
2025-11-20 16:29:56 [32minfo[39m [32mGET /api/v1/notifications 200 13.412 ms - 164[39m
[32m[39m
2025-11-20 16:30:26 [32minfo[39m [32mGET /api/v1/notifications 200 15.008 ms - 164[39m
[32m[39m
2025-11-20 16:31:14 [32minfo[39m [32mPOST /api/v1/auth/vet-login 200 111.958 ms - 617[39m
[32m[39m
2025-11-20 16:31:16 [32minfo[39m [32mGET /api/v1/notifications 200 178.623 ms - 164[39m
[32m[39m
2025-11-20 16:31:17 [32minfo[39m [32mGET /api/v1/tasks/my-tasks 304 13.203 ms - -[39m
[32m[39m
2025-11-20 16:31:31 [32minfo[39m [32mGET /api/v1/users/vet/assigned-farms 304 10.281 ms - -[39m
[32m[39m
2025-11-20 16:31:46 [32minfo[39m [32mGET /api/v1/notifications 304 8.735 ms - -[39m
[32m[39m
2025-11-20 16:32:04 [32minfo[39m [32mPOST /api/v1/appointments/cmi6yer13000et1xo2hi641zt/farm-visits 201 40.730 ms - 603[39m
[32m[39m
2025-11-20 16:32:07 [32minfo[39m [32mGET /api/v1/users/vet/assigned-farms 304 11.920 ms - -[39m
[32m[39m
2025-11-20 16:32:16 [32minfo[39m [32mGET /api/v1/notifications 200 87.488 ms - 164[39m
[32m[39m
2025-11-20 16:32:46 [32minfo[39m [32mGET /api/v1/notifications 200 24.316 ms - 164[39m
[32m[39m
2025-11-20 16:33:17 [32minfo[39m [32mGET /api/v1/notifications 200 16.240 ms - 164[39m
[32m[39m
2025-11-20 16:33:45 [32minfo[39m [32mGET /api/v1/notifications 200 9.728 ms - 164[39m
[32m[39m
2025-11-20 16:34:16 [32minfo[39m [32mGET /api/v1/notifications 304 12.869 ms - -[39m
[32m[39m
2025-11-20 16:34:47 [32minfo[39m [32mGET /api/v1/notifications 200 18.502 ms - 164[39m
[32m[39m
2025-11-20 16:35:18 [32minfo[39m [32mGET /api/v1/notifications 200 8.796 ms - 164[39m
[32m[39m
2025-11-20 16:35:46 [32minfo[39m [32mGET /api/v1/notifications 200 8.662 ms - 164[39m
[32m[39m
2025-11-20 16:36:15 [32minfo[39m [32mGET /api/v1/notifications 304 19.706 ms - -[39m
[32m[39m
2025-11-20 16:36:47 [32minfo[39m [32mGET /api/v1/notifications 200 176.339 ms - 164[39m
[32m[39m
2025-11-20 16:37:17 [32minfo[39m [32mGET /api/v1/notifications 200 188.709 ms - 164[39m
[32m[39m
2025-11-20 16:37:45 [32minfo[39m [32mGET /api/v1/notifications 200 10.243 ms - 164[39m
[32m[39m
2025-11-20 16:38:17 [32minfo[39m [32mGET /api/v1/notifications 200 8.976 ms - 164[39m
[32m[39m
2025-11-20 16:38:46 [32minfo[39m [32mGET /api/v1/notifications 200 9.137 ms - 164[39m
[32m[39m
2025-11-20 16:39:16 [32minfo[39m [32mGET /api/v1/notifications 200 9.045 ms - 164[39m
[32m[39m
2025-11-20 16:39:46 [32minfo[39m [32mGET /api/v1/notifications 200 20.933 ms - 164[39m
[32m[39m
2025-11-20 16:40:16 [32minfo[39m [32mGET /api/v1/notifications 200 9.149 ms - 164[39m
[32m[39m
2025-11-20 16:40:46 [32minfo[39m [32mGET /api/v1/notifications 200 10.769 ms - 164[39m
[32m[39m
2025-11-20 16:41:16 [32minfo[39m [32mGET /api/v1/notifications 200 8.816 ms - 164[39m
[32m[39m
2025-11-20 16:41:46 [32minfo[39m [32mGET /api/v1/notifications 200 11.962 ms - 164[39m
[32m[39m
2025-11-20 16:42:16 [32minfo[39m [32mGET /api/v1/notifications 200 92.256 ms - 164[39m
[32m[39m
2025-11-20 16:42:47 [32minfo[39m [32mGET /api/v1/notifications 200 139.777 ms - 164[39m
[32m[39m
2025-11-20 16:43:16 [32minfo[39m [32mGET /api/v1/notifications 200 18.402 ms - 164[39m
[32m[39m
2025-11-20 16:43:47 [32minfo[39m [32mGET /api/v1/notifications 200 12.160 ms - 164[39m
[32m[39m
2025-11-20 16:44:16 [32minfo[39m [32mGET /api/v1/notifications 200 31.430 ms - 164[39m
[32m[39m
2025-11-20 16:44:46 [32minfo[39m [32mGET /api/v1/notifications 200 8.957 ms - 164[39m
[32m[39m
2025-11-20 16:45:16 [32minfo[39m [32mGET /api/v1/notifications 200 9.321 ms - 164[39m
[32m[39m
2025-11-20 16:45:46 [32minfo[39m [32mGET /api/v1/notifications 200 10.126 ms - 164[39m
[32m[39m
2025-11-20 16:46:17 [32minfo[39m [32mGET /api/v1/notifications 200 8.842 ms - 164[39m
[32m[39m
2025-11-20 16:46:46 [32minfo[39m [32mGET /api/v1/notifications 200 9.390 ms - 164[39m
[32m[39m
2025-11-20 16:47:17 [32minfo[39m [32mGET /api/v1/notifications 200 182.245 ms - 164[39m
[32m[39m
2025-11-20 16:47:47 [32minfo[39m [32mGET /api/v1/notifications 200 107.711 ms - 164[39m
[32m[39m
2025-11-20 16:48:16 [32minfo[39m [32mGET /api/v1/notifications 200 17.613 ms - 164[39m
[32m[39m
2025-11-20 16:48:48 [32minfo[39m [32mGET /api/v1/notifications 200 11.311 ms - 164[39m
[32m[39m
2025-11-20 16:49:16 [32minfo[39m [32mGET /api/v1/notifications 200 13.915 ms - 164[39m
[32m[39m
2025-11-20 16:49:46 [32minfo[39m [32mGET /api/v1/notifications 304 9.309 ms - -[39m
[32m[39m
2025-11-20 16:50:16 [32minfo[39m [32mGET /api/v1/notifications 200 8.573 ms - 164[39m
[32m[39m
2025-11-20 16:50:47 [32minfo[39m [32mGET /api/v1/notifications 200 22.933 ms - 164[39m
[32m[39m
2025-11-20 16:51:16 [32minfo[39m [32mGET /api/v1/notifications 200 17.550 ms - 164[39m
[32m[39m
2025-11-20 16:51:47 [32minfo[39m [32mGET /api/v1/notifications 200 11.991 ms - 164[39m
[32m[39m
2025-11-20 16:52:17 [32minfo[39m [32mGET /api/v1/notifications 200 85.004 ms - 164[39m
[32m[39m
2025-11-20 16:52:46 [32minfo[39m [32mGET /api/v1/notifications 200 9.900 ms - 164[39m
[32m[39m
2025-11-20 16:53:17 [32minfo[39m [32mGET /api/v1/notifications 200 128.393 ms - 164[39m
[32m[39m
2025-11-20 16:53:47 [32minfo[39m [32mGET /api/v1/notifications 200 12.736 ms - 164[39m
[32m[39m
2025-11-20 16:55:17 [32minfo[39m [32mGET /api/v1/notifications 200 10.817 ms - 164[39m
[32m[39m
2025-11-20 16:55:47 [32minfo[39m [32mGET /api/v1/notifications 200 9.958 ms - 164[39m
[32m[39m
2025-11-20 16:56:16 [32minfo[39m [32mGET /api/v1/notifications 200 8.840 ms - 164[39m
[32m[39m
2025-11-20 16:56:46 [32minfo[39m [32mGET /api/v1/notifications 200 10.032 ms - 164[39m
[32m[39m
2025-11-20 16:57:17 [32minfo[39m [32mGET /api/v1/notifications 200 8.350 ms - 164[39m
[32m[39m
2025-11-20 16:57:47 [32minfo[39m [32mGET /api/v1/notifications 200 86.369 ms - 164[39m
[32m[39m
2025-11-20 16:58:17 [32minfo[39m [32mGET /api/v1/notifications 200 122.176 ms - 164[39m
[32m[39m
2025-11-20 16:58:47 [32minfo[39m [32mGET /api/v1/notifications 200 10.338 ms - 164[39m
[32m[39m
2025-11-20 16:59:17 [32minfo[39m [32mGET /api/v1/notifications 200 11.856 ms - 164[39m
[32m[39m
2025-11-20 16:59:47 [32minfo[39m [32mGET /api/v1/notifications 200 10.791 ms - 164[39m
[32m[39m
2025-11-20 17:00:17 [32minfo[39m [32mGET /api/v1/notifications 200 10.136 ms - 164[39m
[32m[39m
2025-11-20 17:00:47 [32minfo[39m [32mGET /api/v1/notifications 200 8.962 ms - 164[39m
[32m[39m
2025-11-20 17:01:17 [32minfo[39m [32mGET /api/v1/notifications 200 8.908 ms - 164[39m
[32m[39m
2025-11-20 17:01:47 [32minfo[39m [32mGET /api/v1/notifications 200 15.974 ms - 164[39m
[32m[39m
2025-11-20 17:02:17 [32minfo[39m [32mGET /api/v1/notifications 200 11.393 ms - 164[39m
[32m[39m
2025-11-20 17:02:46 [32minfo[39m [32mGET /api/v1/notifications 200 9.495 ms - 164[39m
[32m[39m
2025-11-20 17:03:17 [32minfo[39m [32mGET /api/v1/notifications 200 21.425 ms - 164[39m
[32m[39m
2025-11-20 17:03:46 [32minfo[39m [32mGET /api/v1/notifications 200 122.909 ms - 164[39m
[32m[39m
2025-11-20 17:04:17 [32minfo[39m [32mGET /api/v1/notifications 200 11.385 ms - 164[39m
[32m[39m
2025-11-20 17:04:46 [32minfo[39m [32mGET /api/v1/notifications 200 9.589 ms - 164[39m
[32m[39m
2025-11-20 17:05:17 [32minfo[39m [32mGET /api/v1/notifications 200 15.640 ms - 164[39m
[32m[39m
2025-11-20 17:05:47 [32minfo[39m [32mGET /api/v1/notifications 200 14.014 ms - 164[39m
[32m[39m
2025-11-20 17:06:16 [32minfo[39m [32mGET /api/v1/notifications 200 9.877 ms - 164[39m
[32m[39m
2025-11-20 17:06:47 [32minfo[39m [32mGET /api/v1/notifications 200 17.202 ms - 164[39m
[32m[39m
2025-11-20 17:07:19 [32minfo[39m [32mGET /api/v1/notifications 200 47.777 ms - 164[39m
[32m[39m
2025-11-20 17:07:47 [32minfo[39m [32mGET /api/v1/notifications 200 28.406 ms - 164[39m
[32m[39m
2025-11-20 19:02:15 [32minfo[39m [32mPOST /api/v1/auth/vet-login 200 318.119 ms - 617[39m
[32m[39m
2025-11-20 19:02:18 [32minfo[39m [32mGET /api/v1/notifications 304 154.083 ms - -[39m
[32m[39m
2025-11-20 19:02:18 [32minfo[39m [32mGET /api/v1/tasks/my-tasks 304 39.587 ms - -[39m
[32m[39m
2025-11-20 19:02:22 [32minfo[39m [32mGET /api/v1/users/vet/assigned-farms 304 28.127 ms - -[39m
[32m[39m
2025-11-20 19:02:47 [32minfo[39m [32mGET /api/v1/notifications 304 10.897 ms - -[39m
[32m[39m
2025-11-20 19:03:17 [32minfo[39m [32mGET /api/v1/notifications 200 16.525 ms - 164[39m
[32m[39m
2025-11-20 19:03:23 [32minfo[39m [32mPOST /api/v1/appointments/cmi6yer13000et1xo2hi641zt/farm-visits 201 38.155 ms - 601[39m
[32m[39m
2025-11-20 19:03:25 [32minfo[39m [32mGET /api/v1/users/vet/assigned-farms 304 8.785 ms - -[39m
[32m[39m
2025-11-20 19:03:46 [32minfo[39m [32mGET /api/v1/notifications 200 18.174 ms - 164[39m
[32m[39m
2025-11-20 19:04:16 [32minfo[39m [32mGET /api/v1/notifications 200 16.511 ms - 164[39m
[32m[39m
2025-11-20 19:04:46 [32minfo[39m [32mGET /api/v1/notifications 304 17.319 ms - -[39m
[32m[39m
2025-11-20 19:05:16 [32minfo[39m [32mGET /api/v1/notifications 200 8.271 ms - 164[39m
[32m[39m
2025-11-20 19:05:48 [32minfo[39m [32mGET /api/v1/notifications 200 16.350 ms - 164[39m
[32m[39m
2025-11-20 19:06:18 [32minfo[39m [32mGET /api/v1/notifications 304 13.087 ms - -[39m
[32m[39m
2025-11-20 19:06:46 [32minfo[39m [32mGET /api/v1/notifications 200 11.934 ms - 164[39m
[32m[39m
2025-11-20 19:07:18 [32minfo[39m [32mGET /api/v1/notifications 200 486.703 ms - 164[39m
[32m[39m
2025-11-20 19:07:46 [32minfo[39m [32mGET /api/v1/notifications 304 34.894 ms - -[39m
[32m[39m
2025-11-20 19:08:18 [32minfo[39m [32mGET /api/v1/notifications 200 12.960 ms - 164[39m
[32m[39m
2025-11-20 19:08:48 [32minfo[39m [32mGET /api/v1/notifications 200 10.588 ms - 164[39m
[32m[39m
2025-11-20 19:09:16 [32minfo[39m [32mGET /api/v1/notifications 200 25.414 ms - 164[39m
[32m[39m
2025-11-20 19:09:48 [32minfo[39m [32mGET /api/v1/notifications 200 24.917 ms - 164[39m
[32m[39m
2025-11-20 19:10:19 [32minfo[39m [32mGET /api/v1/notifications 200 799.726 ms - 164[39m
[32m[39m
2025-11-20 19:10:49 [32minfo[39m [32mGET /api/v1/notifications 200 28.618 ms - 164[39m
[32m[39m
2025-11-20 19:11:16 [32minfo[39m [32mGET /api/v1/notifications 200 9.067 ms - 164[39m
[32m[39m
2025-11-20 19:11:48 [32minfo[39m [32mGET /api/v1/notifications 200 12.276 ms - 164[39m
[32m[39m
2025-11-20 19:12:17 [32minfo[39m [32mGET /api/v1/notifications 200 280.783 ms - 164[39m
[32m[39m
2025-11-20 19:16:38 [32minfo[39m [32mPOST /api/v1/auth/vet-login 200 234.167 ms - 617[39m
[32m[39m
2025-11-20 19:16:42 [32minfo[39m [32mGET /api/v1/notifications 200 121.893 ms - 164[39m
[32m[39m
2025-11-20 19:16:42 [32minfo[39m [32mGET /api/v1/tasks/my-tasks 304 24.858 ms - -[39m
[32m[39m
2025-11-20 19:16:43 [32minfo[39m [32mGET /api/v1/users/vet/assigned-farms 304 15.844 ms - -[39m
[32m[39m
2025-11-20 19:17:10 [32minfo[39m [32mGET /api/v1/notifications 304 11.981 ms - -[39m
[32m[39m
2025-11-20 19:17:40 [32minfo[39m [32mGET /api/v1/notifications 200 10.160 ms - 164[39m
[32m[39m
2025-11-20 19:18:11 [32minfo[39m [32mGET /api/v1/notifications 200 94.949 ms - 164[39m
[32m[39m
2025-11-20 19:18:41 [32minfo[39m [32mGET /api/v1/notifications 200 14.906 ms - 164[39m
[32m[39m
2025-11-20 19:19:11 [32minfo[39m [32mGET /api/v1/notifications 200 11.072 ms - 164[39m
[32m[39m
2025-11-20 19:19:41 [32minfo[39m [32mGET /api/v1/notifications 200 11.816 ms - 164[39m
[32m[39m
2025-11-20 19:20:27 [32minfo[39m [32mPOST /api/v1/auth/vet-login 200 133.681 ms - 617[39m
[32m[39m
2025-11-20 19:20:30 [32minfo[39m [32mGET /api/v1/notifications 200 9.483 ms - 164[39m
[32m[39m
2025-11-20 19:20:30 [32minfo[39m [32mGET /api/v1/tasks/my-tasks 304 20.915 ms - -[39m
[32m[39m
2025-11-20 19:20:34 [32minfo[39m [32mGET /api/v1/users/vet/assigned-farms 304 10.779 ms - -[39m
[32m[39m
2025-11-20 19:21:01 [32minfo[39m [32mGET /api/v1/notifications 304 17.734 ms - -[39m
[32m[39m
2025-11-20 19:21:09 [32minfo[39m [32mPOST /api/v1/appointments/cmi6yer13000et1xo2hi641zt/farm-visits 201 27.882 ms - 701[39m
[32m[39m
2025-11-20 19:21:12 [32minfo[39m [32mGET /api/v1/users/vet/assigned-farms 304 10.063 ms - -[39m
[32m[39m
2025-11-20 19:21:30 [32minfo[39m [32mGET /api/v1/notifications 200 17.376 ms - 164[39m
[32m[39m
2025-11-20 19:21:49 [32minfo[39m [32mGET /favicon.ico 404 0.698 ms - 116[39m
[32m[39m
2025-11-20 19:21:57 [32minfo[39m [32mGET /api/v1/73e4e20d-8222-453e-8856-527d11946d31.jpeg 404 0.552 ms - 153[39m
[32m[39m
2025-11-20 19:22:00 [32minfo[39m [32mGET /api/v1/notifications 200 123.161 ms - 164[39m
[32m[39m
2025-11-20 19:22:30 [32minfo[39m [32mGET /api/v1/notifications 200 26.095 ms - 164[39m
[32m[39m
2025-11-20 19:22:59 [32minfo[39m [32mGET /api/v1/notifications 200 11.112 ms - 164[39m
[32m[39m
2025-11-20 19:23:30 [32minfo[39m [32mGET /api/v1/notifications 200 103.292 ms - 164[39m
[32m[39m
2025-11-20 19:24:01 [32minfo[39m [32mGET /api/v1/notifications 200 11.397 ms - 164[39m
[32m[39m
2025-11-20 19:24:08 [32minfo[39m [32mGET /api/v1/tasks/my-tasks 304 15.124 ms - -[39m
[32m[39m
2025-11-20 19:24:14 [32minfo[39m [32mGET /api/v1/tasks/my-tasks 304 14.040 ms - -[39m
[32m[39m
2025-11-20 19:24:24 [32minfo[39m [32mGET /api/v1/appointments 304 26.583 ms - -[39m
[32m[39m
2025-11-20 19:24:29 [32minfo[39m [32mGET /api/v1/notifications 200 7.730 ms - 164[39m
[32m[39m
2025-11-20 19:24:37 [32minfo[39m [32mGET /api/v1/tasks/my-tasks 304 10.006 ms - -[39m
[32m[39m
2025-11-20 19:25:04 [32minfo[39m [32mPOST /api/v1/auth/vet-login 200 137.273 ms - 617[39m
[32m[39m
2025-11-20 19:25:06 [32minfo[39m [32mGET /api/v1/tasks/my-tasks 304 19.191 ms - -[39m
[32m[39m
2025-11-20 19:25:07 [32minfo[39m [32mGET /api/v1/notifications 200 7.707 ms - 164[39m
[32m[39m
2025-11-20 19:25:36 [32minfo[39m [32mGET /api/v1/notifications 304 10.842 ms - -[39m
[32m[39m
2025-11-20 19:25:45 [32minfo[39m [32mGET /api/v1/users/vet/assigned-farms 304 10.899 ms - -[39m
[32m[39m
2025-11-20 19:28:59 [32minfo[39m [32mGET /api/v1/notifications 200 221.484 ms - 164[39m
[32m[39m
2025-11-20 19:29:29 [32minfo[39m [32mGET /api/v1/notifications 200 17.491 ms - 164[39m
[32m[39m
2025-11-20 19:29:31 [32minfo[39m [32mGET /api/v1/notifications 200 14.321 ms - 164[39m
[32m[39m
2025-11-20 19:29:53 [32minfo[39m [32mGET /api/v1/notifications 304 16.293 ms - -[39m
[32m[39m
2025-11-20 19:30:00 [32minfo[39m [32mGET /api/v1/notifications 304 13.069 ms - -[39m
[32m[39m
2025-11-20 19:30:24 [32minfo[39m [32mGET /api/v1/notifications 200 17.291 ms - 164[39m
[32m[39m
2025-11-20 19:30:54 [32minfo[39m [32mGET /api/v1/notifications 304 11.946 ms - -[39m
[32m[39m
2025-11-20 19:31:24 [32minfo[39m [32mGET /api/v1/notifications 200 19.546 ms - 164[39m
[32m[39m
2025-11-20 19:31:54 [32minfo[39m [32mGET /api/v1/notifications 200 15.764 ms - 164[39m
[32m[39m
2025-11-20 19:32:24 [32minfo[39m [32mGET /api/v1/notifications 200 14.020 ms - 164[39m
[32m[39m
2025-11-20 19:32:53 [32minfo[39m [32mGET /api/v1/notifications 200 10.862 ms - 164[39m
[32m[39m
2025-11-20 19:33:22 [32minfo[39m [32mGET /api/v1/notifications 200 99.032 ms - 164[39m
[32m[39m
2025-11-20 19:33:54 [32minfo[39m [32mGET /api/v1/notifications 200 12.700 ms - 164[39m
[32m[39m
2025-11-20 19:33:57 [32minfo[39m [32mGET /api/v1/tasks/my-tasks 304 15.019 ms - -[39m
[32m[39m
2025-11-20 19:35:02 [31merror[39m [31mVet account not found Vet account not found[39m
2025-11-20 19:35:02 [32minfo[39m [32mPOST /api/v1/auth/vet-login 404 64.875 ms - 49[39m
[32m[39m
2025-11-20 19:35:20 [32minfo[39m [32mPOST /api/v1/auth/vet-login 200 145.859 ms - 617[39m
[32m[39m
2025-11-20 19:35:21 [32minfo[39m [32mGET /api/v1/notifications 200 116.552 ms - 164[39m
[32m[39m
2025-11-20 19:35:23 [32minfo[39m [32mGET /api/v1/tasks/my-tasks 304 19.393 ms - -[39m
[32m[39m
2025-11-20 19:35:33 [32minfo[39m [32mGET /api/v1/users/vet/assigned-farms 304 10.984 ms - -[39m
[32m[39m
2025-11-20 19:35:53 [32minfo[39m [32mGET /api/v1/notifications 304 13.908 ms - -[39m
[32m[39m
2025-11-20 19:36:21 [32minfo[39m [32mGET /api/v1/notifications 304 16.061 ms - -[39m
[32m[39m
2025-11-20 19:36:53 [32minfo[39m [32mGET /api/v1/notifications 200 284.933 ms - 164[39m
[32m[39m
2025-11-20 19:37:24 [32minfo[39m [32mGET /api/v1/notifications 200 1357.435 ms - 164[39m
[32m[39m
2025-11-20 19:37:52 [32minfo[39m [32mGET /api/v1/notifications 200 512.280 ms - 164[39m
[32m[39m
2025-11-20 19:38:23 [32minfo[39m [32mGET /api/v1/notifications 200 145.039 ms - 164[39m
[32m[39m
2025-11-20 19:39:15 [32minfo[39m [32mPOST /api/v1/auth/vet-login 200 306.395 ms - 617[39m
[32m[39m
2025-11-20 19:39:17 [32minfo[39m [32mGET /api/v1/tasks/my-tasks 304 62.600 ms - -[39m
[32m[39m
2025-11-20 19:39:18 [32minfo[39m [32mGET /api/v1/notifications 200 64.035 ms - 164[39m
[32m[39m
2025-11-20 19:39:29 [32minfo[39m [32mGET /api/v1/users/vet/assigned-farms 200 32.618 ms - 897[39m
[32m[39m
2025-11-20 19:39:48 [32minfo[39m [32mGET /api/v1/notifications 304 26.342 ms - -[39m
[32m[39m
2025-11-20 19:40:18 [32minfo[39m [32mGET /api/v1/notifications 200 622.044 ms - 164[39m
[32m[39m
2025-11-20 19:40:47 [32minfo[39m [32mGET /api/v1/notifications 200 389.606 ms - 164[39m
[32m[39m
2025-11-20 19:41:19 [32minfo[39m [32mGET /api/v1/notifications 200 1015.633 ms - 164[39m
[32m[39m
2025-11-20 19:41:48 [32minfo[39m [32mGET /api/v1/notifications 200 25.937 ms - 164[39m
[32m[39m
2025-11-20 19:41:53 [32minfo[39m [32mGET /api/v1/users/vet/assigned-farms 304 102.791 ms - -[39m
[32m[39m
2025-11-20 19:42:00 [32minfo[39m [32mGET /api/v1/tasks/my-tasks 304 308.218 ms - -[39m
[32m[39m
2025-11-20 19:42:17 [32minfo[39m [32mGET /api/v1/notifications 200 97.153 ms - 164[39m
[32m[39m
2025-11-20 19:42:47 [32minfo[39m [32mGET /api/v1/notifications 200 9.590 ms - 164[39m
[32m[39m
2025-11-20 19:43:17 [32minfo[39m [32mGET /api/v1/notifications 200 27.865 ms - 164[39m
[32m[39m
2025-11-20 19:43:48 [32minfo[39m [32mGET /api/v1/notifications 200 114.075 ms - 164[39m
[32m[39m
2025-11-20 19:44:17 [32minfo[39m [32mGET /api/v1/notifications 200 14.442 ms - 164[39m
[32m[39m
2025-11-20 19:44:49 [32minfo[39m [32mGET /api/v1/notifications 200 11.830 ms - 164[39m
[32m[39m
2025-11-20 19:45:18 [32minfo[39m [32mGET /api/v1/notifications 200 10.029 ms - 164[39m
[32m[39m
2025-11-20 19:45:48 [32minfo[39m [32mGET /api/v1/notifications 200 182.973 ms - 164[39m
[32m[39m
2025-11-20 19:46:17 [32minfo[39m [32mGET /api/v1/notifications 200 16.680 ms - 164[39m
[32m[39m
2025-11-20 19:46:48 [32minfo[39m [32mGET /api/v1/notifications 200 11.388 ms - 164[39m
[32m[39m
2025-11-20 19:47:38 [32minfo[39m [32mPOST /api/v1/auth/vet-login 200 121.749 ms - 617[39m
[32m[39m
2025-11-20 19:47:41 [32minfo[39m [32mGET /api/v1/notifications 200 7.728 ms - 164[39m
[32m[39m
2025-11-20 19:47:41 [32minfo[39m [32mGET /api/v1/tasks/my-tasks 304 14.751 ms - -[39m
[32m[39m
2025-11-20 19:47:47 [32minfo[39m [32mGET /api/v1/notifications 304 6.995 ms - -[39m
[32m[39m
2025-11-20 19:47:47 [32minfo[39m [32mGET /api/v1/tasks/my-tasks 304 9.650 ms - -[39m
[32m[39m
2025-11-20 19:48:28 [32minfo[39m [32mGET /api/v1/notifications 304 9.509 ms - -[39m
[32m[39m
2025-11-20 19:48:31 [32minfo[39m [32mGET /api/v1/users/vet/assigned-farms 304 10.906 ms - -[39m
[32m[39m
2025-11-20 19:48:33 [32minfo[39m [32mGET /api/v1/tasks/my-tasks 304 17.524 ms - -[39m
[32m[39m
2025-11-20 19:48:36 [32minfo[39m [32mGET /api/v1/appointments 304 14.948 ms - -[39m
[32m[39m
2025-11-20 19:48:58 [32minfo[39m [32mGET /api/v1/notifications 200 189.153 ms - 164[39m
[32m[39m
2025-11-20 19:49:17 [32minfo[39m [32mGET /api/v1/notifications 401 3.632 ms - 64[39m
[32m[39m
2025-11-21 01:36:27 [32minfo[39m [32mPOST /api/v1/auth/vet-login 200 236.754 ms - 617[39m
[32m[39m
2025-11-21 01:36:30 [32minfo[39m [32mGET /api/v1/notifications 200 155.825 ms - 164[39m
[32m[39m
2025-11-21 01:36:30 [32minfo[39m [32mGET /api/v1/tasks/my-tasks 304 31.668 ms - -[39m
[32m[39m
2025-11-21 01:36:45 [32minfo[39m [32mGET /api/v1/users/vet/assigned-farms 304 19.159 ms - -[39m
[32m[39m
2025-11-21 01:36:59 [32minfo[39m [32mGET /api/v1/notifications 304 9.656 ms - -[39m
[32m[39m
2025-11-21 01:37:06 [32minfo[39m [32mGET /api/v1/users/vet/assigned-farms 304 11.923 ms - -[39m
[32m[39m
2025-11-21 01:37:08 [32minfo[39m [32mGET /api/v1/tasks/my-tasks 304 14.196 ms - -[39m
[32m[39m
2025-11-21 01:37:28 [32minfo[39m [32mGET /api/v1/notifications 200 10.267 ms - 164[39m
[32m[39m
2025-11-21 01:37:58 [32minfo[39m [32mGET /api/v1/notifications 304 34.172 ms - -[39m
[32m[39m
2025-11-21 01:38:27 [32minfo[39m [32mPOST /api/v1/auth/vet-login 200 152.377 ms - 617[39m
[32m[39m
2025-11-21 01:38:29 [32minfo[39m [32mGET /api/v1/tasks/my-tasks 304 24.404 ms - -[39m
[32m[39m
2025-11-21 01:38:30 [32minfo[39m [32mGET /api/v1/notifications 200 9.874 ms - 164[39m
[32m[39m
2025-11-21 01:38:37 [32minfo[39m [32mGET /api/v1/tasks/my-tasks 200 10.040 ms - 5127[39m
[32m[39m
2025-11-21 01:39:00 [32minfo[39m [32mGET /api/v1/notifications 200 12.069 ms - 164[39m
[32m[39m
2025-11-21 01:39:30 [32minfo[39m [32mGET /api/v1/notifications 200 96.774 ms - 164[39m
[32m[39m
2025-11-21 01:40:00 [32minfo[39m [32mGET /api/v1/notifications 200 18.618 ms - 164[39m
[32m[39m
2025-11-21 01:40:29 [32minfo[39m [32mGET /api/v1/notifications 200 11.477 ms - 164[39m
[32m[39m
2025-11-21 01:41:00 [32minfo[39m [32mGET /api/v1/notifications 200 61.317 ms - 164[39m
[32m[39m
2025-11-21 01:41:30 [32minfo[39m [32mGET /api/v1/notifications 200 389.046 ms - 164[39m
[32m[39m
2025-11-21 01:41:59 [32minfo[39m [32mGET /api/v1/notifications 200 13.899 ms - 164[39m
[32m[39m
2025-11-21 01:42:30 [32minfo[39m [32mGET /api/v1/notifications 200 72.345 ms - 164[39m
[32m[39m
2025-11-21 01:43:00 [32minfo[39m [32mGET /api/v1/notifications 200 21.327 ms - 164[39m
[32m[39m
2025-11-21 01:43:30 [32minfo[39m [32mGET /api/v1/notifications 200 18.110 ms - 164[39m
[32m[39m
2025-11-21 01:43:31 [32minfo[39m [32mGET /api/v1/tasks/my-tasks 304 16.968 ms - -[39m
[32m[39m
2025-11-21 01:43:47 [32minfo[39m [32mGET /api/v1/tasks/my-tasks 304 28.911 ms - -[39m
[32m[39m
2025-11-21 01:44:00 [32minfo[39m [32mGET /api/v1/notifications 200 11.990 ms - 164[39m
[32m[39m
2025-11-21 01:44:31 [32minfo[39m [32mGET /api/v1/notifications 200 110.925 ms - 164[39m
[32m[39m
2025-11-21 01:45:00 [32minfo[39m [32mGET /api/v1/notifications 200 9.528 ms - 164[39m
[32m[39m
2025-11-21 01:45:30 [32minfo[39m [32mGET /api/v1/notifications 200 11.161 ms - 164[39m
[32m[39m
2025-11-21 01:46:00 [32minfo[39m [32mGET /api/v1/notifications 200 12.983 ms - 164[39m
[32m[39m
2025-11-21 01:46:30 [32minfo[39m [32mGET /api/v1/notifications 200 19.284 ms - 164[39m
[32m[39m
2025-11-21 01:47:00 [32minfo[39m [32mGET /api/v1/notifications 200 203.137 ms - 164[39m
[32m[39m
2025-11-21 01:47:14 [32minfo[39m [32mGET /api/v1/tasks/my-tasks 304 14.571 ms - -[39m
[32m[39m
2025-11-21 01:47:31 [32minfo[39m [32mGET /api/v1/notifications 200 16.925 ms - 164[39m
[32m[39m
2025-11-21 01:48:00 [32minfo[39m [32mGET /api/v1/notifications 200 10.617 ms - 164[39m
[32m[39m
2025-11-21 01:48:30 [32minfo[39m [32mGET /api/v1/notifications 200 27.962 ms - 164[39m
[32m[39m
2025-11-21 01:49:01 [32minfo[39m [32mGET /api/v1/notifications 200 215.281 ms - 164[39m
[32m[39m
2025-11-21 01:49:31 [32minfo[39m [32mGET /api/v1/notifications 200 198.589 ms - 164[39m
[32m[39m
2025-11-21 01:50:00 [32minfo[39m [32mGET /api/v1/notifications 200 9.347 ms - 164[39m
[32m[39m
2025-11-21 01:50:30 [32minfo[39m [32mGET /api/v1/notifications 200 56.956 ms - 164[39m
[32m[39m
2025-11-21 01:51:00 [32minfo[39m [32mGET /api/v1/notifications 200 70.180 ms - 164[39m
[32m[39m
2025-11-21 01:51:30 [32minfo[39m [32mGET /api/v1/notifications 200 28.777 ms - 164[39m
[32m[39m
2025-11-21 01:52:00 [32minfo[39m [32mGET /api/v1/notifications 200 312.659 ms - 164[39m
[32m[39m
2025-11-21 01:52:29 [32minfo[39m [32mGET /api/v1/notifications 200 13.524 ms - 164[39m
[32m[39m
2025-11-21 01:53:00 [32minfo[39m [32mGET /api/v1/notifications 200 9.486 ms - 164[39m
[32m[39m
2025-11-21 01:53:30 [32minfo[39m [32mGET /api/v1/notifications 200 10.883 ms - 164[39m
[32m[39m
2025-11-21 01:54:00 [32minfo[39m [32mGET /api/v1/notifications 200 15.002 ms - 164[39m
[32m[39m
2025-11-21 01:54:30 [32minfo[39m [32mGET /api/v1/notifications 200 9.843 ms - 164[39m
[32m[39m
2025-11-21 01:55:01 [32minfo[39m [32mGET /api/v1/notifications 200 240.342 ms - 164[39m
[32m[39m
2025-11-21 01:58:10 [32minfo[39m [32mPOST /api/v1/auth/vet-login 200 187.658 ms - 617[39m
[32m[39m
2025-11-21 01:58:13 [32minfo[39m [32mGET /api/v1/tasks/my-tasks 304 25.739 ms - -[39m
[32m[39m
2025-11-21 01:58:13 [32minfo[39m [32mGET /api/v1/notifications 200 211.386 ms - 164[39m
[32m[39m
2025-11-21 01:58:16 [32minfo[39m [32mGET /api/v1/users/vet/assigned-farms 304 22.688 ms - -[39m
[32m[39m
2025-11-21 01:58:23 [32minfo[39m [32mGET /api/v1/users/vet/assigned-farms 304 12.194 ms - -[39m
[32m[39m
2025-11-21 01:58:42 [32minfo[39m [32mGET /api/v1/notifications 304 17.632 ms - -[39m
[32m[39m
2025-11-21 01:59:12 [32minfo[39m [32mGET /api/v1/notifications 200 8.380 ms - 164[39m
[32m[39m
2025-11-21 01:59:42 [32minfo[39m [32mGET /api/v1/notifications 200 12.013 ms - 164[39m
[32m[39m
2025-11-21 02:00:12 [32minfo[39m [32mGET /api/v1/notifications 200 92.387 ms - 164[39m
[32m[39m
2025-11-21 02:00:41 [32minfo[39m [32mGET /api/v1/notifications 200 16.286 ms - 164[39m
[32m[39m
2025-11-21 02:01:11 [32minfo[39m [32mGET /api/v1/notifications 200 9.674 ms - 164[39m
[32m[39m
2025-11-21 02:01:41 [32minfo[39m [32mGET /api/v1/notifications 200 8.909 ms - 164[39m
[32m[39m
2025-11-21 02:02:12 [32minfo[39m [32mGET /api/v1/notifications 200 33.950 ms - 164[39m
[32m[39m
2025-11-21 02:02:41 [32minfo[39m [32mGET /api/v1/notifications 200 11.492 ms - 164[39m
[32m[39m
2025-11-21 02:03:12 [32minfo[39m [32mGET /api/v1/notifications 200 12.147 ms - 164[39m
[32m[39m
2025-11-21 02:03:42 [32minfo[39m [32mGET /api/v1/notifications 200 447.669 ms - 164[39m
[32m[39m
2025-11-21 02:04:12 [32minfo[39m [32mGET /api/v1/notifications 200 12.300 ms - 164[39m
[32m[39m
2025-11-21 02:04:41 [32minfo[39m [32mGET /api/v1/notifications 200 12.502 ms - 164[39m
[32m[39m
2025-11-21 02:05:12 [32minfo[39m [32mGET /api/v1/notifications 200 86.138 ms - 164[39m
[32m[39m
2025-11-21 02:06:07 [32minfo[39m [32mPOST /api/v1/auth/vet-login 200 122.048 ms - 617[39m
[32m[39m
2025-11-21 02:06:08 [32minfo[39m [32mGET /api/v1/notifications 200 16.283 ms - 164[39m
[32m[39m
2025-11-21 02:06:09 [32minfo[39m [32mGET /api/v1/tasks/my-tasks 304 22.717 ms - -[39m
[32m[39m
2025-11-21 02:13:19 [32minfo[39m [32mPOST /api/v1/auth/vet-login 200 223.422 ms - 617[39m
[32m[39m
2025-11-21 02:13:22 [32minfo[39m [32mGET /api/v1/notifications 304 122.351 ms - -[39m
[32m[39m
2025-11-21 02:13:23 [32minfo[39m [32mGET /api/v1/tasks/my-tasks 304 15.320 ms - -[39m
[32m[39m
2025-11-21 02:13:51 [32minfo[39m [32mGET /api/v1/notifications 304 15.202 ms - -[39m
[32m[39m
2025-11-21 02:14:20 [32minfo[39m [32mGET /api/v1/notifications 200 29.314 ms - 164[39m
[32m[39m
2025-11-21 02:14:52 [32minfo[39m [32mGET /api/v1/notifications 200 11.948 ms - 164[39m
[32m[39m
2025-11-21 02:15:22 [32minfo[39m [32mGET /api/v1/notifications 200 18.823 ms - 164[39m
[32m[39m
2025-11-21 02:16:02 [32minfo[39m [32mPOST /api/v1/auth/vet-login 200 114.975 ms - 617[39m
[32m[39m
2025-11-21 02:16:05 [32minfo[39m [32mGET /api/v1/notifications 304 17.959 ms - -[39m
[32m[39m
2025-11-21 02:16:06 [32minfo[39m [32mGET /api/v1/tasks/my-tasks 304 11.852 ms - -[39m
[32m[39m
2025-11-21 02:16:35 [32minfo[39m [32mGET /api/v1/notifications 304 9.480 ms - -[39m
[32m[39m
2025-11-21 02:17:04 [32minfo[39m [32mGET /api/v1/notifications 200 11.383 ms - 164[39m
[32m[39m
2025-11-21 02:17:35 [32minfo[39m [32mGET /api/v1/notifications 200 25.083 ms - 164[39m
[32m[39m
2025-11-21 02:18:05 [32minfo[39m [32mGET /api/v1/notifications 200 11.388 ms - 164[39m
[32m[39m
2025-11-21 02:18:34 [32minfo[39m [32mGET /api/v1/notifications 200 163.075 ms - 164[39m
[32m[39m
2025-11-21 02:19:05 [32minfo[39m [32mGET /api/v1/notifications 200 120.618 ms - 164[39m
[32m[39m
2025-11-21 02:19:35 [32minfo[39m [32mGET /api/v1/notifications 200 20.779 ms - 164[39m
[32m[39m
2025-11-21 02:20:05 [32minfo[39m [32mGET /api/v1/notifications 200 26.976 ms - 164[39m
[32m[39m
2025-11-21 02:20:34 [32minfo[39m [32mGET /api/v1/notifications 200 27.835 ms - 164[39m
[32m[39m
2025-11-21 03:42:39 [32minfo[39m [32mGET /api/v1/notifications 401 11.144 ms - 64[39m
[32m[39m
2025-11-21 03:48:01 [32minfo[39m [32mPOST /api/v1/auth/vet-login 200 156.475 ms - 617[39m
[32m[39m
2025-11-21 03:48:04 [32minfo[39m [32mGET /api/v1/notifications 200 160.910 ms - 164[39m
[32m[39m
2025-11-21 03:48:04 [32minfo[39m [32mGET /api/v1/tasks/my-tasks 304 36.883 ms - -[39m
[32m[39m
2025-11-21 03:48:33 [32minfo[39m [32mGET /api/v1/notifications 304 14.376 ms - -[39m
[32m[39m
2025-11-21 03:49:03 [32minfo[39m [32mGET /api/v1/notifications 304 15.834 ms - -[39m
[32m[39m
2025-11-21 03:49:33 [32minfo[39m [32mGET /api/v1/notifications 304 10.690 ms - -[39m
[32m[39m
2025-11-21 03:50:02 [32minfo[39m [32mGET /api/v1/notifications 304 99.538 ms - -[39m
[32m[39m
2025-11-21 03:50:33 [32minfo[39m [32mGET /api/v1/notifications 304 23.987 ms - -[39m
[32m[39m
2025-11-21 03:50:44 [32minfo[39m [32mPOST /api/v1/auth/vet-login 200 155.568 ms - 617[39m
[32m[39m
2025-11-21 03:50:46 [32minfo[39m [32mGET /api/v1/tasks/my-tasks 304 14.221 ms - -[39m
[32m[39m
2025-11-21 03:50:46 [32minfo[39m [32mGET /api/v1/notifications 200 14.516 ms - 164[39m
[32m[39m
2025-11-21 03:51:02 [32minfo[39m [32mGET /api/v1/notifications 304 60.054 ms - -[39m
[32m[39m
2025-11-21 03:51:16 [32minfo[39m [32mGET /api/v1/notifications 304 30.318 ms - -[39m
[32m[39m
2025-11-21 03:51:32 [32minfo[39m [32mGET /api/v1/notifications 304 15.087 ms - -[39m
[32m[39m
2025-11-21 03:51:46 [32minfo[39m [32mGET /api/v1/notifications 200 15.983 ms - 164[39m
[32m[39m
2025-11-21 03:52:02 [32minfo[39m [32mGET /api/v1/notifications 304 14.147 ms - -[39m
[32m[39m
2025-11-21 03:52:17 [32minfo[39m [32mGET /api/v1/notifications 200 497.835 ms - 164[39m
[32m[39m
2025-11-21 03:52:34 [32minfo[39m [32mGET /api/v1/notifications 304 509.485 ms - -[39m
[32m[39m
2025-11-21 03:52:46 [32minfo[39m [32mGET /api/v1/notifications 200 8.555 ms - 164[39m
[32m[39m
2025-11-21 03:53:03 [32minfo[39m [32mGET /api/v1/notifications 304 60.692 ms - -[39m
[32m[39m
2025-11-21 03:53:33 [32minfo[39m [32mGET /api/v1/notifications 304 281.040 ms - -[39m
[32m[39m
2025-11-21 04:01:47 [32minfo[39m [32mPOST /api/v1/auth/vet-login 200 189.939 ms - 617[39m
[32m[39m
2025-11-21 04:01:50 [32minfo[39m [32mGET /api/v1/notifications 200 122.039 ms - 164[39m
[32m[39m
2025-11-21 04:01:50 [32minfo[39m [32mGET /api/v1/tasks/my-tasks 304 31.117 ms - -[39m
[32m[39m
2025-11-21 04:02:20 [32minfo[39m [32mGET /api/v1/notifications 304 15.420 ms - -[39m
[32m[39m
2025-11-21 04:02:50 [32minfo[39m [32mGET /api/v1/notifications 200 15.232 ms - 164[39m
[32m[39m
2025-11-21 04:03:20 [32minfo[39m [32mGET /api/v1/notifications 200 13.206 ms - 164[39m
[32m[39m
2025-11-21 04:03:50 [32minfo[39m [32mGET /api/v1/notifications 200 11.653 ms - 164[39m
[32m[39m
2025-11-21 04:04:20 [32minfo[39m [32mGET /api/v1/notifications 200 204.578 ms - 164[39m
[32m[39m
2025-11-21 04:04:49 [32minfo[39m [32mGET /api/v1/notifications 200 13.669 ms - 164[39m
[32m[39m
2025-11-21 04:05:20 [32minfo[39m [32mGET /api/v1/notifications 200 10.746 ms - 164[39m
[32m[39m
2025-11-21 04:05:50 [32minfo[39m [32mGET /api/v1/notifications 200 17.091 ms - 164[39m
[32m[39m
2025-11-21 04:06:20 [32minfo[39m [32mGET /api/v1/notifications 200 11.539 ms - 164[39m
[32m[39m
2025-11-21 04:06:50 [32minfo[39m [32mGET /api/v1/notifications 200 9.427 ms - 164[39m
[32m[39m
2025-11-21 04:07:19 [32minfo[39m [32mGET /api/v1/notifications 200 194.532 ms - 164[39m
[32m[39m
2025-11-21 04:07:50 [32minfo[39m [32mGET /api/v1/notifications 200 16.875 ms - 164[39m
[32m[39m
2025-11-21 04:08:20 [32minfo[39m [32mGET /api/v1/notifications 200 36.379 ms - 164[39m
[32m[39m
2025-11-21 04:08:50 [32minfo[39m [32mGET /api/v1/notifications 200 579.581 ms - 164[39m
[32m[39m
2025-11-21 04:09:19 [32minfo[39m [32mGET /api/v1/notifications 200 13.057 ms - 164[39m
[32m[39m
2025-11-21 04:09:50 [32minfo[39m [32mGET /api/v1/notifications 200 188.205 ms - 164[39m
[32m[39m
2025-11-21 04:10:20 [32minfo[39m [32mGET /api/v1/notifications 200 10.938 ms - 164[39m
[32m[39m
2025-11-21 04:10:50 [32minfo[39m [32mGET /api/v1/notifications 200 16.886 ms - 164[39m
[32m[39m
2025-11-21 04:11:20 [32minfo[39m [32mGET /api/v1/notifications 200 11.526 ms - 164[39m
[32m[39m
2025-11-21 04:11:50 [32minfo[39m [32mGET /api/v1/notifications 200 18.456 ms - 164[39m
[32m[39m
2025-11-21 04:12:20 [32minfo[39m [32mGET /api/v1/notifications 200 135.058 ms - 164[39m
[32m[39m
2025-11-21 04:12:50 [32minfo[39m [32mGET /api/v1/notifications 200 359.334 ms - 164[39m
[32m[39m
2025-11-21 04:13:19 [32minfo[39m [32mGET /api/v1/notifications 200 12.037 ms - 164[39m
[32m[39m
2025-11-21 04:13:50 [32minfo[39m [32mGET /api/v1/notifications 200 153.475 ms - 164[39m
[32m[39m
2025-11-21 04:14:20 [32minfo[39m [32mGET /api/v1/notifications 200 514.160 ms - 164[39m
[32m[39m
2025-11-21 04:14:50 [32minfo[39m [32mGET /api/v1/notifications 200 9.572 ms - 164[39m
[32m[39m
2025-11-21 04:15:20 [32minfo[39m [32mGET /api/v1/notifications 200 93.263 ms - 164[39m
[32m[39m
2025-11-21 04:15:50 [32minfo[39m [32mGET /api/v1/notifications 200 13.353 ms - 164[39m
[32m[39m
2025-11-21 04:16:19 [32minfo[39m [32mGET /api/v1/notifications 200 31.860 ms - 164[39m
[32m[39m
2025-11-21 04:19:34 [32minfo[39m [32mGET /api/v1/notifications 200 135.830 ms - 164[39m
[32m[39m
2025-11-21 04:20:00 [32minfo[39m [32mGET /api/v1/notifications 200 76.098 ms - 164[39m
[32m[39m
2025-11-21 04:20:30 [32minfo[39m [32mGET /api/v1/notifications 304 286.886 ms - -[39m
[32m[39m
2025-11-21 04:21:00 [32minfo[39m [32mGET /api/v1/notifications 200 11.220 ms - 164[39m
[32m[39m
2025-11-21 04:21:29 [32minfo[39m [32mGET /api/v1/notifications 200 10.604 ms - 164[39m
[32m[39m
2025-11-21 04:22:00 [32minfo[39m [32mGET /api/v1/notifications 200 12.178 ms - 164[39m
[32m[39m
2025-11-21 04:22:30 [32minfo[39m [32mGET /api/v1/notifications 200 13.525 ms - 164[39m
[32m[39m
2025-11-21 04:22:59 [32minfo[39m [32mGET /api/v1/notifications 200 8.915 ms - 164[39m
[32m[39m
2025-11-21 04:23:29 [32minfo[39m [32mGET /api/v1/notifications 200 102.236 ms - 164[39m
[32m[39m
2025-11-21 04:24:00 [32minfo[39m [32mGET /api/v1/notifications 200 21.405 ms - 164[39m
[32m[39m
2025-11-21 04:24:29 [32minfo[39m [32mGET /api/v1/notifications 200 13.682 ms - 164[39m
[32m[39m
2025-11-21 04:25:00 [32minfo[39m [32mGET /api/v1/notifications 200 141.910 ms - 164[39m
[32m[39m
2025-11-21 04:25:30 [32minfo[39m [32mGET /api/v1/notifications 200 14.068 ms - 164[39m
[32m[39m
2025-11-21 04:25:59 [32minfo[39m [32mGET /api/v1/notifications 200 104.072 ms - 164[39m
[32m[39m
2025-11-21 04:26:29 [32minfo[39m [32mGET /api/v1/notifications 200 15.850 ms - 164[39m
[32m[39m
2025-11-21 04:26:59 [32minfo[39m [32mGET /api/v1/notifications 200 28.639 ms - 164[39m
[32m[39m
2025-11-21 04:27:30 [32minfo[39m [32mGET /api/v1/notifications 200 13.946 ms - 164[39m
[32m[39m
2025-11-21 04:28:00 [32minfo[39m [32mGET /api/v1/notifications 200 16.812 ms - 164[39m
[32m[39m
2025-11-21 04:28:30 [32minfo[39m [32mGET /api/v1/notifications 200 11.022 ms - 164[39m
[32m[39m
2025-11-21 04:28:59 [32minfo[39m [32mGET /api/v1/notifications 200 13.262 ms - 164[39m
[32m[39m
2025-11-21 04:29:30 [32minfo[39m [32mGET /api/v1/notifications 200 8.994 ms - 164[39m
[32m[39m
2025-11-21 04:30:01 [32minfo[39m [32mGET /api/v1/notifications 200 186.876 ms - 164[39m
[32m[39m
2025-11-21 04:30:30 [32minfo[39m [32mGET /api/v1/notifications 200 21.453 ms - 164[39m
[32m[39m
2025-11-21 05:18:08 [32minfo[39m [32mPOST /api/v1/auth/vet-login 200 240.310 ms - 617[39m
[32m[39m
2025-11-21 05:18:11 [32minfo[39m [32mGET /api/v1/notifications 200 128.519 ms - 164[39m
[32m[39m
2025-11-21 05:18:12 [32minfo[39m [32mGET /api/v1/tasks/my-tasks 304 29.958 ms - -[39m
[32m[39m
2025-11-21 05:18:41 [32minfo[39m [32mGET /api/v1/notifications 304 11.972 ms - -[39m
[32m[39m
2025-11-21 05:19:11 [32minfo[39m [32mGET /api/v1/notifications 200 9.928 ms - 164[39m
[32m[39m
2025-11-21 05:19:51 [32minfo[39m [32mPOST /api/v1/auth/vet-login 200 148.997 ms - 617[39m
[32m[39m
2025-11-21 05:19:53 [32minfo[39m [32mGET /api/v1/notifications 200 10.247 ms - 164[39m
[32m[39m
2025-11-21 05:19:54 [32minfo[39m [32mGET /api/v1/tasks/my-tasks 304 13.751 ms - -[39m
[32m[39m
2025-11-21 05:20:23 [32minfo[39m [32mGET /api/v1/notifications 304 15.586 ms - -[39m
[32m[39m
2025-11-21 05:20:53 [32minfo[39m [32mGET /api/v1/notifications 200 15.472 ms - 164[39m
[32m[39m
2025-11-21 05:21:23 [32minfo[39m [32mGET /api/v1/notifications 200 18.238 ms - 164[39m
[32m[39m
2025-11-21 05:21:54 [32minfo[39m [32mGET /api/v1/notifications 200 13.965 ms - 164[39m
[32m[39m
2025-11-21 05:22:25 [32minfo[39m [32mGET /api/v1/notifications 200 776.907 ms - 164[39m
[32m[39m
2025-11-21 05:22:54 [32minfo[39m [32mGET /api/v1/notifications 200 321.270 ms - 164[39m
[32m[39m
2025-11-21 05:23:24 [32minfo[39m [32mGET /api/v1/notifications 200 246.364 ms - 164[39m
[32m[39m
2025-11-21 05:23:54 [32minfo[39m [32mGET /api/v1/notifications 200 36.138 ms - 164[39m
[32m[39m
2025-11-21 05:24:24 [32minfo[39m [32mGET /api/v1/notifications 200 20.501 ms - 164[39m
[32m[39m
2025-11-21 05:24:54 [32minfo[39m [32mGET /api/v1/notifications 200 11.696 ms - 164[39m
[32m[39m
2025-11-21 05:25:23 [32minfo[39m [32mGET /api/v1/notifications 200 37.761 ms - 164[39m
[32m[39m
2025-11-21 05:25:54 [32minfo[39m [32mGET /api/v1/notifications 200 9.164 ms - 164[39m
[32m[39m
2025-11-21 05:26:23 [32minfo[39m [32mGET /api/v1/notifications 200 15.165 ms - 164[39m
[32m[39m
2025-11-21 05:26:54 [32minfo[39m [32mGET /api/v1/notifications 200 13.588 ms - 164[39m
[32m[39m
2025-11-21 05:27:24 [32minfo[39m [32mGET /api/v1/notifications 200 10.229 ms - 164[39m
[32m[39m
2025-11-21 05:27:54 [32minfo[39m [32mGET /api/v1/notifications 200 122.517 ms - 164[39m
[32m[39m
2025-11-21 05:28:24 [32minfo[39m [32mGET /api/v1/notifications 200 18.905 ms - 164[39m
[32m[39m
2025-11-21 05:28:55 [32minfo[39m [32mGET /api/v1/notifications 200 1460.342 ms - 164[39m
[32m[39m
2025-11-21 05:29:23 [32minfo[39m [32mGET /api/v1/notifications 200 28.044 ms - 164[39m
[32m[39m
2025-11-21 05:29:54 [32minfo[39m [32mGET /api/v1/notifications 304 54.668 ms - -[39m
[32m[39m
2025-11-21 05:30:24 [32minfo[39m [32mGET /api/v1/notifications 200 9.947 ms - 164[39m
[32m[39m
2025-11-21 05:30:54 [32minfo[39m [32mGET /api/v1/notifications 200 14.879 ms - 164[39m
[32m[39m
2025-11-21 05:31:23 [32minfo[39m [32mGET /api/v1/notifications 200 11.963 ms - 164[39m
[32m[39m
2025-11-21 05:31:53 [32minfo[39m [32mGET /api/v1/notifications 200 405.713 ms - 164[39m
[32m[39m
2025-11-21 05:32:23 [32minfo[39m [32mGET /api/v1/notifications 200 14.824 ms - 164[39m
[32m[39m
2025-11-21 05:32:54 [32minfo[39m [32mGET /api/v1/notifications 200 88.755 ms - 164[39m
[32m[39m
2025-11-21 05:33:24 [32minfo[39m [32mGET /api/v1/notifications 200 13.069 ms - 164[39m
[32m[39m
2025-11-21 05:33:54 [32minfo[39m [32mGET /api/v1/notifications 200 15.881 ms - 164[39m
[32m[39m
2025-11-21 05:34:23 [32minfo[39m [32mGET /api/v1/notifications 200 205.386 ms - 164[39m
[32m[39m
2025-11-21 05:34:54 [32minfo[39m [32mGET /api/v1/notifications 200 20.590 ms - 164[39m
[32m[39m
2025-11-21 05:35:24 [32minfo[39m [32mGET /api/v1/notifications 200 151.856 ms - 164[39m
[32m[39m
2025-11-21 05:36:22 [32minfo[39m [32mPOST /api/v1/auth/vet-login 200 1643.246 ms - 617[39m
[32m[39m
2025-11-21 05:42:45 [32minfo[39m [32mPOST /api/v1/auth/vet-login 200 143.985 ms - 617[39m
[32m[39m
2025-11-21 05:42:47 [32minfo[39m [32mGET /api/v1/notifications 200 135.102 ms - 164[39m
[32m[39m
2025-11-21 05:42:47 [32minfo[39m [32mGET /api/v1/tasks/my-tasks 304 26.418 ms - -[39m
[32m[39m
2025-11-21 05:43:16 [32minfo[39m [32mGET /api/v1/notifications 304 10.153 ms - -[39m
[32m[39m
2025-11-21 05:43:49 [32minfo[39m [32mPOST /api/v1/auth/vet-login 200 149.336 ms - 617[39m
[32m[39m
2025-11-21 05:43:51 [32minfo[39m [32mGET /api/v1/notifications 200 10.288 ms - 164[39m
[32m[39m
2025-11-21 05:43:51 [32minfo[39m [32mGET /api/v1/tasks/my-tasks 304 15.957 ms - -[39m
[32m[39m
2025-11-21 05:44:21 [32minfo[39m [32mGET /api/v1/notifications 304 17.902 ms - -[39m
[32m[39m
2025-11-21 05:44:50 [32minfo[39m [32mGET /api/v1/notifications 200 15.538 ms - 164[39m
[32m[39m
2025-11-21 05:45:20 [32minfo[39m [32mGET /api/v1/notifications 200 23.823 ms - 164[39m
[32m[39m
2025-11-21 05:45:51 [32minfo[39m [32mGET /api/v1/notifications 200 20.556 ms - 164[39m
[32m[39m
2025-11-21 05:46:21 [32minfo[39m [32mGET /api/v1/notifications 200 22.159 ms - 164[39m
[32m[39m
2025-11-21 05:46:51 [32minfo[39m [32mGET /api/v1/notifications 200 140.980 ms - 164[39m
[32m[39m
2025-11-21 05:47:21 [32minfo[39m [32mGET /api/v1/notifications 200 452.500 ms - 164[39m
[32m[39m
2025-11-21 05:47:52 [32minfo[39m [32mGET /api/v1/notifications 200 2135.772 ms - 164[39m
[32m[39m
2025-11-21 05:48:22 [32minfo[39m [32mGET /api/v1/notifications 200 434.477 ms - 164[39m
[32m[39m
2025-11-21 05:48:51 [32minfo[39m [32mGET /api/v1/notifications 200 28.395 ms - 164[39m
[32m[39m
2025-11-21 05:49:21 [32minfo[39m [32mGET /api/v1/notifications 200 80.552 ms - 164[39m
[32m[39m
2025-11-21 05:49:52 [32minfo[39m [32mGET /api/v1/notifications 200 501.299 ms - 164[39m
[32m[39m
2025-11-21 05:50:22 [32minfo[39m [32mGET /api/v1/notifications 200 1761.241 ms - 164[39m
[32m[39m
2025-11-21 05:50:52 [32minfo[39m [32mGET /api/v1/notifications 200 703.392 ms - 164[39m
[32m[39m
2025-11-21 05:51:21 [32minfo[39m [32mGET /api/v1/notifications 200 50.565 ms - 164[39m
[32m[39m
2025-11-21 05:52:30 [32minfo[39m [32mPOST /api/v1/auth/vet-login 200 2342.893 ms - 617[39m
[32m[39m
2025-11-21 05:52:32 [32minfo[39m [32mGET /api/v1/notifications 200 223.479 ms - 164[39m
[32m[39m
2025-11-21 05:52:33 [32minfo[39m [32mGET /api/v1/tasks/my-tasks 304 243.053 ms - -[39m
[32m[39m
2025-11-21 05:53:04 [32minfo[39m [32mGET /api/v1/notifications 304 1063.230 ms - -[39m
[32m[39m
2025-11-21 05:54:20 [32minfo[39m [32mPOST /api/v1/auth/vet-login 200 2322.640 ms - 617[39m
[32m[39m
2025-11-21 05:54:21 [32minfo[39m [32mGET /api/v1/notifications 200 234.266 ms - 164[39m
[32m[39m
2025-11-21 05:54:22 [32minfo[39m [32mGET /api/v1/tasks/my-tasks 304 83.104 ms - -[39m
[32m[39m
2025-11-21 05:54:52 [32minfo[39m [32mGET /api/v1/notifications 304 164.265 ms - -[39m
[32m[39m
2025-11-21 05:55:22 [32minfo[39m [32mGET /api/v1/notifications 200 1441.173 ms - 164[39m
[32m[39m
2025-11-21 05:56:42 [32minfo[39m [32mPOST /api/v1/auth/vet-login 200 1476.885 ms - 617[39m
[32m[39m
2025-11-21 05:56:45 [32minfo[39m [32mGET /api/v1/notifications 200 731.766 ms - 164[39m
[32m[39m
2025-11-21 05:56:46 [32minfo[39m [32mGET /api/v1/tasks/my-tasks 304 378.263 ms - -[39m
[32m[39m
2025-11-21 05:57:14 [32minfo[39m [32mGET /api/v1/notifications 304 73.195 ms - -[39m
[32m[39m
2025-11-21 05:57:46 [32minfo[39m [32mGET /api/v1/notifications 200 2032.680 ms - 164[39m
[32m[39m
2025-11-21 05:58:16 [32minfo[39m [32mGET /api/v1/notifications 200 1151.185 ms - 164[39m
[32m[39m
2025-11-21 05:58:44 [32minfo[39m [32mGET /api/v1/notifications 200 60.177 ms - 164[39m
[32m[39m
2025-11-21 05:59:14 [32minfo[39m [32mGET /api/v1/notifications 200 139.013 ms - 164[39m
[32m[39m
2025-11-21 05:59:44 [32minfo[39m [32mGET /api/v1/notifications 200 81.513 ms - 164[39m
[32m[39m
2025-11-21 06:00:15 [32minfo[39m [32mGET /api/v1/notifications 200 283.165 ms - 164[39m
[32m[39m
2025-11-21 06:00:44 [32minfo[39m [32mGET /api/v1/notifications 200 399.926 ms - 164[39m
[32m[39m
2025-11-21 06:01:15 [32minfo[39m [32mGET /api/v1/notifications 200 585.757 ms - 164[39m
[32m[39m
2025-11-21 06:01:44 [32minfo[39m [32mGET /api/v1/notifications 200 1137.961 ms - 164[39m
[32m[39m
2025-11-21 06:02:28 [32minfo[39m [32mGET /api/v1/notifications - - ms - -[39m
[32m[39m
2025-11-21 06:02:53 [32minfo[39m [32mGET /api/v1/notifications 200 5983.016 ms - 164[39m
[32m[39m
2025-11-21 11:07:41 [32minfo[39m [32mPOST /api/v1/auth/vet-login 200 239.105 ms - 617[39m
[32m[39m
2025-11-21 11:07:46 [32minfo[39m [32mGET /api/v1/notifications 200 181.355 ms - 164[39m
[32m[39m
2025-11-21 11:07:46 [32minfo[39m [32mGET /api/v1/tasks/my-tasks 304 38.124 ms - -[39m
[32m[39m
2025-11-21 11:08:13 [32minfo[39m [32mGET /api/v1/notifications 304 13.719 ms - -[39m
[32m[39m
2025-11-21 11:08:44 [32minfo[39m [32mGET /api/v1/notifications 200 346.053 ms - 164[39m
[32m[39m
2025-11-21 11:09:14 [32minfo[39m [32mGET /api/v1/notifications 200 21.969 ms - 164[39m
[32m[39m
2025-11-21 11:09:44 [32minfo[39m [32mGET /api/v1/notifications 200 889.261 ms - 164[39m
[32m[39m
2025-11-21 13:01:42 [32minfo[39m [32mPOST /api/v1/auth/vet-login 200 249.560 ms - 617[39m
[32m[39m
2025-11-21 13:02:50 [32minfo[39m [32mPOST /api/v1/auth/vet-login 200 167.149 ms - 617[39m
[32m[39m
2025-11-21 13:02:54 [32minfo[39m [32mGET /api/v1/notifications 200 127.375 ms - 164[39m
[32m[39m
2025-11-21 13:02:54 [32minfo[39m [32mGET /api/v1/tasks/my-tasks 304 21.778 ms - -[39m
[32m[39m
2025-11-21 13:03:21 [32minfo[39m [32mGET /api/v1/notifications 304 92.466 ms - -[39m
[32m[39m
2025-11-21 13:03:51 [32minfo[39m [32mGET /api/v1/notifications 200 15.085 ms - 164[39m
[32m[39m
2025-11-21 13:04:23 [32minfo[39m [32mGET /api/v1/notifications 200 12.014 ms - 164[39m
[32m[39m
2025-11-21 13:04:51 [32minfo[39m [32mGET /api/v1/notifications 200 12.116 ms - 164[39m
[32m[39m
2025-11-21 13:05:02 [32minfo[39m [32mGET /api/v1/notes 200 18.541 ms - 132[39m
[32m[39m
2025-11-21 13:05:23 [32minfo[39m [32mGET /api/v1/notifications 200 19.387 ms - 164[39m
[32m[39m
2025-11-21 13:05:54 [32minfo[39m [32mGET /api/v1/notifications 304 302.682 ms - -[39m
[32m[39m
2025-11-21 13:06:20 [32minfo[39m [32mGET /api/v1/notes 200 18.653 ms - 132[39m
[32m[39m
2025-11-21 13:06:21 [32minfo[39m [32mGET /api/v1/notifications 200 11.661 ms - 164[39m
[32m[39m
2025-11-21 13:06:53 [32minfo[39m [32mGET /api/v1/notifications 200 12.087 ms - 164[39m
[32m[39m
2025-11-21 13:07:23 [32minfo[39m [32mGET /api/v1/notifications 200 14.168 ms - 164[39m
[32m[39m
2025-11-21 13:07:51 [32minfo[39m [32mGET /api/v1/notifications 200 15.063 ms - 164[39m
[32m[39m
2025-11-21 13:08:22 [32minfo[39m [32mGET /api/v1/notifications 200 19.716 ms - 164[39m
[32m[39m
2025-11-21 13:08:52 [32minfo[39m [32mGET /api/v1/notifications 304 26.270 ms - -[39m
[32m[39m
2025-11-21 13:09:22 [32minfo[39m [32mGET /api/v1/notifications 200 223.092 ms - 164[39m
[32m[39m
2025-11-21 13:09:51 [32minfo[39m [32mGET /api/v1/notifications 200 45.058 ms - 164[39m
[32m[39m
2025-11-21 13:10:23 [32minfo[39m [32mGET /api/v1/notifications 200 33.188 ms - 164[39m
[32m[39m
2025-11-21 13:10:51 [32minfo[39m [32mGET /api/v1/notifications 200 10.706 ms - 164[39m
[32m[39m
2025-11-21 13:11:23 [32minfo[39m [32mGET /api/v1/notifications 200 146.119 ms - 164[39m
[32m[39m
2025-11-21 13:11:52 [32minfo[39m [32mGET /api/v1/notifications 200 36.299 ms - 164[39m
[32m[39m
2025-11-21 13:12:22 [32minfo[39m [32mGET /api/v1/notifications 200 24.532 ms - 164[39m
[32m[39m
2025-11-21 13:12:53 [32minfo[39m [32mGET /api/v1/notifications 200 47.876 ms - 164[39m
[32m[39m
2025-11-21 13:13:23 [32minfo[39m [32mGET /api/v1/notifications 200 18.781 ms - 164[39m
[32m[39m
2025-11-21 13:13:53 [32minfo[39m [32mGET /api/v1/notifications 200 22.636 ms - 164[39m
[32m[39m
2025-11-21 13:14:22 [32minfo[39m [32mGET /api/v1/notifications 200 17.240 ms - 164[39m
[32m[39m
2025-11-21 13:14:53 [32minfo[39m [32mGET /api/v1/notifications 200 18.277 ms - 164[39m
[32m[39m
2025-11-21 13:15:23 [32minfo[39m [32mGET /api/v1/notifications 200 11.046 ms - 164[39m
[32m[39m
2025-11-21 13:15:52 [32minfo[39m [32mGET /api/v1/notifications 200 22.145 ms - 164[39m
[32m[39m
2025-11-21 13:16:23 [32minfo[39m [32mGET /api/v1/notifications 200 249.251 ms - 164[39m
[32m[39m
2025-11-21 13:16:53 [32minfo[39m [32mGET /api/v1/notifications 200 189.794 ms - 164[39m
[32m[39m
2025-11-21 13:17:22 [32minfo[39m [32mGET /api/v1/notifications 200 32.038 ms - 164[39m
[32m[39m
2025-11-21 13:17:53 [32minfo[39m [32mGET /api/v1/notifications 200 282.468 ms - 164[39m
[32m[39m
2025-11-21 13:18:23 [32minfo[39m [32mGET /api/v1/notifications 200 10.109 ms - 164[39m
[32m[39m
2025-11-21 13:18:53 [32minfo[39m [32mGET /api/v1/notifications 200 10.941 ms - 164[39m
[32m[39m
2025-11-21 13:19:23 [32minfo[39m [32mGET /api/v1/notifications 200 10.313 ms - 164[39m
[32m[39m
2025-11-21 13:19:53 [32minfo[39m [32mGET /api/v1/notifications 200 10.492 ms - 164[39m
[32m[39m
2025-11-21 13:20:23 [32minfo[39m [32mGET /api/v1/notifications 200 14.250 ms - 164[39m
[32m[39m
2025-11-21 13:20:53 [32minfo[39m [32mGET /api/v1/notifications 200 18.611 ms - 164[39m
[32m[39m
2025-11-21 13:21:23 [32minfo[39m [32mGET /api/v1/notifications 200 59.234 ms - 164[39m
[32m[39m
2025-11-21 13:21:54 [32minfo[39m [32mGET /api/v1/notifications 200 243.879 ms - 164[39m
[32m[39m
2025-11-21 13:22:22 [32minfo[39m [32mGET /api/v1/notifications 200 15.546 ms - 164[39m
[32m[39m
2025-11-21 13:22:52 [32minfo[39m [32mGET /api/v1/notifications 200 16.059 ms - 164[39m
[32m[39m
2025-11-21 13:23:23 [32minfo[39m [32mGET /api/v1/notifications 200 15.011 ms - 164[39m
[32m[39m
2025-11-21 13:23:52 [32minfo[39m [32mGET /api/v1/notifications 200 15.812 ms - 164[39m
[32m[39m
2025-11-21 13:24:22 [32minfo[39m [32mGET /api/v1/notifications 200 12.768 ms - 164[39m
[32m[39m
2025-11-21 13:24:53 [32minfo[39m [32mGET /api/v1/notifications 200 13.797 ms - 164[39m
[32m[39m
2025-11-21 13:25:23 [32minfo[39m [32mGET /api/v1/notifications 200 11.722 ms - 164[39m
[32m[39m
2025-11-21 13:25:52 [32minfo[39m [32mGET /api/v1/notifications 200 14.272 ms - 164[39m
[32m[39m
2025-11-21 13:26:24 [32minfo[39m [32mGET /api/v1/notifications 200 47.797 ms - 164[39m
[32m[39m
2025-11-21 13:26:53 [32minfo[39m [32mGET /api/v1/notifications 200 11.456 ms - 164[39m
[32m[39m
2025-11-21 13:27:22 [32minfo[39m [32mGET /api/v1/notifications 200 136.134 ms - 164[39m
[32m[39m
2025-11-21 13:27:54 [32minfo[39m [32mGET /api/v1/notifications 200 81.895 ms - 164[39m
[32m[39m
2025-11-21 13:28:23 [32minfo[39m [32mGET /api/v1/notifications 200 223.514 ms - 164[39m
[32m[39m
2025-11-21 13:28:52 [32minfo[39m [32mGET /api/v1/notifications 200 14.817 ms - 164[39m
[32m[39m
2025-11-21 13:29:23 [32minfo[39m [32mGET /api/v1/notifications 200 16.977 ms - 164[39m
[32m[39m
2025-11-21 13:29:53 [32minfo[39m [32mGET /api/v1/notifications 200 18.413 ms - 164[39m
[32m[39m
2025-11-21 13:30:22 [32minfo[39m [32mGET /api/v1/notifications 200 11.225 ms - 164[39m
[32m[39m
2025-11-21 13:30:53 [32minfo[39m [32mGET /api/v1/notifications 200 17.166 ms - 164[39m
[32m[39m
2025-11-21 13:31:23 [32minfo[39m [32mGET /api/v1/notifications 200 18.922 ms - 164[39m
[32m[39m
2025-11-21 13:31:52 [32minfo[39m [32mGET /api/v1/notifications 200 12.179 ms - 164[39m
[32m[39m
2025-11-21 13:32:22 [32minfo[39m [32mGET /api/v1/notifications 200 108.157 ms - 164[39m
[32m[39m
2025-11-21 13:32:54 [32minfo[39m [32mGET /api/v1/notifications 200 109.342 ms - 164[39m
[32m[39m
2025-11-21 13:33:23 [32minfo[39m [32mGET /api/v1/notifications 200 135.437 ms - 164[39m
[32m[39m
2025-11-21 13:33:53 [32minfo[39m [32mGET /api/v1/notifications 200 111.442 ms - 164[39m
[32m[39m
2025-11-21 13:34:26 [32minfo[39m [32mGET /api/v1/notifications 200 16.325 ms - 164[39m
[32m[39m
2025-11-21 13:34:54 [32minfo[39m [32mGET /api/v1/notifications 200 13.063 ms - 164[39m
[32m[39m
2025-11-21 13:35:22 [32minfo[39m [32mGET /api/v1/notifications 304 15.741 ms - -[39m
[32m[39m
2025-11-21 13:35:53 [32minfo[39m [32mGET /api/v1/notifications 200 11.147 ms - 164[39m
[32m[39m
2025-11-21 13:36:23 [32minfo[39m [32mGET /api/v1/notifications 200 13.396 ms - 164[39m
[32m[39m
2025-11-21 13:36:54 [32minfo[39m [32mGET /api/v1/notifications 200 15.611 ms - 164[39m
[32m[39m
2025-11-21 13:37:23 [32minfo[39m [32mGET /api/v1/notifications 200 130.810 ms - 164[39m
[32m[39m
2025-11-21 13:37:52 [32minfo[39m [32mGET /api/v1/notifications 200 18.491 ms - 164[39m
[32m[39m
2025-11-21 13:38:23 [32minfo[39m [32mGET /api/v1/notifications 200 104.260 ms - 164[39m
[32m[39m
2025-11-21 13:38:53 [32minfo[39m [32mGET /api/v1/notifications 200 107.375 ms - 164[39m
[32m[39m
2025-11-21 13:39:23 [32minfo[39m [32mGET /api/v1/notifications 200 15.091 ms - 164[39m
[32m[39m
2025-11-21 13:39:52 [32minfo[39m [32mGET /api/v1/notifications 200 10.950 ms - 164[39m
[32m[39m
2025-11-21 13:40:23 [32minfo[39m [32mGET /api/v1/notifications 200 11.380 ms - 164[39m
[32m[39m
2025-11-21 13:40:52 [32minfo[39m [32mGET /api/v1/notifications 200 12.058 ms - 164[39m
[32m[39m
2025-11-21 13:41:23 [32minfo[39m [32mGET /api/v1/notifications 200 9.494 ms - 164[39m
[32m[39m
2025-11-21 13:41:53 [32minfo[39m [32mGET /api/v1/notifications 200 10.475 ms - 164[39m
[32m[39m
2025-11-21 13:42:23 [32minfo[39m [32mGET /api/v1/notifications 200 12.764 ms - 164[39m
[32m[39m
2025-11-21 13:42:52 [32minfo[39m [32mGET /api/v1/notifications 200 95.481 ms - 164[39m
[32m[39m
2025-11-21 13:43:23 [32minfo[39m [32mGET /api/v1/notifications 200 11.450 ms - 164[39m
[32m[39m
2025-11-21 13:43:53 [32minfo[39m [32mGET /api/v1/notifications 200 258.491 ms - 164[39m
[32m[39m
2025-11-21 13:44:23 [32minfo[39m [32mGET /api/v1/notifications 200 11.667 ms - 164[39m
[32m[39m
2025-11-21 13:44:53 [32minfo[39m [32mGET /api/v1/notifications 200 12.579 ms - 164[39m
[32m[39m
2025-11-21 13:45:23 [32minfo[39m [32mGET /api/v1/notifications 200 9.378 ms - 164[39m
[32m[39m
2025-11-21 13:45:54 [32minfo[39m [32mGET /api/v1/notifications 200 10.863 ms - 164[39m
[32m[39m
2025-11-21 13:46:25 [32minfo[39m [32mGET /api/v1/notifications 200 10.144 ms - 164[39m
[32m[39m
2025-11-21 13:46:53 [32minfo[39m [32mGET /api/v1/notifications 200 10.405 ms - 164[39m
[32m[39m
2025-11-21 13:47:23 [32minfo[39m [32mGET /api/v1/notifications 200 10.206 ms - 164[39m
[32m[39m
2025-11-21 13:47:53 [32minfo[39m [32mGET /api/v1/notifications 200 83.790 ms - 164[39m
[32m[39m
2025-11-21 13:48:23 [32minfo[39m [32mGET /api/v1/notifications 200 11.762 ms - 164[39m
[32m[39m
2025-11-21 13:48:54 [32minfo[39m [32mGET /api/v1/notifications 200 201.397 ms - 164[39m
[32m[39m
2025-11-21 13:49:24 [32minfo[39m [32mGET /api/v1/notifications 200 89.755 ms - 164[39m
[32m[39m
2025-11-21 13:49:54 [32minfo[39m [32mGET /api/v1/notifications 200 14.953 ms - 164[39m
[32m[39m
2025-11-21 13:50:23 [32minfo[39m [32mGET /api/v1/notifications 200 10.716 ms - 164[39m
[32m[39m
2025-11-21 13:50:52 [32minfo[39m [32mGET /api/v1/notifications 200 9.824 ms - 164[39m
[32m[39m
2025-11-21 13:51:23 [32minfo[39m [32mGET /api/v1/notifications 200 13.879 ms - 164[39m
[32m[39m
2025-11-21 13:51:53 [32minfo[39m [32mGET /api/v1/notifications 200 10.881 ms - 164[39m
[32m[39m
2025-11-21 13:52:22 [32minfo[39m [32mGET /api/v1/notifications 200 16.132 ms - 164[39m
[32m[39m
2025-11-21 13:52:54 [32minfo[39m [32mGET /api/v1/notifications 200 92.828 ms - 164[39m
[32m[39m
2025-11-21 13:53:23 [32minfo[39m [32mGET /api/v1/notifications 200 20.056 ms - 164[39m
[32m[39m
2025-11-21 13:53:54 [32minfo[39m [32mGET /api/v1/notifications 200 95.003 ms - 164[39m
[32m[39m
2025-11-21 13:54:25 [32minfo[39m [32mGET /api/v1/notifications 200 93.985 ms - 164[39m
[32m[39m
2025-11-21 13:54:55 [32minfo[39m [32mGET /api/v1/notifications 200 11.905 ms - 164[39m
[32m[39m
2025-11-21 13:55:22 [32minfo[39m [32mGET /api/v1/notifications 200 22.660 ms - 164[39m
[32m[39m
2025-11-21 13:55:57 [32minfo[39m [32mGET /api/v1/notifications 200 9.521 ms - 164[39m
[32m[39m
2025-11-21 13:56:23 [32minfo[39m [32mGET /api/v1/notifications 200 10.973 ms - 164[39m
[32m[39m
2025-11-21 13:56:53 [32minfo[39m [32mGET /api/v1/notifications 200 16.992 ms - 164[39m
[32m[39m
2025-11-21 13:57:24 [32minfo[39m [32mGET /api/v1/notifications 200 12.483 ms - 164[39m
[32m[39m
2025-11-21 13:57:53 [32minfo[39m [32mGET /api/v1/notifications 304 19.357 ms - -[39m
[32m[39m
2025-11-21 13:58:23 [32minfo[39m [32mGET /api/v1/notifications 200 87.159 ms - 164[39m
[32m[39m
2025-11-21 13:58:54 [32minfo[39m [32mGET /api/v1/notifications 200 15.463 ms - 164[39m
[32m[39m
2025-11-21 13:59:23 [32minfo[39m [32mGET /api/v1/notifications 200 16.511 ms - 164[39m
[32m[39m
2025-11-21 13:59:52 [32minfo[39m [32mGET /api/v1/notifications 200 204.880 ms - 164[39m
[32m[39m
2025-11-21 14:00:23 [32minfo[39m [32mGET /api/v1/notifications 200 15.711 ms - 164[39m
[32m[39m
2025-11-21 14:00:52 [32minfo[39m [32mGET /api/v1/notifications 200 18.333 ms - 164[39m
[32m[39m
2025-11-21 14:01:22 [32minfo[39m [32mGET /api/v1/notifications 200 8.609 ms - 164[39m
[32m[39m
2025-11-21 14:01:53 [32minfo[39m [32mGET /api/v1/notifications 200 14.131 ms - 164[39m
[32m[39m
2025-11-21 14:02:23 [32minfo[39m [32mGET /api/v1/notifications 200 8.577 ms - 164[39m
[32m[39m
2025-11-21 14:02:53 [32minfo[39m [32mGET /api/v1/notifications 401 18.923 ms - 64[39m
[32m[39m
2025-11-23 04:22:33 [32minfo[39m [32mPOST /api/v1/auth/vet-login 200 355.399 ms - 617[39m
[32m[39m
2025-11-23 04:22:35 [32minfo[39m [32mGET /api/v1/notifications 304 151.563 ms - -[39m
[32m[39m
2025-11-23 04:22:35 [32minfo[39m [32mGET /api/v1/tasks/my-tasks 200 50.260 ms - 7358[39m
[32m[39m
2025-11-23 04:22:43 [32minfo[39m [32mGET /api/v1/users/vet/assigned-farms 200 25.802 ms - 886[39m
[32m[39m
2025-11-23 04:22:48 [32minfo[39m [32mGET /api/v1/users/vet/assigned-farms 304 11.502 ms - -[39m
[32m[39m
2025-11-23 04:22:50 [32minfo[39m [32mGET /api/v1/tasks/my-tasks 304 18.108 ms - -[39m
[32m[39m
2025-11-23 04:22:58 [32minfo[39m [32mGET /api/v1/tasks/my-tasks 304 14.189 ms - -[39m
[32m[39m
2025-11-23 04:23:03 [32minfo[39m [32mGET /api/v1/appointments 200 28.645 ms - 1315[39m
[32m[39m
2025-11-23 04:23:05 [32minfo[39m [32mGET /api/v1/notifications 304 11.084 ms - -[39m
[32m[39m
2025-11-23 04:23:34 [32minfo[39m [32mGET /api/v1/notifications 304 12.705 ms - -[39m
[32m[39m
2025-11-23 04:24:04 [32minfo[39m [32mGET /api/v1/notifications 304 10.626 ms - -[39m
[32m[39m
2025-11-23 04:24:35 [32minfo[39m [32mGET /api/v1/notifications 304 21.876 ms - -[39m
[32m[39m
2025-11-23 04:25:05 [32minfo[39m [32mGET /api/v1/notifications 304 8.941 ms - -[39m
[32m[39m
2025-11-23 04:25:35 [32minfo[39m [32mGET /api/v1/notifications 304 14.102 ms - -[39m
[32m[39m
2025-11-23 04:26:05 [32minfo[39m [32mGET /api/v1/notifications 304 211.052 ms - -[39m
[32m[39m
2025-11-23 04:26:35 [32minfo[39m [32mGET /api/v1/notifications 304 285.752 ms - -[39m
[32m[39m
2025-11-23 04:27:07 [32minfo[39m [32mGET /api/v1/notifications 304 3376.583 ms - -[39m
[32m[39m
2025-11-23 04:27:25 [32minfo[39m [32mGET /api/v1/users/vet/assigned-farms 304 302.519 ms - -[39m
[32m[39m
2025-11-23 04:27:29 [32minfo[39m [32mGET /api/v1/users/vet/farms/cmi9quy0w0002t1i42v34y0q8 200 707.177 ms - 20044[39m
[32m[39m
2025-11-23 04:27:31 [32minfo[39m [32mGET /api/v1/tasks/my-tasks?page=1&limit=10 200 500.118 ms - 7358[39m
[32m[39m
2025-11-23 04:27:32 [32minfo[39m [32mGET /api/v1/livestock?page=1&limit=60 200 98.956 ms - 67623[39m
[32m[39m
2025-11-23 04:27:35 [32minfo[39m [32mGET /api/v1/notifications 304 14.996 ms - -[39m
[32m[39m
2025-11-23 04:27:39 [32minfo[39m [32mGET /api/v1/livestock/cmi9quze7000ot1i4xwx1pqfi/health-history 200 297.221 ms - 962[39m
[32m[39m
2025-11-23 04:27:39 [32minfo[39m [32mGET /api/v1/livestock/cmi9quze7000ot1i4xwx1pqfi/activity-timeline 200 257.739 ms - 2024[39m
[32m[39m
2025-11-23 04:28:05 [32minfo[39m [32mGET /api/v1/notifications 304 13.219 ms - -[39m
[32m[39m
2025-11-23 04:28:28 [32minfo[39m [32mGET /api/v1/users/vet/farms/cmi9quy0w0002t1i42v34y0q8 304 115.623 ms - -[39m
[32m[39m
2025-11-23 04:28:28 [32minfo[39m [32mGET /api/v1/tasks/my-tasks?page=1&limit=10 304 31.773 ms - -[39m
[32m[39m
2025-11-23 04:28:28 [32minfo[39m [32mGET /api/v1/livestock?page=1&limit=60 304 54.070 ms - -[39m
[32m[39m
2025-11-23 04:28:29 [32minfo[39m [32mGET /api/v1/users/vet/assigned-farms 304 13.686 ms - -[39m
[32m[39m
2025-11-23 04:28:34 [32minfo[39m [32mGET /api/v1/notifications 304 7.949 ms - -[39m
[32m[39m
2025-11-23 04:28:45 [32minfo[39m [32mGET /api/v1/users/vet/assigned-farms 304 13.558 ms - -[39m
[32m[39m
2025-11-23 04:29:04 [32minfo[39m [32mGET /api/v1/notifications 304 21.153 ms - -[39m
[32m[39m
2025-11-23 04:29:35 [32minfo[39m [32mGET /api/v1/notifications 304 14.951 ms - -[39m
[32m[39m
2025-11-23 04:29:57 [32minfo[39m [32mGET /api/v1/users/vet/assigned-farms 304 16.005 ms - -[39m
[32m[39m
2025-11-23 04:29:58 [32minfo[39m [32mGET /api/v1/tasks/my-tasks 304 14.610 ms - -[39m
[32m[39m
2025-11-23 04:30:01 [32minfo[39m [32mGET /api/v1/users/vet/assigned-farms 304 10.336 ms - -[39m
[32m[39m
2025-11-23 04:30:04 [32minfo[39m [32mGET /api/v1/notifications 304 9.103 ms - -[39m
[32m[39m
2025-11-23 04:30:34 [32minfo[39m [32mGET /api/v1/notifications 304 11.728 ms - -[39m
[32m[39m
2025-11-23 04:31:05 [32minfo[39m [32mGET /api/v1/notifications 304 10.289 ms - -[39m
[32m[39m
2025-11-23 04:31:34 [32minfo[39m [32mGET /api/v1/notifications 304 13.200 ms - -[39m
[32m[39m
2025-11-23 04:32:05 [32minfo[39m [32mGET /api/v1/notifications 304 10.143 ms - -[39m
[32m[39m
2025-11-23 04:32:35 [32minfo[39m [32mGET /api/v1/notifications 304 12.193 ms - -[39m
[32m[39m
2025-11-23 04:33:05 [32minfo[39m [32mGET /api/v1/notifications 304 160.967 ms - -[39m
[32m[39m
2025-11-23 04:33:35 [32minfo[39m [32mGET /api/v1/notifications 304 19.373 ms - -[39m
[32m[39m
2025-11-23 04:34:04 [32minfo[39m [32mGET /api/v1/notifications 304 20.002 ms - -[39m
[32m[39m
2025-11-23 04:34:34 [32minfo[39m [32mGET /api/v1/notifications 304 12.494 ms - -[39m
[32m[39m
2025-11-23 04:35:05 [32minfo[39m [32mGET /api/v1/notifications 304 38.758 ms - -[39m
[32m[39m
2025-11-23 04:35:35 [32minfo[39m [32mGET /api/v1/notifications 304 18.278 ms - -[39m
[32m[39m
2025-11-23 04:36:04 [32minfo[39m [32mGET /api/v1/notifications 304 8.692 ms - -[39m
[32m[39m
2025-11-23 04:36:35 [32minfo[39m [32mGET /api/v1/notifications 304 26.434 ms - -[39m
[32m[39m
2025-11-23 04:39:24 [32minfo[39m [32mPOST /api/v1/auth/vet-login 200 153.830 ms - 617[39m
[32m[39m
2025-11-23 04:39:26 [32minfo[39m [32mGET /api/v1/notifications 304 126.876 ms - -[39m
[32m[39m
2025-11-23 04:39:26 [32minfo[39m [32mGET /api/v1/tasks/my-tasks 304 16.992 ms - -[39m
[32m[39m
2025-11-23 04:39:28 [32minfo[39m [32mGET /api/v1/appointments 304 23.019 ms - -[39m
[32m[39m
2025-11-23 04:39:30 [32minfo[39m [32mGET /api/v1/users/vet/assigned-farms 304 22.144 ms - -[39m
[32m[39m
2025-11-23 04:39:56 [32minfo[39m [32mGET /api/v1/notifications 304 16.644 ms - -[39m
[32m[39m
2025-11-23 04:40:26 [32minfo[39m [32mGET /api/v1/notifications 304 12.244 ms - -[39m
[32m[39m
2025-11-23 04:40:56 [32minfo[39m [32mGET /api/v1/notifications 304 9.778 ms - -[39m
[32m[39m
2025-11-23 04:41:00 [32minfo[39m [32mPOST /api/v1/appointments/cmi9quxvh0000t1i4hiw5gd5c/schedule 201 88.615 ms - 658[39m
[32m[39m
2025-11-23 04:41:06 [32minfo[39m [32mGET /api/v1/appointments 200 10.987 ms - 1887[39m
[32m[39m
2025-11-23 04:41:07 [32minfo[39m [32mGET /api/v1/appointments 304 8.728 ms - -[39m
[32m[39m
2025-11-23 04:41:18 [32minfo[39m [32mGET /api/v1/users/vet/assigned-farms 304 13.315 ms - -[39m
[32m[39m
2025-11-23 04:41:25 [32minfo[39m [32mGET /api/v1/notifications 304 10.384 ms - -[39m
[32m[39m
2025-11-23 04:41:37 [32minfo[39m [32mGET /api/v1/users/vet/assigned-farms 304 19.274 ms - -[39m
[32m[39m
2025-11-23 04:41:40 [32minfo[39m [32mGET /api/v1/users/vet/assigned-farms 304 20.480 ms - -[39m
[32m[39m
2025-11-23 04:41:56 [32minfo[39m [32mGET /api/v1/notifications 304 15.612 ms - -[39m
[32m[39m
2025-11-23 04:41:57 [32minfo[39m [32mGET /api/v1/users/vet/assigned-farms 304 9.540 ms - -[39m
[32m[39m
2025-11-23 04:42:10 [32minfo[39m [32mGET /api/v1/users/vet/assigned-farms 304 8.782 ms - -[39m
[32m[39m
2025-11-23 04:42:14 [32minfo[39m [32mGET /api/v1/tasks/my-tasks 304 18.456 ms - -[39m
[32m[39m
2025-11-23 04:42:26 [32minfo[39m [32mGET /api/v1/notifications 304 8.180 ms - -[39m
[32m[39m
2025-11-23 04:42:55 [32minfo[39m [32mGET /api/v1/notifications 304 18.433 ms - -[39m
[32m[39m
2025-11-23 04:43:25 [32minfo[39m [32mGET /api/v1/notifications 304 23.174 ms - -[39m
[32m[39m
2025-11-23 04:43:58 [32minfo[39m [32mPOST /api/v1/auth/vet-login 200 364.701 ms - 617[39m
[32m[39m
2025-11-23 04:43:58 [32minfo[39m [32mGET /api/v1/tasks/my-tasks 304 14.181 ms - -[39m
[32m[39m
2025-11-23 04:43:59 [32minfo[39m [32mGET /api/v1/notifications 304 8.053 ms - -[39m
[32m[39m
2025-11-23 04:44:01 [32minfo[39m [32mGET /api/v1/users/vet/assigned-farms 304 9.665 ms - -[39m
[32m[39m
2025-11-23 04:44:13 [32minfo[39m [32mGET /api/v1/users/vet/assigned-farms 304 8.592 ms - -[39m
[32m[39m
2025-11-23 04:44:15 [32minfo[39m [32mGET /api/v1/appointments 304 17.120 ms - -[39m
[32m[39m
2025-11-23 04:44:15 [32minfo[39m [32mGET /api/v1/users/vet/assigned-farms 304 8.834 ms - -[39m
[32m[39m
2025-11-23 04:44:29 [32minfo[39m [32mGET /api/v1/notifications 304 185.184 ms - -[39m
[32m[39m
2025-11-23 04:44:59 [32minfo[39m [32mGET /api/v1/notifications 304 12.490 ms - -[39m
[32m[39m
2025-11-23 04:45:16 [32minfo[39m [32mPOST /api/v1/appointments/cmi9quyd90007t1i4ylinunej/schedule 201 45.520 ms - 654[39m
[32m[39m
2025-11-23 04:45:21 [32minfo[39m [32mGET /api/v1/appointments 200 18.676 ms - 2455[39m
[32m[39m
2025-11-23 04:45:28 [32minfo[39m [32mGET /api/v1/notifications 304 16.937 ms - -[39m
[32m[39m
2025-11-23 04:45:59 [32minfo[39m [32mGET /api/v1/notifications 304 14.255 ms - -[39m
[32m[39m
2025-11-23 04:46:05 [32minfo[39m [32mGET /api/v1/tasks/my-tasks 304 16.373 ms - -[39m
[32m[39m
2025-11-23 04:46:28 [32minfo[39m [32mGET /api/v1/notifications 304 10.856 ms - -[39m
[32m[39m
2025-11-23 04:46:59 [32minfo[39m [32mGET /api/v1/notifications 304 36.860 ms - -[39m
[32m[39m
2025-11-23 04:47:29 [32minfo[39m [32mGET /api/v1/notifications 304 9.954 ms - -[39m
[32m[39m
2025-11-23 04:48:14 [32minfo[39m [32mPOST /api/v1/auth/vet-login 200 131.124 ms - 617[39m
[32m[39m
2025-11-23 04:48:15 [32minfo[39m [32mGET /api/v1/tasks/my-tasks 304 19.370 ms - -[39m
[32m[39m
2025-11-23 04:48:15 [32minfo[39m [32mGET /api/v1/notifications 304 8.872 ms - -[39m
[32m[39m
2025-11-23 04:48:16 [32minfo[39m [32mGET /api/v1/appointments 304 9.287 ms - -[39m
[32m[39m
2025-11-23 04:51:33 [32minfo[39m [32mPOST /api/v1/auth/vet-login 200 139.504 ms - 617[39m
[32m[39m
2025-11-23 04:51:35 [32minfo[39m [32mGET /api/v1/tasks/my-tasks 304 94.164 ms - -[39m
[32m[39m
2025-11-23 04:51:36 [32minfo[39m [32mGET /api/v1/notifications 304 202.276 ms - -[39m
[32m[39m
2025-11-23 04:51:40 [32minfo[39m [32mGET /api/v1/appointments 304 12.136 ms - -[39m
[32m[39m
2025-11-23 04:51:52 [32minfo[39m [32mGET /api/v1/appointments 304 12.654 ms - -[39m
[32m[39m
2025-11-23 04:51:57 [32minfo[39m [32mGET /api/v1/appointments 304 8.139 ms - -[39m
[32m[39m
2025-11-23 04:52:05 [32minfo[39m [32mGET /api/v1/notifications 304 9.264 ms - -[39m
[32m[39m
2025-11-23 04:52:19 [32minfo[39m [32mGET /api/v1/appointments 304 8.898 ms - -[39m
[32m[39m
2025-11-23 04:52:23 [32minfo[39m [32mGET /api/v1/appointments 304 9.880 ms - -[39m
[32m[39m
2025-11-23 04:52:35 [32minfo[39m [32mGET /api/v1/notifications 304 8.811 ms - -[39m
[32m[39m
2025-11-23 04:53:04 [32minfo[39m [32mGET /api/v1/notifications 304 10.123 ms - -[39m
[32m[39m
2025-11-23 04:53:34 [32minfo[39m [32mGET /api/v1/notifications 304 14.431 ms - -[39m
[32m[39m
2025-11-23 04:54:04 [32minfo[39m [32mGET /api/v1/notifications 304 13.228 ms - -[39m
[32m[39m
2025-11-23 04:54:35 [32minfo[39m [32mGET /api/v1/notifications 304 10.500 ms - -[39m
[32m[39m
2025-11-23 04:55:04 [32minfo[39m [32mGET /api/v1/notifications 304 293.466 ms - -[39m
[32m[39m
2025-11-23 04:55:26 [32minfo[39m [32mGET /api/v1/appointments 304 38.851 ms - -[39m
[32m[39m
2025-11-23 04:55:35 [32minfo[39m [32mGET /api/v1/notifications 304 7.959 ms - -[39m
[32m[39m
2025-11-23 04:55:55 [32minfo[39m [32mGET /api/v1/appointments 304 90.464 ms - -[39m
[32m[39m
2025-11-23 04:55:57 [32minfo[39m [32mGET /api/v1/appointments 304 13.475 ms - -[39m
[32m[39m
2025-11-23 05:00:26 [32minfo[39m [32mPOST /api/v1/auth/vet-login 200 136.320 ms - 617[39m
[32m[39m
2025-11-23 05:00:28 [32minfo[39m [32mGET /api/v1/notifications 304 284.710 ms - -[39m
[32m[39m
2025-11-23 05:00:28 [32minfo[39m [32mGET /api/v1/tasks/my-tasks 304 165.175 ms - -[39m
[32m[39m
2025-11-23 05:00:29 [32minfo[39m [32mGET /api/v1/appointments 304 10.116 ms - -[39m
[32m[39m
2025-11-23 05:00:58 [32minfo[39m [32mGET /api/v1/notifications 304 14.133 ms - -[39m
[32m[39m
2025-11-23 05:01:28 [32minfo[39m [32mGET /api/v1/notifications 304 12.529 ms - -[39m
[32m[39m
2025-11-23 05:01:46 [32minfo[39m [32mGET /api/v1/appointments 304 21.112 ms - -[39m
[32m[39m
2025-11-23 05:01:57 [32minfo[39m [32mGET /api/v1/notifications 304 7.808 ms - -[39m
[32m[39m
2025-11-23 05:02:28 [32minfo[39m [32mGET /api/v1/notifications 304 9.584 ms - -[39m
[32m[39m
2025-11-23 05:02:35 [32minfo[39m [32mGET /api/v1/appointments 304 300.173 ms - -[39m
[32m[39m
2025-11-23 05:02:37 [32minfo[39m [32mGET /api/v1/appointments 304 216.507 ms - -[39m
[32m[39m
2025-11-23 05:02:38 [32minfo[39m [32mGET /api/v1/appointments 304 34.644 ms - -[39m
[32m[39m
2025-11-23 05:02:40 [32minfo[39m [32mGET /api/v1/appointments 304 14.350 ms - -[39m
[32m[39m
2025-11-23 05:02:58 [32minfo[39m [32mGET /api/v1/notifications 304 10.232 ms - -[39m
[32m[39m
2025-11-23 05:03:21 [32minfo[39m [32mPOST /api/v1/auth/vet-login 200 182.108 ms - 617[39m
[32m[39m
2025-11-23 05:03:27 [32minfo[39m [32mGET /api/v1/notifications 304 10.175 ms - -[39m
[32m[39m
2025-11-23 05:03:57 [32minfo[39m [32mGET /api/v1/notifications 304 9.074 ms - -[39m
[32m[39m
2025-11-23 05:04:09 [32minfo[39m [32mGET /api/v1/appointments 200 16.480 ms - 2455[39m
[32m[39m
2025-11-23 05:04:28 [32minfo[39m [32mGET /api/v1/notifications 304 11.181 ms - -[39m
[32m[39m
2025-11-23 05:04:54 [32minfo[39m [32mGET /api/v1/appointments 304 96.236 ms - -[39m
[32m[39m
2025-11-23 05:04:58 [32minfo[39m [32mGET /api/v1/notifications 304 7.828 ms - -[39m
[32m[39m
2025-11-23 05:05:27 [32minfo[39m [32mGET /api/v1/notifications 304 18.730 ms - -[39m
[32m[39m
2025-11-23 05:05:58 [32minfo[39m [32mGET /api/v1/notifications 304 392.944 ms - -[39m
[32m[39m
2025-11-23 05:07:09 [32minfo[39m [32mPOST /api/v1/auth/vet-login 200 129.245 ms - 617[39m
[32m[39m
2025-11-23 05:07:11 [32minfo[39m [32mGET /api/v1/notifications 304 9.993 ms - -[39m
[32m[39m
2025-11-23 05:07:11 [32minfo[39m [32mGET /api/v1/tasks/my-tasks 304 15.053 ms - -[39m
[32m[39m
2025-11-23 05:07:14 [32minfo[39m [32mGET /api/v1/appointments 304 10.602 ms - -[39m
[32m[39m
2025-11-23 05:08:39 [32minfo[39m [32mPOST /api/v1/auth/vet-login 200 146.656 ms - 617[39m
[32m[39m
2025-11-23 05:08:40 [32minfo[39m [32mGET /api/v1/tasks/my-tasks 304 25.946 ms - -[39m
[32m[39m
2025-11-23 05:08:41 [32minfo[39m [32mGET /api/v1/notifications 304 9.866 ms - -[39m
[32m[39m
2025-11-23 05:08:42 [32minfo[39m [32mGET /api/v1/appointments 304 9.529 ms - -[39m
[32m[39m
2025-11-23 05:09:11 [32minfo[39m [32mGET /api/v1/notifications 304 14.884 ms - -[39m
[32m[39m
2025-11-23 05:09:40 [32minfo[39m [32mGET /api/v1/notifications 304 10.614 ms - -[39m
[32m[39m
2025-11-23 05:10:10 [32minfo[39m [32mGET /api/v1/notifications 304 10.798 ms - -[39m
[32m[39m
2025-11-23 05:10:41 [32minfo[39m [32mGET /api/v1/notifications 304 11.939 ms - -[39m
[32m[39m
2025-11-23 05:11:11 [32minfo[39m [32mGET /api/v1/notifications 304 147.156 ms - -[39m
[32m[39m
2025-11-23 05:11:41 [32minfo[39m [32mGET /api/v1/notifications 304 14.504 ms - -[39m
[32m[39m
2025-11-23 05:11:58 [32minfo[39m [32mGET /api/v1/appointments 304 30.094 ms - -[39m
[32m[39m
2025-11-23 05:12:04 [32minfo[39m [32mGET /api/v1/appointments 304 258.965 ms - -[39m
[32m[39m
2025-11-23 05:12:06 [32minfo[39m [32mGET /api/v1/appointments 304 305.886 ms - -[39m
[32m[39m
2025-11-23 05:12:08 [32minfo[39m [32mGET /api/v1/appointments 304 20.277 ms - -[39m
[32m[39m
2025-11-23 05:12:26 [31merror[39m [31mInvalid credentials Invalid credentials[39m
2025-11-23 05:12:26 [32minfo[39m [32mPOST /api/v1/auth/vet-login 400 177.352 ms - 47[39m
[32m[39m
2025-11-23 05:12:35 [32minfo[39m [32mPOST /api/v1/auth/vet-login 200 345.972 ms - 617[39m
[32m[39m
2025-11-23 05:12:36 [32minfo[39m [32mGET /api/v1/tasks/my-tasks 304 22.356 ms - -[39m
[32m[39m
2025-11-23 05:12:37 [32minfo[39m [32mGET /api/v1/notifications 304 8.967 ms - -[39m
[32m[39m
2025-11-23 05:12:38 [32minfo[39m [32mGET /api/v1/appointments 304 11.766 ms - -[39m
[32m[39m
2025-11-23 05:12:43 [32minfo[39m [32mGET /api/v1/users/vet/assigned-farms 304 16.764 ms - -[39m
[32m[39m
2025-11-23 05:12:59 [32minfo[39m [32mGET /api/v1/appointments 304 82.391 ms - -[39m
[32m[39m
2025-11-23 05:13:00 [32minfo[39m [32mGET /api/v1/users/vet/assigned-farms 304 21.512 ms - -[39m
[32m[39m
2025-11-23 05:13:05 [32minfo[39m [32mGET /api/v1/tasks/my-tasks 304 29.567 ms - -[39m
[32m[39m
2025-11-23 05:13:06 [32minfo[39m [32mGET /api/v1/notifications 304 17.584 ms - -[39m
[32m[39m
2025-11-23 05:13:08 [32minfo[39m [32mGET /api/v1/tasks/my-tasks 304 59.333 ms - -[39m
[32m[39m
2025-11-23 05:13:14 [32minfo[39m [32mGET /api/v1/users/vet/assigned-farms 304 21.589 ms - -[39m
[32m[39m
2025-11-23 05:13:36 [32minfo[39m [32mGET /api/v1/notifications 304 16.636 ms - -[39m
[32m[39m
2025-11-23 05:14:06 [32minfo[39m [32mGET /api/v1/notifications 304 18.987 ms - -[39m
[32m[39m
2025-11-23 05:14:31 [32minfo[39m [32mGET /api/v1/users/vet/assigned-farms 304 249.370 ms - -[39m
[32m[39m
2025-11-23 05:14:55 [32minfo[39m [32mPOST /api/v1/auth/vet-login 200 141.467 ms - 617[39m
[32m[39m
2025-11-23 05:14:55 [32minfo[39m [32mGET /api/v1/tasks/my-tasks 304 37.844 ms - -[39m
[32m[39m
2025-11-23 05:14:56 [32minfo[39m [32mGET /api/v1/notifications 304 255.829 ms - -[39m
[32m[39m
2025-11-23 05:14:57 [32minfo[39m [32mGET /api/v1/users/vet/assigned-farms 304 13.099 ms - -[39m
[32m[39m
2025-11-23 05:15:11 [32minfo[39m [32mGET /api/v1/users/vet/assigned-farms 304 60.142 ms - -[39m
[32m[39m
2025-11-23 05:15:15 [32minfo[39m [32mGET /api/v1/users/vet/assigned-farms 304 264.497 ms - -[39m
[32m[39m
2025-11-23 05:15:25 [32minfo[39m [32mGET /api/v1/notifications 304 14.961 ms - -[39m
[32m[39m
2025-11-23 05:15:46 [32minfo[39m [32mGET /api/v1/users/vet/assigned-farms 304 13.836 ms - -[39m
[32m[39m
2025-11-23 05:15:56 [32minfo[39m [32mGET /api/v1/notifications 304 19.213 ms - -[39m
[32m[39m
2025-11-23 05:15:57 [32minfo[39m [32mGET /api/v1/users/vet/assigned-farms 304 72.709 ms - -[39m
[32m[39m
2025-11-23 05:16:09 [32minfo[39m [32mGET /api/v1/users/vet/assigned-farms 304 62.523 ms - -[39m
[32m[39m
2025-11-23 05:16:19 [32minfo[39m [32mGET /api/v1/users/vet/assigned-farms 304 68.514 ms - -[39m
[32m[39m
2025-11-23 05:16:22 [32minfo[39m [32mGET /api/v1/users/vet/assigned-farms 304 16.251 ms - -[39m
[32m[39m
2025-11-23 05:16:26 [32minfo[39m [32mGET /api/v1/notifications 304 182.105 ms - -[39m
[32m[39m
2025-11-23 05:16:33 [32minfo[39m [32mGET /api/v1/users/vet/assigned-farms 304 34.473 ms - -[39m
[32m[39m
2025-11-23 05:16:45 [32minfo[39m [32mGET /api/v1/users/vet/assigned-farms 304 614.794 ms - -[39m
[32m[39m
2025-11-23 05:16:47 [32minfo[39m [32mGET /api/v1/users/vet/assigned-farms 304 21.705 ms - -[39m
[32m[39m
2025-11-23 05:16:54 [32minfo[39m [32mGET /api/v1/users/vet/assigned-farms 304 13.269 ms - -[39m
[32m[39m
2025-11-23 05:16:55 [32minfo[39m [32mGET /api/v1/notifications 304 185.858 ms - -[39m
[32m[39m
2025-11-23 05:17:25 [32minfo[39m [32mGET /api/v1/notifications 304 9.281 ms - -[39m
[32m[39m
2025-11-23 05:17:29 [32minfo[39m [32mGET /api/v1/users/vet/assigned-farms 304 13.456 ms - -[39m
[32m[39m
2025-11-23 05:17:33 [32minfo[39m [32mGET /api/v1/users/vet/assigned-farms 304 13.176 ms - -[39m
[32m[39m
2025-11-23 05:17:42 [32minfo[39m [32mGET /api/v1/users/vet/assigned-farms 304 14.890 ms - -[39m
[32m[39m
2025-11-23 05:17:48 [32minfo[39m [32mGET /api/v1/users/vet/assigned-farms 304 12.161 ms - -[39m
[32m[39m
2025-11-23 05:17:55 [32minfo[39m [32mGET /api/v1/users/vet/assigned-farms 304 11.146 ms - -[39m
[32m[39m
2025-11-23 05:17:55 [32minfo[39m [32mGET /api/v1/notifications 304 13.026 ms - -[39m
[32m[39m
2025-11-23 05:17:56 [32minfo[39m [32mGET /api/v1/users/vet/assigned-farms 304 12.268 ms - -[39m
[32m[39m
2025-11-23 05:18:17 [32minfo[39m [32mGET /api/v1/users/vet/assigned-farms 304 93.194 ms - -[39m
[32m[39m
2025-11-23 05:18:19 [32minfo[39m [32mGET /api/v1/users/vet/assigned-farms 304 11.396 ms - -[39m
[32m[39m
2025-11-23 05:18:25 [32minfo[39m [32mGET /api/v1/notifications 304 12.690 ms - -[39m
[32m[39m
2025-11-23 05:18:30 [32minfo[39m [32mGET /api/v1/users/vet/farms/cmi9quyh00009t1i4ynm1n7gj 200 135.967 ms - 10600[39m
[32m[39m
2025-11-23 05:18:30 [32minfo[39m [32mGET /api/v1/livestock?page=1&limit=60 200 227.636 ms - 67623[39m
[32m[39m
2025-11-23 05:18:31 [32minfo[39m [32mGET /api/v1/tasks/my-tasks?page=1&limit=10 304 21.713 ms - -[39m
[32m[39m
2025-11-23 05:18:32 [32minfo[39m [32mGET /api/v1/users/vet/assigned-farms 304 17.156 ms - -[39m
[32m[39m
2025-11-23 05:18:40 [32minfo[39m [32mGET /api/v1/tasks/my-tasks 304 11.239 ms - -[39m
[32m[39m
2025-11-23 05:18:45 [32minfo[39m [32mGET /api/v1/users/vet/assigned-farms 304 8.600 ms - -[39m
[32m[39m
2025-11-23 05:18:47 [32minfo[39m [32mGET /api/v1/users/vet/farms/cmi9quy0w0002t1i42v34y0q8 304 80.587 ms - -[39m
[32m[39m
2025-11-23 05:18:48 [32minfo[39m [32mGET /api/v1/tasks/my-tasks?page=1&limit=10 304 10.854 ms - -[39m
[32m[39m
2025-11-23 05:18:49 [32minfo[39m [32mGET /api/v1/livestock?page=1&limit=60 304 31.157 ms - -[39m
[32m[39m
2025-11-23 05:18:56 [32minfo[39m [32mGET /api/v1/notifications 304 9.135 ms - -[39m
[32m[39m
2025-11-23 05:19:02 [32minfo[39m [32mGET /api/v1/users/vet/assigned-farms 304 7.910 ms - -[39m
[32m[39m
2025-11-23 05:19:09 [32minfo[39m [32mGET /api/v1/users/vet/assigned-farms 304 8.444 ms - -[39m
[32m[39m
2025-11-23 05:19:13 [32minfo[39m [32mGET /api/v1/users/vet/farms/cmi9quyh00009t1i4ynm1n7gj 304 82.817 ms - -[39m
[32m[39m
2025-11-23 05:19:14 [32minfo[39m [32mGET /api/v1/tasks/my-tasks?page=1&limit=10 304 10.646 ms - -[39m
[32m[39m
2025-11-23 05:19:14 [32minfo[39m [32mGET /api/v1/livestock?page=1&limit=60 304 27.589 ms - -[39m
[32m[39m
2025-11-23 05:19:18 [32minfo[39m [32mGET /api/v1/livestock/cmi9quzhv002ut1i4vg4uzi1l/health-history 200 14.811 ms - 272[39m
[32m[39m
2025-11-23 05:19:19 [32minfo[39m [32mGET /api/v1/livestock/cmi9quzhv002ut1i4vg4uzi1l/activity-timeline 200 232.393 ms - 375[39m
[32m[39m
2025-11-23 05:19:25 [32minfo[39m [32mGET /api/v1/notifications 304 10.991 ms - -[39m
[32m[39m
2025-11-23 05:19:27 [32minfo[39m [32mGET /api/v1/users/vet/farms/cmi9quyh00009t1i4ynm1n7gj 304 86.242 ms - -[39m
[32m[39m
2025-11-23 05:19:28 [32minfo[39m [32mGET /api/v1/livestock?page=1&limit=60 304 30.070 ms - -[39m
[32m[39m
2025-11-23 05:19:29 [32minfo[39m [32mGET /api/v1/tasks/my-tasks?page=1&limit=10 304 70.323 ms - -[39m
[32m[39m
2025-11-23 05:19:31 [32minfo[39m [32mGET /api/v1/livestock/cmi9quzg9001st1i42bdjo2fw/health-history 200 23.250 ms - 3155[39m
[32m[39m
2025-11-23 05:19:32 [32minfo[39m [32mGET /api/v1/livestock/cmi9quzg9001st1i42bdjo2fw/activity-timeline 200 36.062 ms - 7645[39m
[32m[39m
2025-11-23 05:19:55 [32minfo[39m [32mGET /api/v1/notifications 304 13.561 ms - -[39m
[32m[39m
2025-11-23 05:20:25 [32minfo[39m [32mGET /api/v1/notifications 304 13.905 ms - -[39m
[32m[39m
2025-11-23 05:20:55 [32minfo[39m [32mGET /api/v1/notifications 304 10.152 ms - -[39m
[32m[39m
2025-11-23 05:21:26 [32minfo[39m [32mGET /api/v1/notifications 304 117.052 ms - -[39m
[32m[39m
2025-11-23 05:21:55 [32minfo[39m [32mGET /api/v1/notifications 304 19.771 ms - -[39m
[32m[39m
2025-11-23 05:22:00 [32minfo[39m [32mGET /api/v1/users/vet/farms/cmi9quyh00009t1i4ynm1n7gj 304 82.073 ms - -[39m
[32m[39m
2025-11-23 05:22:01 [32minfo[39m [32mGET /api/v1/livestock?page=1&limit=60 304 25.917 ms - -[39m
[32m[39m
2025-11-23 05:22:02 [32minfo[39m [32mGET /api/v1/tasks/my-tasks?page=1&limit=10 304 11.931 ms - -[39m
[32m[39m
2025-11-23 05:22:03 [32minfo[39m [32mGET /api/v1/users/vet/assigned-farms 304 18.356 ms - -[39m
[32m[39m
2025-11-23 05:22:27 [32minfo[39m [32mGET /api/v1/notifications 304 282.405 ms - -[39m
[32m[39m
2025-11-23 05:22:55 [32minfo[39m [32mGET /api/v1/notifications 304 13.569 ms - -[39m
[32m[39m
2025-11-23 05:23:26 [32minfo[39m [32mGET /api/v1/notifications 304 20.111 ms - -[39m
[32m[39m
2025-11-23 05:23:55 [32minfo[39m [32mGET /api/v1/notifications 304 18.325 ms - -[39m
[32m[39m
2025-11-23 05:24:26 [32minfo[39m [32mGET /api/v1/notifications 304 129.033 ms - -[39m
[32m[39m
2025-11-23 05:24:56 [32minfo[39m [32mGET /api/v1/notifications 304 21.095 ms - -[39m
[32m[39m
2025-11-23 05:25:26 [32minfo[39m [32mGET /api/v1/notifications 304 491.472 ms - -[39m
[32m[39m
2025-11-23 05:25:57 [32minfo[39m [32mGET /api/v1/notifications 304 17.648 ms - -[39m
[32m[39m
2025-11-23 05:26:26 [32minfo[39m [32mGET /api/v1/notifications 304 348.989 ms - -[39m
[32m[39m
2025-11-23 05:26:57 [32minfo[39m [32mGET /api/v1/notifications 304 84.191 ms - -[39m
[32m[39m
2025-11-23 05:27:27 [32minfo[39m [32mGET /api/v1/notifications 304 18.926 ms - -[39m
[32m[39m
2025-11-23 05:27:57 [32minfo[39m [32mGET /api/v1/notifications 304 12.246 ms - -[39m
[32m[39m
2025-11-23 05:28:27 [32minfo[39m [32mGET /api/v1/notifications 304 12.215 ms - -[39m
[32m[39m
2025-11-23 05:28:57 [32minfo[39m [32mGET /api/v1/notifications 304 15.706 ms - -[39m
[32m[39m
2025-11-23 05:29:26 [32minfo[39m [32mGET /api/v1/notifications 304 12.905 ms - -[39m
[32m[39m
2025-11-23 05:29:58 [32minfo[39m [32mGET /api/v1/notifications 304 627.537 ms - -[39m
[32m[39m
2025-11-23 05:30:26 [32minfo[39m [32mGET /api/v1/notifications 304 140.971 ms - -[39m
[32m[39m
2025-11-23 05:30:28 [32minfo[39m [32mGET /api/v1/notes 200 33.552 ms - 132[39m
[32m[39m
2025-11-23 05:30:55 [32minfo[39m [32mGET /api/v1/notifications 304 17.462 ms - -[39m
[32m[39m
2025-11-23 05:31:27 [32minfo[39m [32mGET /api/v1/notifications 304 14.776 ms - -[39m
[32m[39m
2025-11-23 05:31:57 [32minfo[39m [32mGET /api/v1/notifications 304 9.076 ms - -[39m
[32m[39m
2025-11-23 05:32:27 [32minfo[39m [32mGET /api/v1/notifications 304 100.613 ms - -[39m
[32m[39m
2025-11-23 05:32:57 [32minfo[39m [32mGET /api/v1/notifications 304 12.968 ms - -[39m
[32m[39m
2025-11-23 05:33:25 [32minfo[39m [32mGET /api/v1/notifications 304 58.989 ms - -[39m
[32m[39m
2025-11-23 05:33:55 [32minfo[39m [32mGET /api/v1/notifications 304 19.894 ms - -[39m
[32m[39m
2025-11-23 05:36:58 [32minfo[39m [32mPOST /api/v1/notes 422 36.364 ms - 350[39m
[32m[39m
2025-11-23 05:37:59 [32minfo[39m [32mPOST /api/v1/notes 200 51.932 ms - 65[39m
[32m[39m
2025-11-23 05:38:26 [32minfo[39m [32mGET /api/v1/notifications 304 126.013 ms - -[39m
[32m[39m
2025-11-23 05:38:44 [32minfo[39m [32mPOST /api/v1/notes 200 28.567 ms - 65[39m
[32m[39m
2025-11-23 05:38:55 [32minfo[39m [32mGET /api/v1/notifications 304 17.393 ms - -[39m
[32m[39m
2025-11-23 05:38:57 [32minfo[39m [32mPOST /api/v1/notes 200 12.063 ms - 65[39m
[32m[39m
2025-11-23 05:39:08 [32minfo[39m [32mPOST /api/v1/notes 200 25.903 ms - 65[39m
[32m[39m
2025-11-23 05:39:25 [32minfo[39m [32mGET /api/v1/notifications 304 9.911 ms - -[39m
[32m[39m
2025-11-23 05:39:55 [32minfo[39m [32mGET /api/v1/notifications 304 13.633 ms - -[39m
[32m[39m
2025-11-23 05:40:02 [32minfo[39m [32mPOST /api/v1/notes 200 20.440 ms - 65[39m
[32m[39m
2025-11-23 05:40:09 [32minfo[39m [32mPOST /api/v1/notes 200 14.772 ms - 65[39m
[32m[39m
2025-11-23 05:40:25 [32minfo[39m [32mGET /api/v1/notifications 304 10.463 ms - -[39m
[32m[39m
2025-11-23 05:40:30 [32minfo[39m [32mPOST /api/v1/notes 200 20.918 ms - 65[39m
[32m[39m
2025-11-23 05:40:53 [32minfo[39m [32mPOST /api/v1/notes 200 19.667 ms - 65[39m
[32m[39m
2025-11-23 05:40:55 [32minfo[39m [32mGET /api/v1/notifications 304 11.965 ms - -[39m
[32m[39m
2025-11-23 05:40:57 [32minfo[39m [32mPOST /api/v1/notes 200 117.125 ms - 65[39m
[32m[39m
2025-11-23 05:41:10 [32minfo[39m [32mPOST /api/v1/notes 200 17.553 ms - 65[39m
[32m[39m
2025-11-23 05:41:25 [32minfo[39m [32mGET /api/v1/notifications 304 200.281 ms - -[39m
[32m[39m
2025-11-23 05:41:47 [32minfo[39m [32mPOST /api/v1/notes 200 25.913 ms - 65[39m
[32m[39m
2025-11-23 05:41:54 [32minfo[39m [32mGET /api/v1/notifications 304 8.066 ms - -[39m
[32m[39m
2025-11-23 05:41:56 [32minfo[39m [32mPOST /api/v1/notes 200 9.433 ms - 65[39m
[32m[39m
2025-11-23 05:42:05 [32minfo[39m [32mPOST /api/v1/notes 200 10.119 ms - 65[39m
[32m[39m
2025-11-23 05:42:12 [32minfo[39m [32mPOST /api/v1/notes 200 19.662 ms - 65[39m
[32m[39m
2025-11-23 05:42:23 [32minfo[39m [32mGET /api/v1/notes 200 17.901 ms - 4769[39m
[32m[39m
2025-11-23 05:42:25 [32minfo[39m [32mGET /api/v1/notifications 304 8.004 ms - -[39m
[32m[39m
2025-11-23 05:42:54 [32minfo[39m [32mGET /api/v1/notifications 304 11.943 ms - -[39m
[32m[39m
2025-11-23 05:43:25 [32minfo[39m [32mGET /api/v1/notifications 304 10.157 ms - -[39m
[32m[39m
2025-11-23 05:43:55 [32minfo[39m [32mGET /api/v1/notifications 304 129.740 ms - -[39m
[32m[39m
2025-11-23 05:44:25 [32minfo[39m [32mGET /api/v1/notifications 304 15.231 ms - -[39m
[32m[39m
2025-11-23 05:44:55 [32minfo[39m [32mGET /api/v1/notifications 304 16.426 ms - -[39m
[32m[39m
2025-11-23 05:45:24 [32minfo[39m [32mGET /api/v1/notifications 304 16.736 ms - -[39m
[32m[39m
2025-11-23 05:45:56 [32minfo[39m [32mGET /api/v1/notifications 304 11.530 ms - -[39m
[32m[39m
2025-11-23 05:46:25 [32minfo[39m [32mGET /api/v1/notifications 304 89.770 ms - -[39m
[32m[39m
2025-11-23 05:46:55 [32minfo[39m [32mGET /api/v1/notifications 304 216.004 ms - -[39m
[32m[39m
2025-11-23 05:47:25 [32minfo[39m [32mGET /api/v1/notifications 304 44.701 ms - -[39m
[32m[39m
2025-11-23 05:47:55 [32minfo[39m [32mGET /api/v1/notifications 304 51.107 ms - -[39m
[32m[39m
2025-11-23 05:48:25 [32minfo[39m [32mGET /api/v1/notifications 304 9.944 ms - -[39m
[32m[39m
2025-11-23 05:48:54 [32minfo[39m [32mGET /api/v1/notifications 304 21.102 ms - -[39m
[32m[39m
2025-11-23 05:49:25 [32minfo[39m [32mGET /api/v1/notifications 304 222.936 ms - -[39m
[32m[39m
2025-11-23 05:49:55 [32minfo[39m [32mGET /api/v1/notifications 304 12.082 ms - -[39m
[32m[39m
2025-11-23 05:50:25 [32minfo[39m [32mGET /api/v1/notifications 304 10.197 ms - -[39m
[32m[39m
2025-11-23 05:50:54 [32minfo[39m [32mGET /api/v1/notifications 304 13.144 ms - -[39m
[32m[39m
2025-11-23 05:51:25 [32minfo[39m [32mGET /api/v1/notifications 304 12.125 ms - -[39m
[32m[39m
2025-11-23 05:51:56 [32minfo[39m [32mGET /api/v1/notifications 304 108.761 ms - -[39m
[32m[39m
2025-11-23 05:52:25 [32minfo[39m [32mGET /api/v1/notifications 304 29.995 ms - -[39m
[32m[39m
2025-11-23 05:52:55 [32minfo[39m [32mGET /api/v1/notifications 304 10.854 ms - -[39m
[32m[39m
2025-11-23 05:53:25 [32minfo[39m [32mGET /api/v1/notifications 304 12.304 ms - -[39m
[32m[39m
2025-11-23 05:53:55 [32minfo[39m [32mGET /api/v1/notifications 304 12.197 ms - -[39m
[32m[39m
2025-11-23 05:54:24 [32minfo[39m [32mGET /api/v1/notifications 304 9.335 ms - -[39m
[32m[39m
2025-11-23 05:54:56 [32minfo[39m [32mGET /api/v1/notifications 304 146.422 ms - -[39m
[32m[39m
2025-11-23 05:55:26 [32minfo[39m [32mGET /api/v1/notifications 304 14.678 ms - -[39m
[32m[39m
2025-11-23 05:55:55 [32minfo[39m [32mGET /api/v1/notifications 304 21.176 ms - -[39m
[32m[39m
2025-11-23 05:56:25 [32minfo[39m [32mGET /api/v1/notifications 304 14.847 ms - -[39m
[32m[39m
2025-11-23 05:56:55 [32minfo[39m [32mGET /api/v1/notifications 304 48.005 ms - -[39m
[32m[39m
2025-11-23 05:57:25 [32minfo[39m [32mGET /api/v1/notifications 304 24.437 ms - -[39m
[32m[39m
2025-11-23 05:57:55 [32minfo[39m [32mGET /api/v1/notifications 304 18.096 ms - -[39m
[32m[39m
2025-11-23 05:58:25 [32minfo[39m [32mGET /api/v1/notifications 304 105.422 ms - -[39m
[32m[39m
2025-11-23 05:58:55 [32minfo[39m [32mGET /api/v1/notifications 304 58.344 ms - -[39m
[32m[39m
2025-11-23 05:59:24 [32minfo[39m [32mGET /api/v1/notifications 304 23.355 ms - -[39m
[32m[39m
2025-11-23 05:59:54 [32minfo[39m [32mGET /api/v1/notifications 304 13.082 ms - -[39m
[32m[39m
2025-11-23 06:00:24 [32minfo[39m [32mGET /api/v1/notifications 304 155.886 ms - -[39m
[32m[39m
2025-11-23 06:04:45 [32minfo[39m [32mPOST /api/v1/auth/vet-login 200 178.236 ms - 617[39m
[32m[39m
2025-11-23 06:04:48 [32minfo[39m [32mGET /api/v1/tasks/my-tasks 304 30.772 ms - -[39m
[32m[39m
2025-11-23 06:04:49 [32minfo[39m [32mGET /api/v1/notifications 304 199.592 ms - -[39m
[32m[39m
2025-11-23 06:04:52 [32minfo[39m [32mGET /api/v1/notes 200 13.139 ms - 4769[39m
[32m[39m
2025-11-23 06:05:08 [32minfo[39m [32mGET /api/v1/notes 304 80.878 ms - -[39m
[32m[39m
2025-11-23 06:05:13 [32minfo[39m [32mGET /api/v1/notes 304 8.657 ms - -[39m
[32m[39m
2025-11-23 06:05:16 [32minfo[39m [32mGET /api/v1/notifications 304 9.466 ms - -[39m
[32m[39m
2025-11-23 06:05:18 [32minfo[39m [32mGET /api/v1/notes 304 10.647 ms - -[39m
[32m[39m
2025-11-23 06:05:21 [32minfo[39m [32mGET /api/v1/notes 304 7.696 ms - -[39m
[32m[39m
2025-11-23 06:05:26 [32minfo[39m [32mGET /api/v1/notes 304 102.996 ms - -[39m
[32m[39m
2025-11-23 06:05:31 [32minfo[39m [32mGET /api/v1/notes 304 17.192 ms - -[39m
[32m[39m
2025-11-23 06:05:34 [32minfo[39m [32mGET /api/v1/notes 304 7.459 ms - -[39m
[32m[39m
2025-11-23 06:05:40 [32minfo[39m [32mGET /api/v1/notes 304 7.803 ms - -[39m
[32m[39m
2025-11-23 06:05:46 [32minfo[39m [32mGET /api/v1/notifications 304 20.686 ms - -[39m
[32m[39m
2025-11-23 06:06:16 [32minfo[39m [32mGET /api/v1/notifications 304 10.022 ms - -[39m
[32m[39m
2025-11-23 06:06:33 [32minfo[39m [32mPOST /api/v1/notes 200 22.664 ms - 65[39m
[32m[39m
2025-11-23 06:06:36 [32minfo[39m [32mGET /api/v1/notes 200 9.202 ms - 4717[39m
[32m[39m
2025-11-23 06:06:38 [32minfo[39m [32mGET /api/v1/notes 304 8.854 ms - -[39m
[32m[39m
2025-11-23 06:06:42 [32minfo[39m [32mGET /api/v1/notes 304 7.567 ms - -[39m
[32m[39m
2025-11-23 06:06:46 [32minfo[39m [32mGET /api/v1/notifications 304 8.336 ms - -[39m
[32m[39m
2025-11-23 06:07:17 [32minfo[39m [32mGET /api/v1/notifications 304 10.653 ms - -[39m
[32m[39m
2025-11-23 06:07:22 [32minfo[39m [32mPOST /api/v1/notes 200 12.206 ms - 65[39m
[32m[39m
2025-11-23 06:07:26 [32minfo[39m [32mGET /api/v1/notes 200 7.787 ms - 4650[39m
[32m[39m
2025-11-23 06:07:32 [32minfo[39m [32mGET /api/v1/notes 304 7.493 ms - -[39m
[32m[39m
2025-11-23 06:07:36 [32minfo[39m [32mGET /api/v1/notes 304 15.436 ms - -[39m
[32m[39m
2025-11-23 06:07:44 [32minfo[39m [32mGET /api/v1/notes 304 7.907 ms - -[39m
[32m[39m
2025-11-23 06:07:45 [32minfo[39m [32mGET /api/v1/notes 304 7.197 ms - -[39m
[32m[39m
2025-11-23 06:07:47 [32minfo[39m [32mGET /api/v1/notifications 304 14.783 ms - -[39m
[32m[39m
2025-11-23 06:07:48 [32minfo[39m [32mGET /api/v1/notes 304 7.155 ms - -[39m
[32m[39m
2025-11-23 06:07:56 [32minfo[39m [32mGET /api/v1/notes 304 13.723 ms - -[39m
[32m[39m
2025-11-23 06:07:57 [32minfo[39m [32mGET /api/v1/notes 304 16.372 ms - -[39m
[32m[39m
2025-11-23 06:07:59 [32minfo[39m [32mGET /api/v1/notes 304 8.215 ms - -[39m
[32m[39m
2025-11-23 06:08:16 [32minfo[39m [32mGET /api/v1/notifications 304 18.660 ms - -[39m
[32m[39m
2025-11-23 06:08:25 [32minfo[39m [32mGET /api/v1/notes 304 9.127 ms - -[39m
[32m[39m
2025-11-23 06:08:48 [32minfo[39m [32mGET /api/v1/notifications 304 10.770 ms - -[39m
[32m[39m
2025-11-23 06:08:49 [32minfo[39m [32mGET /api/v1/notes 401 8.048 ms - 64[39m
[32m[39m
2025-11-23 06:08:58 [32minfo[39m [32mPOST /api/v1/auth/vet-login 200 269.080 ms - 617[39m
[32m[39m
2025-11-23 06:09:16 [32minfo[39m [32mGET /api/v1/notes 200 14.688 ms - 4650[39m
[32m[39m
2025-11-23 06:09:16 [32minfo[39m [32mGET /api/v1/notifications 304 16.571 ms - -[39m
[32m[39m
2025-11-23 06:09:46 [32minfo[39m [32mGET /api/v1/notifications 304 8.050 ms - -[39m
[32m[39m
2025-11-23 06:10:17 [32minfo[39m [32mGET /api/v1/notifications 304 280.161 ms - -[39m
[32m[39m
2025-11-23 06:10:39 [32minfo[39m [32mPOST /api/v1/notes 200 23.382 ms - 65[39m
[32m[39m
2025-11-23 06:10:44 [32minfo[39m [32mGET /api/v1/notes 200 84.895 ms - 4595[39m
[32m[39m
2025-11-23 06:10:46 [32minfo[39m [32mGET /api/v1/notifications 304 9.376 ms - -[39m
[32m[39m
2025-11-23 06:10:50 [32minfo[39m [32mGET /api/v1/notes 304 8.245 ms - -[39m
[32m[39m
2025-11-23 06:10:54 [32minfo[39m [32mGET /api/v1/notes 304 8.251 ms - -[39m
[32m[39m
2025-11-23 06:11:00 [32minfo[39m [32mGET /api/v1/notes 304 9.114 ms - -[39m
[32m[39m
2025-11-23 06:11:03 [32minfo[39m [32mGET /api/v1/notes 304 17.499 ms - -[39m
[32m[39m
2025-11-23 06:11:16 [32minfo[39m [32mGET /api/v1/notifications 304 10.250 ms - -[39m
[32m[39m
2025-11-23 06:11:19 [32minfo[39m [32mGET /api/v1/notes 304 8.124 ms - -[39m
[32m[39m
2025-11-23 06:11:37 [32minfo[39m [32mGET /api/v1/notes 304 26.654 ms - -[39m
[32m[39m
2025-11-23 06:11:48 [32minfo[39m [32mGET /api/v1/notifications 304 410.715 ms - -[39m
[32m[39m
2025-11-23 06:11:48 [32minfo[39m [32mGET /api/v1/notes 304 37.413 ms - -[39m
[32m[39m
2025-11-23 06:12:16 [32minfo[39m [32mGET /api/v1/notifications 304 10.172 ms - -[39m
[32m[39m
2025-11-23 06:12:47 [32minfo[39m [32mGET /api/v1/notifications 304 17.656 ms - -[39m
[32m[39m
2025-11-23 06:13:17 [32minfo[39m [32mGET /api/v1/notifications 304 8.465 ms - -[39m
[32m[39m
2025-11-23 06:13:41 [32minfo[39m [32mGET /api/v1/notes 304 9.804 ms - -[39m
[32m[39m
2025-11-23 06:13:47 [32minfo[39m [32mGET /api/v1/notifications 304 8.308 ms - -[39m
[32m[39m
2025-11-23 06:14:16 [32minfo[39m [32mGET /api/v1/notifications 304 8.858 ms - -[39m
[32m[39m
2025-11-23 06:14:24 [32minfo[39m [32mPOST /api/v1/notes 200 19.711 ms - 65[39m
[32m[39m
2025-11-23 06:14:47 [32minfo[39m [32mGET /api/v1/notifications 304 13.730 ms - -[39m
[32m[39m
2025-11-23 06:15:17 [32minfo[39m [32mGET /api/v1/notifications 304 269.817 ms - -[39m
[32m[39m
2025-11-23 06:15:46 [32minfo[39m [32mGET /api/v1/notifications 304 150.690 ms - -[39m
[32m[39m
2025-11-23 06:15:51 [32minfo[39m [32mPOST /api/v1/notes 200 23.486 ms - 65[39m
[32m[39m
2025-11-23 06:15:59 [32minfo[39m [32mGET /api/v1/notes 200 13.310 ms - 4553[39m
[32m[39m
2025-11-23 06:16:13 [32minfo[39m [32mGET /api/v1/notes 304 13.315 ms - -[39m
[32m[39m
2025-11-23 06:16:18 [32minfo[39m [32mGET /api/v1/notifications 304 8.522 ms - -[39m
[32m[39m
2025-11-23 06:16:31 [32minfo[39m [32mDELETE /api/v1/notes/cmib9lr20001ft1vkfif7h86w 200 16.734 ms - 64[39m
[32m[39m
2025-11-23 06:16:38 [32minfo[39m [32mGET /api/v1/notes 200 8.854 ms - 4572[39m
[32m[39m
2025-11-23 06:16:47 [32minfo[39m [32mGET /api/v1/notifications 304 20.046 ms - -[39m
[32m[39m
2025-11-23 06:17:16 [32minfo[39m [32mGET /api/v1/notifications 304 14.655 ms - -[39m
[32m[39m
2025-11-23 06:17:32 [32minfo[39m [32mGET /api/v1/notes 304 112.421 ms - -[39m
[32m[39m
2025-11-23 06:17:35 [32minfo[39m [32mGET /api/v1/notes 304 35.395 ms - -[39m
[32m[39m
2025-11-23 06:17:36 [32minfo[39m [32mGET /api/v1/notes 304 13.136 ms - -[39m
[32m[39m
2025-11-23 06:17:45 [32minfo[39m [32mGET /api/v1/notes 304 8.913 ms - -[39m
[32m[39m
2025-11-23 06:17:46 [32minfo[39m [32mGET /api/v1/notifications 304 87.280 ms - -[39m
[32m[39m
2025-11-23 06:17:58 [32minfo[39m [32mGET /api/v1/notes 304 207.668 ms - -[39m
[32m[39m
2025-11-23 06:18:00 [32minfo[39m [32mGET /api/v1/notes 304 13.366 ms - -[39m
[32m[39m
2025-11-23 06:18:02 [32minfo[39m [32mGET /api/v1/notes 304 31.494 ms - -[39m
[32m[39m
2025-11-23 06:18:03 [32minfo[39m [32mGET /api/v1/notes 304 43.336 ms - -[39m
[32m[39m
2025-11-23 06:18:05 [32minfo[39m [32mGET /api/v1/notes 304 24.321 ms - -[39m
[32m[39m
2025-11-23 06:18:12 [32minfo[39m [32mGET /api/v1/notes 304 271.671 ms - -[39m
[32m[39m
2025-11-23 06:18:15 [32minfo[39m [32mGET /api/v1/notes 304 11.816 ms - -[39m
[32m[39m
2025-11-23 06:18:17 [32minfo[39m [32mGET /api/v1/notifications 304 9.404 ms - -[39m
[32m[39m
2025-11-23 06:18:41 [32minfo[39m [32mGET /api/v1/notes 304 19.021 ms - -[39m
[32m[39m
2025-11-23 06:18:46 [32minfo[39m [32mGET /api/v1/notifications 304 29.432 ms - -[39m
[32m[39m
2025-11-23 06:19:11 [32minfo[39m [32mGET /api/v1/notes 304 23.019 ms - -[39m
[32m[39m
2025-11-23 06:19:14 [32minfo[39m [32mGET /api/v1/notes 304 7.541 ms - -[39m
[32m[39m
2025-11-23 06:19:15 [32minfo[39m [32mGET /api/v1/notes 304 8.047 ms - -[39m
[32m[39m
2025-11-23 06:19:16 [32minfo[39m [32mGET /api/v1/notifications 304 11.092 ms - -[39m
[32m[39m
2025-11-23 06:19:46 [32minfo[39m [32mGET /api/v1/notifications 304 12.588 ms - -[39m
[32m[39m
2025-11-23 06:19:54 [32minfo[39m [32mGET /api/v1/notes 304 13.454 ms - -[39m
[32m[39m
2025-11-23 06:20:16 [32minfo[39m [32mGET /api/v1/notifications 304 9.547 ms - -[39m
[32m[39m
2025-11-23 06:20:30 [32minfo[39m [32mGET /api/v1/notes 304 100.014 ms - -[39m
[32m[39m
2025-11-23 06:20:34 [32minfo[39m [32mGET /api/v1/notes 304 8.904 ms - -[39m
[32m[39m
2025-11-23 06:20:37 [32minfo[39m [32mGET /api/v1/notes 304 11.702 ms - -[39m
[32m[39m
2025-11-23 06:20:40 [32minfo[39m [32mGET /api/v1/notes 304 7.636 ms - -[39m
[32m[39m
2025-11-23 06:20:48 [32minfo[39m [32mGET /api/v1/notifications 304 368.176 ms - -[39m
[32m[39m
2025-11-23 06:20:55 [32minfo[39m [32mGET /api/v1/notes 200 14.349 ms - 4572[39m
[32m[39m
2025-11-23 06:21:09 [32minfo[39m [32mGET /api/v1/notes 304 10.686 ms - -[39m
[32m[39m
2025-11-23 06:21:11 [32minfo[39m [32mGET /api/v1/notes 304 7.627 ms - -[39m
[32m[39m
2025-11-23 06:21:14 [32minfo[39m [32mGET /api/v1/notes 304 7.939 ms - -[39m
[32m[39m
2025-11-23 06:21:16 [32minfo[39m [32mGET /api/v1/notifications 304 8.221 ms - -[39m
[32m[39m
2025-11-23 06:21:18 [32minfo[39m [32mGET /api/v1/notes 304 10.353 ms - -[39m
[32m[39m
2025-11-23 06:21:21 [32minfo[39m [32mGET /api/v1/notes 304 7.545 ms - -[39m
[32m[39m
2025-11-23 06:21:46 [32minfo[39m [32mGET /api/v1/notifications 304 10.141 ms - -[39m
[32m[39m
2025-11-23 06:22:00 [32minfo[39m [32mPOST /api/v1/notes 200 43.266 ms - 65[39m
[32m[39m
2025-11-23 06:22:04 [32minfo[39m [32mGET /api/v1/notes 200 11.323 ms - 4506[39m
[32m[39m
2025-11-23 06:22:08 [32minfo[39m [32mGET /api/v1/notes 304 7.886 ms - -[39m
[32m[39m
2025-11-23 06:22:12 [32minfo[39m [32mGET /api/v1/notes 304 8.122 ms - -[39m
[32m[39m
2025-11-23 06:22:16 [32minfo[39m [32mGET /api/v1/notes 304 8.526 ms - -[39m
[32m[39m
2025-11-23 06:22:17 [32minfo[39m [32mGET /api/v1/notifications 304 7.510 ms - -[39m
[32m[39m
2025-11-23 06:22:46 [32minfo[39m [32mGET /api/v1/notifications 304 9.610 ms - -[39m
[32m[39m
2025-11-23 06:23:18 [32minfo[39m [32mGET /api/v1/notifications 304 10.350 ms - -[39m
[32m[39m
2025-11-23 06:23:21 [32minfo[39m [32mPOST /api/v1/notes 200 19.540 ms - 65[39m
[32m[39m
2025-11-23 06:23:24 [32minfo[39m [32mGET /api/v1/notes 200 7.057 ms - 4522[39m
[32m[39m
2025-11-23 06:23:45 [32minfo[39m [32mGET /api/v1/notes 304 318.656 ms - -[39m
[32m[39m
2025-11-23 06:23:48 [32minfo[39m [32mGET /api/v1/notifications 304 25.165 ms - -[39m
[32m[39m
2025-11-23 06:24:16 [32minfo[39m [32mGET /api/v1/notifications 304 29.212 ms - -[39m
[32m[39m
2025-11-23 06:24:48 [32minfo[39m [32mGET /api/v1/notifications 304 9.553 ms - -[39m
[32m[39m
2025-11-23 06:25:16 [32minfo[39m [32mGET /api/v1/notifications 304 13.892 ms - -[39m
[32m[39m
2025-11-23 06:25:48 [32minfo[39m [32mGET /api/v1/notifications 304 324.425 ms - -[39m
[32m[39m
2025-11-23 06:26:11 [32minfo[39m [32mGET /api/v1/notes 304 13.328 ms - -[39m
[32m[39m
2025-11-23 06:26:15 [32minfo[39m [32mGET /api/v1/notes 304 10.765 ms - -[39m
[32m[39m
2025-11-23 06:26:18 [32minfo[39m [32mGET /api/v1/notifications 304 8.237 ms - -[39m
[32m[39m
2025-11-23 06:26:19 [32minfo[39m [32mGET /api/v1/notes 304 10.418 ms - -[39m
[32m[39m
2025-11-23 06:26:22 [32minfo[39m [32mGET /api/v1/notes 304 9.476 ms - -[39m
[32m[39m
2025-11-23 06:26:47 [32minfo[39m [32mGET /api/v1/notifications 304 15.887 ms - -[39m
[32m[39m
2025-11-23 06:26:47 [32minfo[39m [32mGET /api/v1/notes 304 7.815 ms - -[39m
[32m[39m
2025-11-23 06:27:11 [32minfo[39m [32mGET /api/v1/notes 304 11.110 ms - -[39m
[32m[39m
2025-11-23 06:27:16 [32minfo[39m [32mGET /api/v1/notifications 304 11.098 ms - -[39m
[32m[39m
2025-11-23 06:27:33 [32minfo[39m [32mGET /api/v1/notes 304 14.956 ms - -[39m
[32m[39m
2025-11-23 06:27:38 [32minfo[39m [32mGET /api/v1/notes 304 10.535 ms - -[39m
[32m[39m
2025-11-23 06:27:45 [32minfo[39m [32mGET /api/v1/notes 304 206.678 ms - -[39m
[32m[39m
2025-11-23 06:27:46 [32minfo[39m [32mGET /api/v1/notifications 304 19.034 ms - -[39m
[32m[39m
2025-11-23 06:27:52 [32minfo[39m [32mGET /api/v1/notes 304 12.929 ms - -[39m
[32m[39m
2025-11-23 06:28:05 [32minfo[39m [32mGET /api/v1/notes 304 14.004 ms - -[39m
[32m[39m
2025-11-23 06:28:16 [32minfo[39m [32mGET /api/v1/notifications 304 8.773 ms - -[39m
[32m[39m
2025-11-23 06:28:35 [32minfo[39m [32mGET /api/v1/users/vet/assigned-farms 304 18.206 ms - -[39m
[32m[39m
2025-11-23 06:28:42 [32minfo[39m [32mGET /api/v1/users/vet/assigned-farms 304 9.061 ms - -[39m
[32m[39m
2025-11-23 06:28:44 [32minfo[39m [32mGET /api/v1/tasks/my-tasks 304 28.053 ms - -[39m
[32m[39m
2025-11-23 06:28:46 [32minfo[39m [32mGET /api/v1/notifications 304 8.311 ms - -[39m
[32m[39m
2025-11-23 06:28:47 [32minfo[39m [32mGET /api/v1/livestock/cmi9quzfg001et1i4jjja8per/activity-timeline 200 275.660 ms - 9886[39m
[32m[39m
2025-11-23 06:29:16 [32minfo[39m [32mGET /api/v1/notifications 304 28.274 ms - -[39m
[32m[39m
2025-11-23 06:29:54 [32minfo[39m [32mPOST /api/v1/auth/vet-login 200 152.412 ms - 617[39m
[32m[39m
2025-11-23 06:29:55 [32minfo[39m [32mGET /api/v1/notifications 304 14.394 ms - -[39m
[32m[39m
2025-11-23 06:29:56 [32minfo[39m [32mGET /api/v1/tasks/my-tasks 304 16.640 ms - -[39m
[32m[39m
2025-11-23 06:29:59 [32minfo[39m [32mGET /api/v1/appointments 304 13.974 ms - -[39m
[32m[39m
2025-11-23 06:30:00 [32minfo[39m [32mGET /api/v1/tasks/my-tasks 304 10.750 ms - -[39m
[32m[39m
2025-11-23 06:30:03 [32minfo[39m [32mGET /api/v1/livestock/cmi9quzfg001et1i4jjja8per/activity-timeline 304 185.687 ms - -[39m
[32m[39m
2025-11-23 06:30:25 [32minfo[39m [32mPOST /api/v1/auth/vet-login 200 151.980 ms - 617[39m
[32m[39m
2025-11-23 06:30:26 [32minfo[39m [32mGET /api/v1/notifications 304 10.800 ms - -[39m
[32m[39m
2025-11-23 06:30:27 [32minfo[39m [32mGET /api/v1/tasks/my-tasks 304 21.285 ms - -[39m
[32m[39m
2025-11-23 06:30:40 [32minfo[39m [32mGET /api/v1/tasks/my-tasks 304 10.410 ms - -[39m
[32m[39m
2025-11-23 06:30:42 [32minfo[39m [32mGET /api/v1/livestock/cmi9quzfg001et1i4jjja8per/activity-timeline 304 32.682 ms - -[39m
[32m[39m
2025-11-23 06:30:57 [32minfo[39m [32mGET /api/v1/notifications 304 111.849 ms - -[39m
[32m[39m
2025-11-23 06:31:13 [32minfo[39m [32mGET /api/v1/livestock/cmi9quzfg001et1i4jjja8per/activity-timeline 304 693.764 ms - -[39m
[32m[39m
2025-11-23 06:31:20 [32minfo[39m [32mGET /api/v1/livestock/cmi9quzfg001et1i4jjja8per/activity-timeline 304 429.078 ms - -[39m
[32m[39m
2025-11-23 06:32:53 [32minfo[39m [32mPOST /api/v1/auth/vet-login 200 147.983 ms - 617[39m
[32m[39m
2025-11-23 06:32:55 [32minfo[39m [32mGET /api/v1/notifications 304 14.848 ms - -[39m
[32m[39m
2025-11-23 06:32:55 [32minfo[39m [32mGET /api/v1/tasks/my-tasks 304 26.223 ms - -[39m
[32m[39m
2025-11-23 06:32:56 [32minfo[39m [32mGET /api/v1/tasks/my-tasks 304 17.044 ms - -[39m
[32m[39m
2025-11-23 06:32:59 [32minfo[39m [32mGET /api/v1/livestock/cmi9quzfg001et1i4jjja8per/activity-timeline 304 43.766 ms - -[39m
[32m[39m
2025-11-23 06:33:24 [32minfo[39m [32mGET /api/v1/notifications 304 130.652 ms - -[39m
[32m[39m
2025-11-23 06:33:55 [32minfo[39m [32mGET /api/v1/notifications 304 97.218 ms - -[39m
[32m[39m
2025-11-23 06:34:25 [32minfo[39m [32mGET /api/v1/notifications 304 9.938 ms - -[39m
[32m[39m
2025-11-23 06:35:48 [32minfo[39m [32mPOST /api/v1/auth/vet-login 200 147.119 ms - 617[39m
[32m[39m
2025-11-23 06:35:50 [32minfo[39m [32mGET /api/v1/notifications 304 8.988 ms - -[39m
[32m[39m
2025-11-23 06:35:50 [32minfo[39m [32mGET /api/v1/tasks/my-tasks 304 10.686 ms - -[39m
[32m[39m
2025-11-23 06:35:54 [32minfo[39m [32mGET /api/v1/tasks/my-tasks 304 35.448 ms - -[39m
[32m[39m
2025-11-23 06:35:57 [32minfo[39m [32mGET /api/v1/livestock/cmi9quzfg001et1i4jjja8per/activity-timeline 304 132.539 ms - -[39m
[32m[39m
2025-11-23 06:36:25 [32minfo[39m [32mPOST /api/v1/auth/vet-login 200 154.727 ms - 617[39m
[32m[39m
2025-11-23 06:36:27 [32minfo[39m [32mGET /api/v1/tasks/my-tasks 304 92.055 ms - -[39m
[32m[39m
2025-11-23 06:36:27 [32minfo[39m [32mGET /api/v1/notifications 304 13.629 ms - -[39m
[32m[39m
2025-11-23 06:36:28 [32minfo[39m [32mGET /api/v1/tasks/my-tasks 304 14.304 ms - -[39m
[32m[39m
2025-11-23 06:36:30 [32minfo[39m [32mGET /api/v1/livestock/cmi9quzfg001et1i4jjja8per/activity-timeline 304 154.686 ms - -[39m
[32m[39m
2025-11-23 06:36:44 [32minfo[39m [32mGET /api/v1/users/vet/assigned-farms 304 88.235 ms - -[39m
[32m[39m
2025-11-23 06:36:50 [32minfo[39m [32mGET /api/v1/livestock/cmi9quzfg001et1i4jjja8per/activity-timeline 304 47.960 ms - -[39m
[32m[39m
2025-11-23 06:36:55 [32minfo[39m [32mGET /api/v1/notifications 304 9.787 ms - -[39m
[32m[39m
2025-11-23 06:37:25 [32minfo[39m [32mGET /api/v1/notifications 304 10.112 ms - -[39m
[32m[39m
2025-11-23 06:37:50 [32minfo[39m [32mGET /api/v1/livestock/cmi9quzfg001et1i4jjja8per/activity-timeline 304 59.183 ms - -[39m
[32m[39m
2025-11-23 06:37:56 [32minfo[39m [32mGET /api/v1/notifications 304 7.278 ms - -[39m
[32m[39m
2025-11-23 06:37:57 [32minfo[39m [32mGET /api/v1/livestock/cmi9quzfg001et1i4jjja8per/health-history 200 24.282 ms - 3250[39m
[32m[39m
2025-11-23 06:37:57 [32minfo[39m [32mGET /api/v1/livestock/cmi9quzfg001et1i4jjja8per/activity-timeline 304 140.301 ms - -[39m
[32m[39m
2025-11-23 06:38:16 [32minfo[39m [32mGET /api/v1/livestock/cmi9quzfg001et1i4jjja8per/activity-timeline 304 58.931 ms - -[39m
[32m[39m
2025-11-23 06:38:17 [32minfo[39m [32mGET /api/v1/livestock/cmi9quzfg001et1i4jjja8per/health-history 304 40.348 ms - -[39m
[32m[39m
2025-11-23 06:38:26 [32minfo[39m [32mGET /api/v1/notifications 304 9.059 ms - -[39m
[32m[39m
2025-11-23 06:38:26 [32minfo[39m [32mGET /api/v1/users/vet/assigned-farms 304 23.215 ms - -[39m
[32m[39m
2025-11-23 06:38:32 [32minfo[39m [32mGET /api/v1/users/vet/farms/cmi9quy0w0002t1i42v34y0q8 304 129.393 ms - -[39m
[32m[39m
2025-11-23 06:38:32 [32minfo[39m [32mGET /api/v1/livestock?page=1&limit=60 200 32.493 ms - 67623[39m
[32m[39m
2025-11-23 06:38:33 [32minfo[39m [32mGET /api/v1/tasks/my-tasks?page=1&limit=10 304 15.679 ms - -[39m
[32m[39m
2025-11-23 06:38:41 [32minfo[39m [32mGET /api/v1/livestock/cmi9quzfg001et1i4jjja8per/health-history 304 20.228 ms - -[39m
[32m[39m
2025-11-23 06:38:41 [32minfo[39m [32mGET /api/v1/livestock/cmi9quzfg001et1i4jjja8per/activity-timeline 304 37.814 ms - -[39m
[32m[39m
2025-11-23 06:38:55 [32minfo[39m [32mGET /api/v1/notifications 304 11.550 ms - -[39m
[32m[39m
2025-11-23 06:39:25 [32minfo[39m [32mGET /api/v1/notifications 304 11.474 ms - -[39m
[32m[39m
2025-11-23 06:39:55 [32minfo[39m [32mGET /api/v1/notifications 304 21.439 ms - -[39m
[32m[39m
2025-11-23 06:40:25 [32minfo[39m [32mGET /api/v1/notifications 304 15.547 ms - -[39m
[32m[39m
2025-11-23 06:40:31 [32minfo[39m [32mGET /api/v1/livestock/cmi9quzfg001et1i4jjja8per/health-history 304 37.779 ms - -[39m
[32m[39m
2025-11-23 06:40:32 [32minfo[39m [32mGET /api/v1/livestock/cmi9quzfg001et1i4jjja8per/activity-timeline 304 143.535 ms - -[39m
[32m[39m
2025-11-23 06:40:32 [32minfo[39m [32mGET /api/v1/livestock/cmi9quzfg001et1i4jjja8per/health-history 304 34.502 ms - -[39m
[32m[39m
2025-11-23 06:40:33 [32minfo[39m [32mGET /api/v1/livestock/cmi9quzfg001et1i4jjja8per/activity-timeline 304 218.906 ms - -[39m
[32m[39m
2025-11-23 06:40:36 [32minfo[39m [32mGET /api/v1/livestock/cmi9quzfg001et1i4jjja8per/activity-timeline 304 32.746 ms - -[39m
[32m[39m
2025-11-23 06:40:36 [32minfo[39m [32mGET /api/v1/livestock/cmi9quzfg001et1i4jjja8per/health-history 304 218.173 ms - -[39m
[32m[39m
2025-11-23 06:40:51 [32minfo[39m [32mGET /api/v1/livestock/cmi9quzfg001et1i4jjja8per/activity-timeline 304 102.548 ms - -[39m
[32m[39m
2025-11-23 06:40:51 [32minfo[39m [32mGET /api/v1/livestock/cmi9quzfg001et1i4jjja8per/health-history 304 119.567 ms - -[39m
[32m[39m
2025-11-23 06:40:56 [32minfo[39m [32mGET /api/v1/notifications 304 31.459 ms - -[39m
[32m[39m
2025-11-23 06:41:25 [32minfo[39m [32mGET /api/v1/notifications 304 94.239 ms - -[39m
[32m[39m
2025-11-23 06:41:55 [32minfo[39m [32mGET /api/v1/notifications 304 147.072 ms - -[39m
[32m[39m
2025-11-23 06:42:25 [32minfo[39m [32mGET /api/v1/livestock/cmi9quzfg001et1i4jjja8per/health-history 304 18.894 ms - -[39m
[32m[39m
2025-11-23 06:42:25 [32minfo[39m [32mGET /api/v1/livestock/cmi9quzfg001et1i4jjja8per/activity-timeline 304 272.362 ms - -[39m
[32m[39m
2025-11-23 06:42:25 [32minfo[39m [32mGET /api/v1/notifications 304 48.083 ms - -[39m
[32m[39m
2025-11-23 06:42:57 [32minfo[39m [32mGET /api/v1/notifications 304 67.000 ms - -[39m
[32m[39m
2025-11-23 06:44:21 [32minfo[39m [32mPOST /api/v1/auth/vet-login 200 182.317 ms - 617[39m
[32m[39m
2025-11-23 06:44:23 [32minfo[39m [32mGET /api/v1/tasks/my-tasks 304 27.161 ms - -[39m
[32m[39m
2025-11-23 06:44:23 [32minfo[39m [32mGET /api/v1/notifications 304 8.135 ms - -[39m
[32m[39m
2025-11-23 06:44:26 [32minfo[39m [32mGET /api/v1/tasks/my-tasks 304 12.783 ms - -[39m
[32m[39m
2025-11-23 06:44:29 [32minfo[39m [32mGET /api/v1/livestock/cmi9quzfg001et1i4jjja8per/activity-timeline 304 34.317 ms - -[39m
[32m[39m
2025-11-23 06:44:35 [32minfo[39m [32mGET /api/v1/users/vet/assigned-farms 304 11.009 ms - -[39m
[32m[39m
2025-11-23 06:44:46 [32minfo[39m [32mGET /api/v1/users/vet/farms/cmi9quyh00009t1i4ynm1n7gj 304 93.769 ms - -[39m
[32m[39m
2025-11-23 06:44:47 [32minfo[39m [32mGET /api/v1/tasks/my-tasks?page=1&limit=10 304 12.778 ms - -[39m
[32m[39m
2025-11-23 06:44:48 [32minfo[39m [32mGET /api/v1/livestock?page=1&limit=60 304 34.854 ms - -[39m
[32m[39m
2025-11-23 06:44:51 [32minfo[39m [32mGET /api/v1/notifications 304 14.107 ms - -[39m
[32m[39m
2025-11-23 06:44:53 [32minfo[39m [32mGET /api/v1/livestock/cmi9quzgn0020t1i4libh6sm8/health-history 200 12.131 ms - 954[39m
[32m[39m
2025-11-23 06:44:55 [32minfo[39m [32mGET /api/v1/livestock/cmi9quzgn0020t1i4libh6sm8/activity-timeline 200 19.645 ms - 1248[39m
[32m[39m
2025-11-23 06:45:21 [32minfo[39m [32mGET /api/v1/notifications 304 9.261 ms - -[39m
[32m[39m
2025-11-23 06:47:35 [32minfo[39m [32mPOST /api/v1/auth/vet-login 200 154.096 ms - 617[39m
[32m[39m
2025-11-23 06:47:37 [32minfo[39m [32mGET /api/v1/notifications 304 114.669 ms - -[39m
[32m[39m
2025-11-23 06:47:37 [32minfo[39m [32mGET /api/v1/tasks/my-tasks 304 16.646 ms - -[39m
[32m[39m
2025-11-23 06:47:38 [32minfo[39m [32mGET /api/v1/users/vet/assigned-farms 304 13.103 ms - -[39m
[32m[39m
2025-11-23 06:47:55 [32minfo[39m [32mGET /api/v1/users/vet/farms/cmi9quy0w0002t1i42v34y0q8 304 95.522 ms - -[39m
[32m[39m
2025-11-23 06:47:55 [32minfo[39m [32mGET /api/v1/tasks/my-tasks?page=1&limit=10 304 13.799 ms - -[39m
[32m[39m
2025-11-23 06:47:56 [32minfo[39m [32mGET /api/v1/livestock?page=1&limit=60 304 39.117 ms - -[39m
[32m[39m
2025-11-23 06:48:02 [32minfo[39m [32mGET /api/v1/livestock/cmi9quze7000ot1i4xwx1pqfi/activity-timeline 304 170.485 ms - -[39m
[32m[39m
2025-11-23 06:48:04 [32minfo[39m [32mGET /api/v1/livestock/cmi9quze7000ot1i4xwx1pqfi/health-history 304 14.318 ms - -[39m
[32m[39m
2025-11-23 06:48:07 [32minfo[39m [32mGET /api/v1/notifications 304 9.750 ms - -[39m
[32m[39m
2025-11-23 06:48:37 [32minfo[39m [32mGET /api/v1/notifications 304 13.868 ms - -[39m
[32m[39m
2025-11-23 06:49:05 [32minfo[39m [32mGET /api/v1/notifications 304 10.419 ms - -[39m
[32m[39m
2025-11-23 06:49:35 [32minfo[39m [32mGET /api/v1/notifications 304 13.297 ms - -[39m
[32m[39m
2025-11-23 06:50:05 [32minfo[39m [32mGET /api/v1/notifications 304 31.514 ms - -[39m
[32m[39m
2025-11-23 06:50:36 [32minfo[39m [32mGET /api/v1/notifications 304 92.718 ms - -[39m
[32m[39m
2025-11-23 06:51:06 [32minfo[39m [32mGET /api/v1/notifications 304 238.204 ms - -[39m
[32m[39m
2025-11-23 06:51:17 [32minfo[39m [32mGET /api/v1/users/vet/farms/cmi9quy0w0002t1i42v34y0q8 304 140.509 ms - -[39m
[32m[39m
2025-11-23 06:51:18 [32minfo[39m [32mGET /api/v1/users/vet/assigned-farms 304 17.557 ms - -[39m
[32m[39m
2025-11-23 06:51:18 [32minfo[39m [32mGET /api/v1/tasks/my-tasks?page=1&limit=10 304 18.722 ms - -[39m
[32m[39m
2025-11-23 06:51:19 [32minfo[39m [32mGET /api/v1/livestock?page=1&limit=60 304 48.958 ms - -[39m
[32m[39m
2025-11-23 06:51:20 [32minfo[39m [32mGET /api/v1/tasks/my-tasks 304 18.443 ms - -[39m
[32m[39m
2025-11-23 06:51:29 [32minfo[39m [32mGET /api/v1/users/vet/assigned-farms 304 19.726 ms - -[39m
[32m[39m
2025-11-23 06:51:33 [32minfo[39m [32mGET /api/v1/users/vet/farms/cmi9quyh00009t1i4ynm1n7gj 304 80.435 ms - -[39m
[32m[39m
2025-11-23 06:51:34 [32minfo[39m [32mGET /api/v1/tasks/my-tasks?page=1&limit=10 304 18.797 ms - -[39m
[32m[39m
2025-11-23 06:51:35 [32minfo[39m [32mGET /api/v1/livestock?page=1&limit=60 304 35.359 ms - -[39m
[32m[39m
2025-11-23 06:51:35 [32minfo[39m [32mGET /api/v1/notifications 304 9.536 ms - -[39m
[32m[39m
2025-11-23 06:52:05 [32minfo[39m [32mGET /api/v1/notifications 304 18.378 ms - -[39m
[32m[39m
2025-11-23 06:52:36 [32minfo[39m [32mGET /api/v1/notifications 304 22.081 ms - -[39m
[32m[39m
2025-11-23 06:53:06 [32minfo[39m [32mGET /api/v1/notifications 304 277.157 ms - -[39m
[32m[39m
2025-11-23 06:53:36 [32minfo[39m [32mPOST /api/v1/auth/vet-login 200 134.625 ms - 617[39m
[32m[39m
2025-11-23 06:53:37 [32minfo[39m [32mGET /api/v1/notifications 304 10.088 ms - -[39m
[32m[39m
2025-11-23 06:53:38 [32minfo[39m [32mGET /api/v1/tasks/my-tasks 304 17.240 ms - -[39m
[32m[39m
2025-11-23 06:53:40 [32minfo[39m [32mGET /api/v1/tasks/my-tasks 304 13.377 ms - -[39m
[32m[39m
2025-11-23 06:53:42 [32minfo[39m [32mGET /api/v1/livestock/cmi9quzfg001et1i4jjja8per/activity-timeline 304 128.388 ms - -[39m
[32m[39m
2025-11-23 06:53:43 [32minfo[39m [32mGET /api/v1/livestock/cmi9quzfg001et1i4jjja8per/activity-timeline 304 450.648 ms - -[39m
[32m[39m
2025-11-23 06:53:43 [32minfo[39m [32mGET /api/v1/livestock/cmi9quzfg001et1i4jjja8per/activity-timeline 304 1206.684 ms - -[39m
[32m[39m
2025-11-23 06:53:45 [32minfo[39m [32mGET /api/v1/livestock/cmi9quzfg001et1i4jjja8per/activity-timeline 304 2472.697 ms - -[39m
[32m[39m
2025-11-23 06:53:45 [32minfo[39m [32mGET /api/v1/livestock/cmi9quzfg001et1i4jjja8per/activity-timeline 304 2500.977 ms - -[39m
[32m[39m
2025-11-23 06:53:45 [32minfo[39m [32mGET /api/v1/livestock/cmi9quzfg001et1i4jjja8per/activity-timeline 304 2512.840 ms - -[39m
[32m[39m
2025-11-23 06:53:45 [32minfo[39m [32mGET /api/v1/livestock/cmi9quzfg001et1i4jjja8per/activity-timeline 304 2488.465 ms - -[39m
[32m[39m
2025-11-23 06:53:45 [32minfo[39m [32mGET /api/v1/livestock/cmi9quzfg001et1i4jjja8per/activity-timeline 304 2452.474 ms - -[39m
[32m[39m
2025-11-23 06:53:45 [32minfo[39m [32mGET /api/v1/livestock/cmi9quzfg001et1i4jjja8per/activity-timeline 304 2460.639 ms - -[39m
[32m[39m
2025-11-23 06:53:45 [32minfo[39m [32mGET /api/v1/livestock/cmi9quzfg001et1i4jjja8per/activity-timeline 304 2469.629 ms - -[39m
[32m[39m
2025-11-23 06:53:45 [32minfo[39m [32mGET /api/v1/livestock/cmi9quzfg001et1i4jjja8per/activity-timeline 304 2483.225 ms - -[39m
[32m[39m
2025-11-23 06:53:45 [32minfo[39m [32mGET /api/v1/livestock/cmi9quzfg001et1i4jjja8per/activity-timeline 304 2484.646 ms - -[39m
[32m[39m
2025-11-23 06:53:46 [32minfo[39m [32mGET /api/v1/livestock/cmi9quzfg001et1i4jjja8per/activity-timeline 304 2884.432 ms - -[39m
[32m[39m
2025-11-23 06:53:46 [32minfo[39m [32mGET /api/v1/livestock/cmi9quzfg001et1i4jjja8per/activity-timeline 304 2960.907 ms - -[39m
[32m[39m
2025-11-23 06:53:46 [32minfo[39m [32mGET /api/v1/livestock/cmi9quzfg001et1i4jjja8per/activity-timeline 304 3006.309 ms - -[39m
[32m[39m
2025-11-23 06:53:46 [32minfo[39m [32mGET /api/v1/livestock/cmi9quzfg001et1i4jjja8per/activity-timeline 304 3061.791 ms - -[39m
[32m[39m
2025-11-23 06:53:47 [32minfo[39m [32mGET /api/v1/livestock/cmi9quzfg001et1i4jjja8per/activity-timeline 304 3245.034 ms - -[39m
[32m[39m
2025-11-23 06:53:47 [32minfo[39m [32mGET /api/v1/livestock/cmi9quzfg001et1i4jjja8per/activity-timeline 304 3447.671 ms - -[39m
[32m[39m
2025-11-23 06:53:47 [32minfo[39m [32mGET /api/v1/livestock/cmi9quzfg001et1i4jjja8per/activity-timeline 304 3445.930 ms - -[39m
[32m[39m
2025-11-23 06:53:47 [32minfo[39m [32mGET /api/v1/livestock/cmi9quzfg001et1i4jjja8per/activity-timeline 304 3437.385 ms - -[39m
[32m[39m
2025-11-23 06:53:47 [32minfo[39m [32mGET /api/v1/livestock/cmi9quzfg001et1i4jjja8per/activity-timeline 304 3590.553 ms - -[39m
[32m[39m
2025-11-23 06:53:47 [32minfo[39m [32mGET /api/v1/livestock/cmi9quzfg001et1i4jjja8per/activity-timeline 304 3608.533 ms - -[39m
[32m[39m
2025-11-23 06:53:47 [32minfo[39m [32mGET /api/v1/livestock/cmi9quzfg001et1i4jjja8per/activity-timeline 304 3616.819 ms - -[39m
[32m[39m
2025-11-23 06:53:47 [32minfo[39m [32mGET /api/v1/livestock/cmi9quzfg001et1i4jjja8per/activity-timeline 304 3625.326 ms - -[39m
[32m[39m
2025-11-23 06:53:47 [32minfo[39m [32mGET /api/v1/livestock/cmi9quzfg001et1i4jjja8per/activity-timeline 304 3650.907 ms - -[39m
[32m[39m
2025-11-23 06:53:49 [32minfo[39m [32mGET /api/v1/livestock/cmi9quzfg001et1i4jjja8per/activity-timeline 304 4801.022 ms - -[39m
[32m[39m
2025-11-23 06:53:49 [32minfo[39m [32mGET /api/v1/livestock/cmi9quzfg001et1i4jjja8per/activity-timeline 304 4857.723 ms - -[39m
[32m[39m
2025-11-23 06:53:49 [32minfo[39m [32mGET /api/v1/livestock/cmi9quzfg001et1i4jjja8per/activity-timeline 304 4865.124 ms - -[39m
[32m[39m
2025-11-23 06:53:49 [32minfo[39m [32mGET /api/v1/livestock/cmi9quzfg001et1i4jjja8per/activity-timeline 304 4899.223 ms - -[39m
[32m[39m
2025-11-23 06:53:49 [32minfo[39m [32mGET /api/v1/livestock/cmi9quzfg001et1i4jjja8per/activity-timeline 304 4767.458 ms - -[39m
[32m[39m
2025-11-23 06:53:49 [32minfo[39m [32mGET /api/v1/livestock/cmi9quzfg001et1i4jjja8per/activity-timeline 304 4769.783 ms - -[39m
[32m[39m
2025-11-23 06:53:49 [32minfo[39m [32mGET /api/v1/livestock/cmi9quzfg001et1i4jjja8per/activity-timeline 304 4768.847 ms - -[39m
[32m[39m
2025-11-23 06:53:49 [32minfo[39m [32mGET /api/v1/livestock/cmi9quzfg001et1i4jjja8per/activity-timeline 304 4769.144 ms - -[39m
[32m[39m
2025-11-23 06:53:49 [32minfo[39m [32mGET /api/v1/livestock/cmi9quzfg001et1i4jjja8per/activity-timeline 304 4763.746 ms - -[39m
[32m[39m
2025-11-23 06:53:49 [32minfo[39m [32mGET /api/v1/livestock/cmi9quzfg001et1i4jjja8per/activity-timeline 304 4768.677 ms - -[39m
[32m[39m
2025-11-23 06:53:49 [32minfo[39m [32mGET /api/v1/livestock/cmi9quzfg001et1i4jjja8per/activity-timeline 304 4775.049 ms - -[39m
[32m[39m
2025-11-23 06:53:49 [32minfo[39m [32mGET /api/v1/livestock/cmi9quzfg001et1i4jjja8per/activity-timeline 304 4798.395 ms - -[39m
[32m[39m
2025-11-23 06:53:49 [32minfo[39m [32mGET /api/v1/livestock/cmi9quzfg001et1i4jjja8per/activity-timeline 304 4765.283 ms - -[39m
[32m[39m
2025-11-23 06:53:49 [32minfo[39m [32mGET /api/v1/livestock/cmi9quzfg001et1i4jjja8per/activity-timeline 304 4775.565 ms - -[39m
[32m[39m
2025-11-23 06:53:49 [32minfo[39m [32mGET /api/v1/livestock/cmi9quzfg001et1i4jjja8per/activity-timeline 304 4789.539 ms - -[39m
[32m[39m
2025-11-23 06:53:49 [32minfo[39m [32mGET /api/v1/livestock/cmi9quzfg001et1i4jjja8per/activity-timeline 304 4798.757 ms - -[39m
[32m[39m
2025-11-23 06:53:49 [32minfo[39m [32mGET /api/v1/livestock/cmi9quzfg001et1i4jjja8per/activity-timeline 304 4781.530 ms - -[39m
[32m[39m
2025-11-23 06:53:49 [32minfo[39m [32mGET /api/v1/livestock/cmi9quzfg001et1i4jjja8per/activity-timeline 304 4776.410 ms - -[39m
[32m[39m
2025-11-23 06:53:50 [32minfo[39m [32mGET /api/v1/livestock/cmi9quzfg001et1i4jjja8per/activity-timeline 304 4101.854 ms - -[39m
[32m[39m
2025-11-23 06:53:50 [32minfo[39m [32mGET /api/v1/livestock/cmi9quzfg001et1i4jjja8per/activity-timeline 304 4095.134 ms - -[39m
[32m[39m
2025-11-23 06:53:50 [32minfo[39m [32mGET /api/v1/livestock/cmi9quzfg001et1i4jjja8per/activity-timeline 304 4097.898 ms - -[39m
[32m[39m
2025-11-23 06:53:50 [32minfo[39m [32mGET /api/v1/livestock/cmi9quzfg001et1i4jjja8per/activity-timeline 304 4095.773 ms - -[39m
[32m[39m
2025-11-23 06:53:50 [32minfo[39m [32mGET /api/v1/livestock/cmi9quzfg001et1i4jjja8per/activity-timeline 304 4086.564 ms - -[39m
[32m[39m
2025-11-23 06:53:50 [32minfo[39m [32mGET /api/v1/livestock/cmi9quzfg001et1i4jjja8per/activity-timeline 304 4141.824 ms - -[39m
[32m[39m
2025-11-23 06:53:50 [32minfo[39m [32mGET /api/v1/livestock/cmi9quzfg001et1i4jjja8per/activity-timeline 304 4127.696 ms - -[39m
[32m[39m
2025-11-23 06:53:50 [32minfo[39m [32mGET /api/v1/livestock/cmi9quzfg001et1i4jjja8per/activity-timeline 304 4245.740 ms - -[39m
[32m[39m
2025-11-23 06:53:50 [32minfo[39m [32mGET /api/v1/livestock/cmi9quzfg001et1i4jjja8per/activity-timeline 304 4215.565 ms - -[39m
[32m[39m
2025-11-23 06:53:50 [32minfo[39m [32mGET /api/v1/livestock/cmi9quzfg001et1i4jjja8per/activity-timeline 304 4213.557 ms - -[39m
[32m[39m
2025-11-23 06:53:50 [32minfo[39m [32mGET /api/v1/livestock/cmi9quzfg001et1i4jjja8per/activity-timeline 304 4244.099 ms - -[39m
[32m[39m
2025-11-23 06:53:50 [32minfo[39m [32mGET /api/v1/livestock/cmi9quzfg001et1i4jjja8per/activity-timeline 304 4276.842 ms - -[39m
[32m[39m
2025-11-23 06:53:50 [32minfo[39m [32mGET /api/v1/livestock/cmi9quzfg001et1i4jjja8per/activity-timeline 304 4215.547 ms - -[39m
[32m[39m
2025-11-23 06:53:50 [32minfo[39m [32mGET /api/v1/livestock/cmi9quzfg001et1i4jjja8per/activity-timeline 304 4207.912 ms - -[39m
[32m[39m
2025-11-23 06:53:50 [32minfo[39m [32mGET /api/v1/livestock/cmi9quzfg001et1i4jjja8per/activity-timeline 304 4294.523 ms - -[39m
[32m[39m
2025-11-23 06:53:50 [32minfo[39m [32mGET /api/v1/livestock/cmi9quzfg001et1i4jjja8per/activity-timeline 304 4298.641 ms - -[39m
[32m[39m
2025-11-23 06:53:50 [32minfo[39m [32mGET /api/v1/livestock/cmi9quzfg001et1i4jjja8per/activity-timeline 304 4397.071 ms - -[39m
[32m[39m
2025-11-23 06:53:50 [32minfo[39m [32mGET /api/v1/livestock/cmi9quzfg001et1i4jjja8per/activity-timeline 304 4502.709 ms - -[39m
[32m[39m
2025-11-23 06:53:52 [32minfo[39m [32mGET /api/v1/livestock/cmi9quzfg001et1i4jjja8per/activity-timeline 304 4849.948 ms - -[39m
[32m[39m
2025-11-23 06:53:52 [32minfo[39m [32mGET /api/v1/livestock/cmi9quzfg001et1i4jjja8per/activity-timeline 304 4849.337 ms - -[39m
[32m[39m
2025-11-23 06:53:52 [32minfo[39m [32mGET /api/v1/livestock/cmi9quzfg001et1i4jjja8per/activity-timeline 304 4841.815 ms - -[39m
[32m[39m
2025-11-23 06:53:52 [32minfo[39m [32mGET /api/v1/livestock/cmi9quzfg001et1i4jjja8per/activity-timeline 304 4836.811 ms - -[39m
[32m[39m
2025-11-23 06:53:52 [32minfo[39m [32mGET /api/v1/livestock/cmi9quzfg001et1i4jjja8per/activity-timeline 304 5195.008 ms - -[39m
[32m[39m
2025-11-23 06:53:52 [32minfo[39m [32mGET /api/v1/livestock/cmi9quzfg001et1i4jjja8per/activity-timeline 304 5199.385 ms - -[39m
[32m[39m
2025-11-23 06:53:52 [32minfo[39m [32mGET /api/v1/livestock/cmi9quzfg001et1i4jjja8per/activity-timeline 304 5198.987 ms - -[39m
[32m[39m
2025-11-23 06:53:52 [32minfo[39m [32mGET /api/v1/livestock/cmi9quzfg001et1i4jjja8per/activity-timeline 304 5207.613 ms - -[39m
[32m[39m
2025-11-23 06:53:52 [32minfo[39m [32mGET /api/v1/livestock/cmi9quzfg001et1i4jjja8per/activity-timeline 304 5203.682 ms - -[39m
[32m[39m
2025-11-23 06:53:52 [32minfo[39m [32mGET /api/v1/livestock/cmi9quzfg001et1i4jjja8per/activity-timeline 304 5210.232 ms - -[39m
[32m[39m
2025-11-23 06:53:52 [32minfo[39m [32mGET /api/v1/livestock/cmi9quzfg001et1i4jjja8per/activity-timeline 304 5213.039 ms - -[39m
[32m[39m
2025-11-23 06:53:52 [32minfo[39m [32mGET /api/v1/livestock/cmi9quzfg001et1i4jjja8per/activity-timeline 304 5191.333 ms - -[39m
[32m[39m
2025-11-23 06:53:52 [32minfo[39m [32mGET /api/v1/livestock/cmi9quzfg001et1i4jjja8per/activity-timeline 304 5215.845 ms - -[39m
[32m[39m
2025-11-23 06:53:52 [32minfo[39m [32mGET /api/v1/livestock/cmi9quzfg001et1i4jjja8per/activity-timeline 304 5224.877 ms - -[39m
[32m[39m
2025-11-23 06:53:52 [32minfo[39m [32mGET /api/v1/livestock/cmi9quzfg001et1i4jjja8per/activity-timeline 304 5259.465 ms - -[39m
[32m[39m
2025-11-23 06:53:52 [32minfo[39m [32mGET /api/v1/livestock/cmi9quzfg001et1i4jjja8per/activity-timeline 304 5227.558 ms - -[39m
[32m[39m
2025-11-23 06:53:52 [32minfo[39m [32mGET /api/v1/livestock/cmi9quzfg001et1i4jjja8per/activity-timeline 304 5218.144 ms - -[39m
[32m[39m
2025-11-23 06:53:52 [32minfo[39m [32mGET /api/v1/livestock/cmi9quzfg001et1i4jjja8per/activity-timeline 304 5239.845 ms - -[39m
[32m[39m
2025-11-23 06:53:52 [32minfo[39m [32mGET /api/v1/livestock/cmi9quzfg001et1i4jjja8per/activity-timeline 304 5235.189 ms - -[39m
[32m[39m
2025-11-23 06:53:52 [32minfo[39m [32mGET /api/v1/livestock/cmi9quzfg001et1i4jjja8per/activity-timeline 304 5239.443 ms - -[39m
[32m[39m
2025-11-23 06:53:52 [32minfo[39m [32mGET /api/v1/livestock/cmi9quzfg001et1i4jjja8per/activity-timeline 304 5241.747 ms - -[39m
[32m[39m
2025-11-23 06:53:52 [32minfo[39m [32mGET /api/v1/livestock/cmi9quzfg001et1i4jjja8per/activity-timeline 304 5345.756 ms - -[39m
[32m[39m
2025-11-23 06:53:52 [32minfo[39m [32mGET /api/v1/livestock/cmi9quzfg001et1i4jjja8per/activity-timeline 304 5297.044 ms - -[39m
[32m[39m
2025-11-23 06:53:56 [32minfo[39m [32mGET /api/v1/livestock/cmi9quzfg001et1i4jjja8per/activity-timeline 304 7535.073 ms - -[39m
[32m[39m
2025-11-23 06:53:56 [32minfo[39m [32mGET /api/v1/livestock/cmi9quzfg001et1i4jjja8per/activity-timeline 304 7585.918 ms - -[39m
[32m[39m
2025-11-23 06:53:56 [32minfo[39m [32mGET /api/v1/livestock/cmi9quzfg001et1i4jjja8per/activity-timeline 304 7585.107 ms - -[39m
[32m[39m
2025-11-23 06:53:56 [32minfo[39m [32mGET /api/v1/livestock/cmi9quzfg001et1i4jjja8per/activity-timeline 304 7583.814 ms - -[39m
[32m[39m
2025-11-23 06:53:56 [32minfo[39m [32mGET /api/v1/livestock/cmi9quzfg001et1i4jjja8per/activity-timeline - - ms - -[39m
[32m[39m
2025-11-23 06:53:56 [32minfo[39m [32mGET /api/v1/livestock/cmi9quzfg001et1i4jjja8per/activity-timeline - - ms - -[39m
[32m[39m
2025-11-23 06:53:56 [32minfo[39m [32mGET /api/v1/livestock/cmi9quzfg001et1i4jjja8per/activity-timeline - - ms - -[39m
[32m[39m
2025-11-23 06:53:56 [32minfo[39m [32mGET /api/v1/livestock/cmi9quzfg001et1i4jjja8per/activity-timeline - - ms - -[39m
[32m[39m
2025-11-23 06:53:56 [32minfo[39m [32mGET /api/v1/livestock/cmi9quzfg001et1i4jjja8per/activity-timeline - - ms - -[39m
[32m[39m
2025-11-23 06:53:56 [32minfo[39m [32mGET /api/v1/livestock/cmi9quzfg001et1i4jjja8per/activity-timeline - - ms - -[39m
[32m[39m
2025-11-23 06:53:56 [32minfo[39m [32mGET /api/v1/livestock/cmi9quzfg001et1i4jjja8per/activity-timeline - - ms - -[39m
[32m[39m
2025-11-23 06:53:56 [32minfo[39m [32mGET /api/v1/livestock/cmi9quzfg001et1i4jjja8per/activity-timeline - - ms - -[39m
[32m[39m
2025-11-23 06:53:56 [32minfo[39m [32mGET /api/v1/livestock/cmi9quzfg001et1i4jjja8per/activity-timeline - - ms - -[39m
[32m[39m
2025-11-23 06:53:56 [32minfo[39m [32mGET /api/v1/livestock/cmi9quzfg001et1i4jjja8per/activity-timeline - - ms - -[39m
[32m[39m
2025-11-23 06:53:56 [32minfo[39m [32mGET /api/v1/livestock/cmi9quzfg001et1i4jjja8per/activity-timeline - - ms - -[39m
[32m[39m
2025-11-23 06:53:56 [32minfo[39m [32mGET /api/v1/livestock/cmi9quzfg001et1i4jjja8per/activity-timeline - - ms - -[39m
[32m[39m
2025-11-23 06:53:56 [32minfo[39m [32mGET /api/v1/livestock/cmi9quzfg001et1i4jjja8per/activity-timeline - - ms - -[39m
[32m[39m
2025-11-23 06:53:56 [32minfo[39m [32mGET /api/v1/livestock/cmi9quzfg001et1i4jjja8per/activity-timeline - - ms - -[39m
[32m[39m
2025-11-23 06:53:56 [32minfo[39m [32mGET /api/v1/livestock/cmi9quzfg001et1i4jjja8per/activity-timeline - - ms - -[39m
[32m[39m
2025-11-23 06:53:56 [32minfo[39m [32mGET /api/v1/livestock/cmi9quzfg001et1i4jjja8per/activity-timeline - - ms - -[39m
[32m[39m
2025-11-23 06:53:56 [32minfo[39m [32mGET /api/v1/livestock/cmi9quzfg001et1i4jjja8per/activity-timeline - - ms - -[39m
[32m[39m
2025-11-23 06:53:56 [32minfo[39m [32mGET /api/v1/livestock/cmi9quzfg001et1i4jjja8per/activity-timeline - - ms - -[39m
[32m[39m
2025-11-23 06:53:56 [32minfo[39m [32mGET /api/v1/livestock/cmi9quzfg001et1i4jjja8per/activity-timeline - - ms - -[39m
[32m[39m
2025-11-23 06:53:56 [32minfo[39m [32mGET /api/v1/livestock/cmi9quzfg001et1i4jjja8per/activity-timeline 304 7734.467 ms - -[39m
[32m[39m
2025-11-23 06:53:56 [32minfo[39m [32mGET /api/v1/livestock/cmi9quzfg001et1i4jjja8per/activity-timeline 304 7732.373 ms - -[39m
[32m[39m
2025-11-23 06:53:56 [32minfo[39m [32mGET /api/v1/livestock/cmi9quzfg001et1i4jjja8per/activity-timeline 304 7741.038 ms - -[39m
[32m[39m
2025-11-23 06:53:56 [32minfo[39m [32mGET /api/v1/livestock/cmi9quzfg001et1i4jjja8per/activity-timeline 304 7734.100 ms - -[39m
[32m[39m
2025-11-23 06:53:56 [32minfo[39m [32mGET /api/v1/livestock/cmi9quzfg001et1i4jjja8per/activity-timeline 304 7734.220 ms - -[39m
[32m[39m
2025-11-23 06:53:56 [32minfo[39m [32mGET /api/v1/livestock/cmi9quzfg001et1i4jjja8per/activity-timeline 304 7734.652 ms - -[39m
[32m[39m
2025-11-23 06:53:56 [32minfo[39m [32mGET /api/v1/livestock/cmi9quzfg001et1i4jjja8per/activity-timeline 304 7733.145 ms - -[39m
[32m[39m
2025-11-23 06:53:56 [32minfo[39m [32mGET /api/v1/livestock/cmi9quzfg001et1i4jjja8per/activity-timeline 304 7739.728 ms - -[39m
[32m[39m
2025-11-23 06:53:56 [32minfo[39m [32mGET /api/v1/livestock/cmi9quzfg001et1i4jjja8per/activity-timeline 304 7771.918 ms - -[39m
[32m[39m
2025-11-23 06:53:56 [32minfo[39m [32mGET /api/v1/livestock/cmi9quzfg001et1i4jjja8per/activity-timeline 304 7756.020 ms - -[39m
[32m[39m
2025-11-23 06:53:56 [32minfo[39m [32mGET /api/v1/livestock/cmi9quzfg001et1i4jjja8per/activity-timeline 304 7758.690 ms - -[39m
[32m[39m
2025-11-23 06:53:56 [32minfo[39m [32mGET /api/v1/livestock/cmi9quzfg001et1i4jjja8per/activity-timeline 304 7760.725 ms - -[39m
[32m[39m
2025-11-23 06:53:56 [32minfo[39m [32mGET /api/v1/livestock/cmi9quzfg001et1i4jjja8per/activity-timeline 304 7775.710 ms - -[39m
[32m[39m
2025-11-23 06:53:56 [32minfo[39m [32mGET /api/v1/livestock/cmi9quzfg001et1i4jjja8per/activity-timeline - - ms - -[39m
[32m[39m
2025-11-23 06:53:56 [32minfo[39m [32mGET /api/v1/livestock/cmi9quzfg001et1i4jjja8per/activity-timeline - - ms - -[39m
[32m[39m
2025-11-23 06:53:56 [32minfo[39m [32mGET /api/v1/livestock/cmi9quzfg001et1i4jjja8per/activity-timeline - - ms - -[39m
[32m[39m
2025-11-23 06:53:56 [32minfo[39m [32mGET /api/v1/livestock/cmi9quzfg001et1i4jjja8per/activity-timeline 304 7585.669 ms - -[39m
[32m[39m
2025-11-23 06:53:56 [32minfo[39m [32mGET /api/v1/livestock/cmi9quzfg001et1i4jjja8per/activity-timeline 304 7542.939 ms - -[39m
[32m[39m
2025-11-23 06:53:56 [32minfo[39m [32mGET /api/v1/livestock/cmi9quzfg001et1i4jjja8per/activity-timeline 304 7491.747 ms - -[39m
[32m[39m
2025-11-23 06:53:57 [32minfo[39m [32mGET /api/v1/livestock/cmi9quzfg001et1i4jjja8per/activity-timeline 304 7481.882 ms - -[39m
[32m[39m
2025-11-23 06:53:57 [32minfo[39m [32mGET /api/v1/livestock/cmi9quzfg001et1i4jjja8per/activity-timeline 304 7470.073 ms - -[39m
[32m[39m
2025-11-23 06:53:57 [32minfo[39m [32mGET /api/v1/livestock/cmi9quzfg001et1i4jjja8per/activity-timeline - - ms - -[39m
[32m[39m
2025-11-23 06:53:57 [32minfo[39m [32mGET /api/v1/livestock/cmi9quzfg001et1i4jjja8per/activity-timeline - - ms - -[39m
[32m[39m
2025-11-23 06:53:57 [32minfo[39m [32mGET /api/v1/livestock/cmi9quzfg001et1i4jjja8per/activity-timeline - - ms - -[39m
[32m[39m
2025-11-23 06:53:57 [32minfo[39m [32mGET /api/v1/livestock/cmi9quzfg001et1i4jjja8per/activity-timeline - - ms - -[39m
[32m[39m
2025-11-23 06:53:57 [32minfo[39m [32mGET /api/v1/livestock/cmi9quzfg001et1i4jjja8per/activity-timeline - - ms - -[39m
[32m[39m
2025-11-23 06:53:57 [32minfo[39m [32mGET /api/v1/livestock/cmi9quzfg001et1i4jjja8per/activity-timeline - - ms - -[39m
[32m[39m
2025-11-23 06:53:57 [32minfo[39m [32mGET /api/v1/livestock/cmi9quzfg001et1i4jjja8per/activity-timeline - - ms - -[39m
[32m[39m
2025-11-23 06:53:57 [32minfo[39m [32mGET /api/v1/livestock/cmi9quzfg001et1i4jjja8per/activity-timeline - - ms - -[39m
[32m[39m
2025-11-23 06:53:57 [32minfo[39m [32mGET /api/v1/livestock/cmi9quzfg001et1i4jjja8per/activity-timeline - - ms - -[39m
[32m[39m
2025-11-23 06:53:57 [32minfo[39m [32mGET /api/v1/livestock/cmi9quzfg001et1i4jjja8per/activity-timeline - - ms - -[39m
[32m[39m
2025-11-23 06:53:57 [32minfo[39m [32mGET /api/v1/livestock/cmi9quzfg001et1i4jjja8per/activity-timeline - - ms - -[39m
[32m[39m
2025-11-23 06:53:57 [32minfo[39m [32mGET /api/v1/livestock/cmi9quzfg001et1i4jjja8per/activity-timeline - - ms - -[39m
[32m[39m
2025-11-23 06:53:57 [32minfo[39m [32mGET /api/v1/livestock/cmi9quzfg001et1i4jjja8per/activity-timeline - - ms - -[39m
[32m[39m
2025-11-23 06:53:57 [32minfo[39m [32mGET /api/v1/livestock/cmi9quzfg001et1i4jjja8per/activity-timeline - - ms - -[39m
[32m[39m
2025-11-23 06:53:57 [32minfo[39m [32mGET /api/v1/livestock/cmi9quzfg001et1i4jjja8per/activity-timeline - - ms - -[39m
[32m[39m
2025-11-23 06:53:57 [32minfo[39m [32mGET /api/v1/livestock/cmi9quzfg001et1i4jjja8per/activity-timeline - - ms - -[39m
[32m[39m
2025-11-23 06:53:57 [32minfo[39m [32mGET /api/v1/livestock/cmi9quzfg001et1i4jjja8per/activity-timeline - - ms - -[39m
[32m[39m
2025-11-23 06:53:57 [32minfo[39m [32mGET /api/v1/livestock/cmi9quzfg001et1i4jjja8per/activity-timeline - - ms - -[39m
[32m[39m
2025-11-23 06:53:57 [32minfo[39m [32mGET /api/v1/livestock/cmi9quzfg001et1i4jjja8per/activity-timeline - - ms - -[39m
[32m[39m
2025-11-23 06:53:57 [32minfo[39m [32mGET /api/v1/livestock/cmi9quzfg001et1i4jjja8per/activity-timeline - - ms - -[39m
[32m[39m
2025-11-23 06:53:57 [32minfo[39m [32mGET /api/v1/livestock/cmi9quzfg001et1i4jjja8per/activity-timeline - - ms - -[39m
[32m[39m
2025-11-23 06:53:57 [32minfo[39m [32mGET /api/v1/livestock/cmi9quzfg001et1i4jjja8per/activity-timeline - - ms - -[39m
[32m[39m
2025-11-23 06:53:57 [32minfo[39m [32mGET /api/v1/livestock/cmi9quzfg001et1i4jjja8per/activity-timeline - - ms - -[39m
[32m[39m
2025-11-23 06:53:57 [32minfo[39m [32mGET /api/v1/livestock/cmi9quzfg001et1i4jjja8per/activity-timeline - - ms - -[39m
[32m[39m
2025-11-23 06:53:57 [32minfo[39m [32mGET /api/v1/livestock/cmi9quzfg001et1i4jjja8per/activity-timeline - - ms - -[39m
[32m[39m
2025-11-23 06:53:57 [32minfo[39m [32mGET /api/v1/livestock/cmi9quzfg001et1i4jjja8per/activity-timeline - - ms - -[39m
[32m[39m
2025-11-23 06:53:57 [32minfo[39m [32mGET /api/v1/livestock/cmi9quzfg001et1i4jjja8per/activity-timeline - - ms - -[39m
[32m[39m
2025-11-23 06:53:58 [32minfo[39m [32mGET /api/v1/livestock/cmi9quzfg001et1i4jjja8per/activity-timeline - - ms - -[39m
[32m[39m
2025-11-23 06:53:58 [32minfo[39m [32mGET /api/v1/livestock/cmi9quzfg001et1i4jjja8per/activity-timeline - - ms - -[39m
[32m[39m
2025-11-23 06:53:58 [32minfo[39m [32mGET /api/v1/livestock/cmi9quzfg001et1i4jjja8per/activity-timeline - - ms - -[39m
[32m[39m
2025-11-23 06:53:58 [32minfo[39m [32mGET /api/v1/livestock/cmi9quzfg001et1i4jjja8per/activity-timeline - - ms - -[39m
[32m[39m
2025-11-23 06:53:58 [32minfo[39m [32mGET /api/v1/livestock/cmi9quzfg001et1i4jjja8per/activity-timeline - - ms - -[39m
[32m[39m
2025-11-23 06:53:58 [32minfo[39m [32mGET /api/v1/livestock/cmi9quzfg001et1i4jjja8per/activity-timeline - - ms - -[39m
[32m[39m
2025-11-23 06:53:58 [32minfo[39m [32mGET /api/v1/livestock/cmi9quzfg001et1i4jjja8per/activity-timeline - - ms - -[39m
[32m[39m
2025-11-23 06:53:58 [32minfo[39m [32mGET /api/v1/livestock/cmi9quzfg001et1i4jjja8per/activity-timeline - - ms - -[39m
[32m[39m
2025-11-23 06:53:58 [32minfo[39m [32mGET /api/v1/livestock/cmi9quzfg001et1i4jjja8per/activity-timeline - - ms - -[39m
[32m[39m
2025-11-23 06:53:58 [32minfo[39m [32mGET /api/v1/livestock/cmi9quzfg001et1i4jjja8per/activity-timeline - - ms - -[39m
[32m[39m
2025-11-23 06:53:58 [32minfo[39m [32mGET /api/v1/livestock/cmi9quzfg001et1i4jjja8per/activity-timeline - - ms - -[39m
[32m[39m
2025-11-23 06:53:58 [32minfo[39m [32mGET /api/v1/livestock/cmi9quzfg001et1i4jjja8per/activity-timeline - - ms - -[39m
[32m[39m
2025-11-23 06:53:58 [32minfo[39m [32mGET /api/v1/livestock/cmi9quzfg001et1i4jjja8per/activity-timeline - - ms - -[39m
[32m[39m
2025-11-23 06:53:58 [32minfo[39m [32mGET /api/v1/livestock/cmi9quzfg001et1i4jjja8per/activity-timeline - - ms - -[39m
[32m[39m
2025-11-23 06:53:58 [32minfo[39m [32mGET /api/v1/livestock/cmi9quzfg001et1i4jjja8per/activity-timeline - - ms - -[39m
[32m[39m
2025-11-23 06:53:58 [32minfo[39m [32mGET /api/v1/livestock/cmi9quzfg001et1i4jjja8per/activity-timeline - - ms - -[39m
[32m[39m
2025-11-23 06:53:58 [32minfo[39m [32mGET /api/v1/livestock/cmi9quzfg001et1i4jjja8per/activity-timeline - - ms - -[39m
[32m[39m
2025-11-23 06:53:58 [32minfo[39m [32mGET /api/v1/livestock/cmi9quzfg001et1i4jjja8per/activity-timeline - - ms - -[39m
[32m[39m
2025-11-23 06:53:58 [32minfo[39m [32mGET /api/v1/livestock/cmi9quzfg001et1i4jjja8per/activity-timeline - - ms - -[39m
[32m[39m
2025-11-23 06:53:58 [32minfo[39m [32mGET /api/v1/livestock/cmi9quzfg001et1i4jjja8per/activity-timeline - - ms - -[39m
[32m[39m
2025-11-23 06:53:58 [32minfo[39m [32mGET /api/v1/livestock/cmi9quzfg001et1i4jjja8per/activity-timeline - - ms - -[39m
[32m[39m
2025-11-23 06:53:58 [32minfo[39m [32mGET /api/v1/livestock/cmi9quzfg001et1i4jjja8per/activity-timeline - - ms - -[39m
[32m[39m
2025-11-23 06:53:58 [32minfo[39m [32mGET /api/v1/livestock/cmi9quzfg001et1i4jjja8per/activity-timeline - - ms - -[39m
[32m[39m
2025-11-23 06:53:58 [32minfo[39m [32mGET /api/v1/livestock/cmi9quzfg001et1i4jjja8per/activity-timeline - - ms - -[39m
[32m[39m
2025-11-23 06:53:58 [32minfo[39m [32mGET /api/v1/livestock/cmi9quzfg001et1i4jjja8per/activity-timeline - - ms - -[39m
[32m[39m
2025-11-23 06:53:58 [32minfo[39m [32mGET /api/v1/livestock/cmi9quzfg001et1i4jjja8per/activity-timeline - - ms - -[39m
[32m[39m
2025-11-23 06:53:58 [32minfo[39m [32mGET /api/v1/livestock/cmi9quzfg001et1i4jjja8per/activity-timeline - - ms - -[39m
[32m[39m
2025-11-23 06:53:58 [32minfo[39m [32mGET /api/v1/livestock/cmi9quzfg001et1i4jjja8per/activity-timeline - - ms - -[39m
[32m[39m
2025-11-23 06:53:58 [32minfo[39m [32mGET /api/v1/livestock/cmi9quzfg001et1i4jjja8per/activity-timeline - - ms - -[39m
[32m[39m
2025-11-23 06:53:58 [32minfo[39m [32mGET /api/v1/livestock/cmi9quzfg001et1i4jjja8per/activity-timeline - - ms - -[39m
[32m[39m
2025-11-23 06:53:58 [32minfo[39m [32mGET /api/v1/livestock/cmi9quzfg001et1i4jjja8per/activity-timeline - - ms - -[39m
[32m[39m
2025-11-23 06:53:58 [32minfo[39m [32mGET /api/v1/livestock/cmi9quzfg001et1i4jjja8per/activity-timeline - - ms - -[39m
[32m[39m
2025-11-23 06:53:58 [32minfo[39m [32mGET /api/v1/livestock/cmi9quzfg001et1i4jjja8per/activity-timeline - - ms - -[39m
[32m[39m
2025-11-23 06:53:58 [32minfo[39m [32mGET /api/v1/livestock/cmi9quzfg001et1i4jjja8per/activity-timeline 304 8329.099 ms - -[39m
[32m[39m
2025-11-23 06:53:58 [32minfo[39m [32mGET /api/v1/livestock/cmi9quzfg001et1i4jjja8per/activity-timeline 304 8328.625 ms - -[39m
[32m[39m
2025-11-23 06:53:58 [32minfo[39m [32mGET /api/v1/livestock/cmi9quzfg001et1i4jjja8per/activity-timeline 304 8322.339 ms - -[39m
[32m[39m
2025-11-23 06:53:58 [32minfo[39m [32mGET /api/v1/livestock/cmi9quzfg001et1i4jjja8per/activity-timeline - - ms - -[39m
[32m[39m
2025-11-23 06:53:58 [32minfo[39m [32mGET /api/v1/livestock/cmi9quzfg001et1i4jjja8per/activity-timeline - - ms - -[39m
[32m[39m
2025-11-23 06:53:58 [32minfo[39m [32mGET /api/v1/livestock/cmi9quzfg001et1i4jjja8per/activity-timeline - - ms - -[39m
[32m[39m
2025-11-23 06:53:58 [32minfo[39m [32mGET /api/v1/livestock/cmi9quzfg001et1i4jjja8per/activity-timeline - - ms - -[39m
[32m[39m
2025-11-23 06:53:58 [32minfo[39m [32mGET /api/v1/livestock/cmi9quzfg001et1i4jjja8per/activity-timeline 304 8339.606 ms - -[39m
[32m[39m
2025-11-23 06:53:59 [32minfo[39m [32mGET /api/v1/livestock/cmi9quzfg001et1i4jjja8per/activity-timeline - - ms - -[39m
[32m[39m
2025-11-23 06:53:59 [32minfo[39m [32mGET /api/v1/livestock/cmi9quzfg001et1i4jjja8per/activity-timeline - - ms - -[39m
[32m[39m
2025-11-23 06:53:59 [32minfo[39m [32mGET /api/v1/livestock/cmi9quzfg001et1i4jjja8per/activity-timeline - - ms - -[39m
[32m[39m
2025-11-23 06:54:00 [32minfo[39m [32mGET /api/v1/livestock/cmi9quzfg001et1i4jjja8per/activity-timeline - - ms - -[39m
[32m[39m
2025-11-23 06:54:00 [32minfo[39m [32mGET /api/v1/livestock/cmi9quzfg001et1i4jjja8per/activity-timeline - - ms - -[39m
[32m[39m
2025-11-23 06:54:00 [32minfo[39m [32mGET /api/v1/livestock/cmi9quzfg001et1i4jjja8per/activity-timeline - - ms - -[39m
[32m[39m
2025-11-23 06:54:00 [32minfo[39m [32mGET /api/v1/livestock/cmi9quzfg001et1i4jjja8per/activity-timeline - - ms - -[39m
[32m[39m
2025-11-23 06:54:00 [32minfo[39m [32mGET /api/v1/livestock/cmi9quzfg001et1i4jjja8per/activity-timeline - - ms - -[39m
[32m[39m
2025-11-23 06:54:00 [32minfo[39m [32mGET /api/v1/livestock/cmi9quzfg001et1i4jjja8per/activity-timeline - - ms - -[39m
[32m[39m
2025-11-23 06:54:00 [32minfo[39m [32mGET /api/v1/livestock/cmi9quzfg001et1i4jjja8per/activity-timeline - - ms - -[39m
[32m[39m
2025-11-23 06:54:00 [32minfo[39m [32mGET /api/v1/livestock/cmi9quzfg001et1i4jjja8per/activity-timeline - - ms - -[39m
[32m[39m
2025-11-23 06:54:00 [32minfo[39m [32mGET /api/v1/livestock/cmi9quzfg001et1i4jjja8per/activity-timeline - - ms - -[39m
[32m[39m
2025-11-23 06:54:00 [32minfo[39m [32mGET /api/v1/livestock/cmi9quzfg001et1i4jjja8per/activity-timeline - - ms - -[39m
[32m[39m
2025-11-23 06:54:00 [32minfo[39m [32mGET /api/v1/livestock/cmi9quzfg001et1i4jjja8per/activity-timeline - - ms - -[39m
[32m[39m
2025-11-23 06:54:00 [32minfo[39m [32mGET /api/v1/livestock/cmi9quzfg001et1i4jjja8per/activity-timeline - - ms - -[39m
[32m[39m
2025-11-23 06:54:00 [32minfo[39m [32mGET /api/v1/livestock/cmi9quzfg001et1i4jjja8per/activity-timeline - - ms - -[39m
[32m[39m
2025-11-23 06:54:00 [32minfo[39m [32mGET /api/v1/livestock/cmi9quzfg001et1i4jjja8per/activity-timeline - - ms - -[39m
[32m[39m
2025-11-23 06:54:00 [32minfo[39m [32mGET /api/v1/livestock/cmi9quzfg001et1i4jjja8per/activity-timeline - - ms - -[39m
[32m[39m
2025-11-23 06:54:00 [32minfo[39m [32mGET /api/v1/livestock/cmi9quzfg001et1i4jjja8per/activity-timeline - - ms - -[39m
[32m[39m
2025-11-23 06:54:00 [32minfo[39m [32mGET /api/v1/livestock/cmi9quzfg001et1i4jjja8per/activity-timeline - - ms - -[39m
[32m[39m
2025-11-23 06:54:00 [32minfo[39m [32mGET /api/v1/livestock/cmi9quzfg001et1i4jjja8per/activity-timeline - - ms - -[39m
[32m[39m
2025-11-23 06:54:02 [32minfo[39m [32mGET /api/v1/livestock/cmi9quzfg001et1i4jjja8per/activity-timeline - - ms - -[39m
[32m[39m
2025-11-23 06:54:02 [32minfo[39m [32mGET /api/v1/livestock/cmi9quzfg001et1i4jjja8per/activity-timeline - - ms - -[39m
[32m[39m
2025-11-23 06:54:02 [32minfo[39m [32mGET /api/v1/livestock/cmi9quzfg001et1i4jjja8per/activity-timeline - - ms - -[39m
[32m[39m
2025-11-23 06:54:02 [32minfo[39m [32mGET /api/v1/livestock/cmi9quzfg001et1i4jjja8per/activity-timeline - - ms - -[39m
[32m[39m
2025-11-23 06:54:02 [32minfo[39m [32mGET /api/v1/livestock/cmi9quzfg001et1i4jjja8per/activity-timeline - - ms - -[39m
[32m[39m
2025-11-23 06:54:02 [32minfo[39m [32mGET /api/v1/livestock/cmi9quzfg001et1i4jjja8per/activity-timeline - - ms - -[39m
[32m[39m
2025-11-23 06:54:02 [32minfo[39m [32mGET /api/v1/livestock/cmi9quzfg001et1i4jjja8per/activity-timeline - - ms - -[39m
[32m[39m
2025-11-23 06:54:02 [32minfo[39m [32mGET /api/v1/livestock/cmi9quzfg001et1i4jjja8per/activity-timeline - - ms - -[39m
[32m[39m
2025-11-23 06:54:02 [32minfo[39m [32mGET /api/v1/livestock/cmi9quzfg001et1i4jjja8per/activity-timeline - - ms - -[39m
[32m[39m
2025-11-23 06:54:02 [32minfo[39m [32mGET /api/v1/livestock/cmi9quzfg001et1i4jjja8per/activity-timeline - - ms - -[39m
[32m[39m
2025-11-23 06:54:02 [32minfo[39m [32mGET /api/v1/livestock/cmi9quzfg001et1i4jjja8per/activity-timeline - - ms - -[39m
[32m[39m
2025-11-23 06:54:02 [32minfo[39m [32mGET /api/v1/livestock/cmi9quzfg001et1i4jjja8per/activity-timeline - - ms - -[39m
[32m[39m
2025-11-23 06:54:02 [32minfo[39m [32mGET /api/v1/livestock/cmi9quzfg001et1i4jjja8per/activity-timeline - - ms - -[39m
[32m[39m
2025-11-23 06:54:02 [32minfo[39m [32mGET /api/v1/livestock/cmi9quzfg001et1i4jjja8per/activity-timeline - - ms - -[39m
[32m[39m
2025-11-23 06:54:02 [32minfo[39m [32mGET /api/v1/livestock/cmi9quzfg001et1i4jjja8per/activity-timeline - - ms - -[39m
[32m[39m
2025-11-23 06:54:02 [32minfo[39m [32mGET /api/v1/livestock/cmi9quzfg001et1i4jjja8per/activity-timeline - - ms - -[39m
[32m[39m
2025-11-23 06:54:02 [32minfo[39m [32mGET /api/v1/livestock/cmi9quzfg001et1i4jjja8per/activity-timeline - - ms - -[39m
[32m[39m
2025-11-23 06:54:02 [32minfo[39m [32mGET /api/v1/livestock/cmi9quzfg001et1i4jjja8per/activity-timeline - - ms - -[39m
[32m[39m
2025-11-23 06:54:02 [32minfo[39m [32mGET /api/v1/livestock/cmi9quzfg001et1i4jjja8per/activity-timeline - - ms - -[39m
[32m[39m
2025-11-23 06:54:02 [32minfo[39m [32mGET /api/v1/livestock/cmi9quzfg001et1i4jjja8per/activity-timeline - - ms - -[39m
[32m[39m
2025-11-23 06:54:03 [32minfo[39m [32mGET /api/v1/livestock/cmi9quzfg001et1i4jjja8per/activity-timeline - - ms - -[39m
[32m[39m
2025-11-23 06:54:03 [32minfo[39m [32mGET /api/v1/livestock/cmi9quzfg001et1i4jjja8per/activity-timeline - - ms - -[39m
[32m[39m
2025-11-23 06:54:03 [32minfo[39m [32mGET /api/v1/livestock/cmi9quzfg001et1i4jjja8per/activity-timeline - - ms - -[39m
[32m[39m
2025-11-23 06:54:03 [32minfo[39m [32mGET /api/v1/livestock/cmi9quzfg001et1i4jjja8per/activity-timeline - - ms - -[39m
[32m[39m
2025-11-23 06:54:03 [32minfo[39m [32mGET /api/v1/livestock/cmi9quzfg001et1i4jjja8per/activity-timeline - - ms - -[39m
[32m[39m
2025-11-23 06:54:03 [32minfo[39m [32mGET /api/v1/livestock/cmi9quzfg001et1i4jjja8per/activity-timeline - - ms - -[39m
[32m[39m
2025-11-23 06:54:03 [32minfo[39m [32mGET /api/v1/livestock/cmi9quzfg001et1i4jjja8per/activity-timeline - - ms - -[39m
[32m[39m
2025-11-23 06:54:03 [32minfo[39m [32mGET /api/v1/livestock/cmi9quzfg001et1i4jjja8per/activity-timeline - - ms - -[39m
[32m[39m
2025-11-23 06:54:03 [32minfo[39m [32mGET /api/v1/livestock/cmi9quzfg001et1i4jjja8per/activity-timeline - - ms - -[39m
[32m[39m
2025-11-23 06:54:03 [32minfo[39m [32mGET /api/v1/livestock/cmi9quzfg001et1i4jjja8per/activity-timeline - - ms - -[39m
[32m[39m
2025-11-23 06:54:03 [32minfo[39m [32mGET /api/v1/livestock/cmi9quzfg001et1i4jjja8per/activity-timeline - - ms - -[39m
[32m[39m
2025-11-23 06:54:03 [32minfo[39m [32mGET /api/v1/livestock/cmi9quzfg001et1i4jjja8per/activity-timeline - - ms - -[39m
[32m[39m
2025-11-23 06:54:03 [32minfo[39m [32mGET /api/v1/livestock/cmi9quzfg001et1i4jjja8per/activity-timeline - - ms - -[39m
[32m[39m
2025-11-23 06:54:03 [32minfo[39m [32mGET /api/v1/livestock/cmi9quzfg001et1i4jjja8per/activity-timeline - - ms - -[39m
[32m[39m
2025-11-23 06:54:03 [32minfo[39m [32mGET /api/v1/livestock/cmi9quzfg001et1i4jjja8per/activity-timeline - - ms - -[39m
[32m[39m
2025-11-23 06:54:03 [32minfo[39m [32mGET /api/v1/livestock/cmi9quzfg001et1i4jjja8per/activity-timeline - - ms - -[39m
[32m[39m
2025-11-23 06:54:03 [32minfo[39m [32mGET /api/v1/livestock/cmi9quzfg001et1i4jjja8per/activity-timeline - - ms - -[39m
[32m[39m
2025-11-23 06:54:03 [32minfo[39m [32mGET /api/v1/livestock/cmi9quzfg001et1i4jjja8per/activity-timeline - - ms - -[39m
[32m[39m
2025-11-23 06:54:03 [32minfo[39m [32mGET /api/v1/livestock/cmi9quzfg001et1i4jjja8per/activity-timeline - - ms - -[39m
[32m[39m
2025-11-23 06:54:03 [32minfo[39m [32mGET /api/v1/livestock/cmi9quzfg001et1i4jjja8per/activity-timeline - - ms - -[39m
[32m[39m
2025-11-23 06:54:03 [32minfo[39m [32mGET /api/v1/livestock/cmi9quzfg001et1i4jjja8per/activity-timeline - - ms - -[39m
[32m[39m
2025-11-23 06:54:03 [32minfo[39m [32mGET /api/v1/livestock/cmi9quzfg001et1i4jjja8per/activity-timeline - - ms - -[39m
[32m[39m
2025-11-23 06:54:03 [32minfo[39m [32mGET /api/v1/livestock/cmi9quzfg001et1i4jjja8per/activity-timeline - - ms - -[39m
[32m[39m
2025-11-23 06:54:03 [32minfo[39m [32mGET /api/v1/livestock/cmi9quzfg001et1i4jjja8per/activity-timeline - - ms - -[39m
[32m[39m
2025-11-23 06:54:03 [32minfo[39m [32mGET /api/v1/livestock/cmi9quzfg001et1i4jjja8per/activity-timeline - - ms - -[39m
[32m[39m
2025-11-23 06:54:03 [32minfo[39m [32mGET /api/v1/livestock/cmi9quzfg001et1i4jjja8per/activity-timeline - - ms - -[39m
[32m[39m
2025-11-23 06:54:03 [32minfo[39m [32mGET /api/v1/livestock/cmi9quzfg001et1i4jjja8per/activity-timeline - - ms - -[39m
[32m[39m
2025-11-23 06:54:03 [32minfo[39m [32mGET /api/v1/livestock/cmi9quzfg001et1i4jjja8per/activity-timeline - - ms - -[39m
[32m[39m
2025-11-23 06:54:03 [32minfo[39m [32mGET /api/v1/livestock/cmi9quzfg001et1i4jjja8per/activity-timeline - - ms - -[39m
[32m[39m
2025-11-23 06:54:03 [32minfo[39m [32mGET /api/v1/livestock/cmi9quzfg001et1i4jjja8per/activity-timeline - - ms - -[39m
[32m[39m
2025-11-23 06:54:03 [32minfo[39m [32mGET /api/v1/livestock/cmi9quzfg001et1i4jjja8per/activity-timeline - - ms - -[39m
[32m[39m
2025-11-23 06:54:03 [32minfo[39m [32mGET /api/v1/livestock/cmi9quzfg001et1i4jjja8per/activity-timeline - - ms - -[39m
[32m[39m
2025-11-23 06:54:03 [32minfo[39m [32mGET /api/v1/livestock/cmi9quzfg001et1i4jjja8per/activity-timeline - - ms - -[39m
[32m[39m
2025-11-23 06:54:03 [32minfo[39m [32mGET /api/v1/livestock/cmi9quzfg001et1i4jjja8per/activity-timeline - - ms - -[39m
[32m[39m
2025-11-23 06:54:03 [32minfo[39m [32mGET /api/v1/livestock/cmi9quzfg001et1i4jjja8per/activity-timeline - - ms - -[39m
[32m[39m
2025-11-23 06:54:05 [32minfo[39m [32mGET /api/v1/livestock/cmi9quzfg001et1i4jjja8per/activity-timeline - - ms - -[39m
[32m[39m
2025-11-23 06:54:07 [32minfo[39m [32mGET /api/v1/livestock/cmi9quzfg001et1i4jjja8per/activity-timeline - - ms - -[39m
[32m[39m
2025-11-23 06:54:07 [32minfo[39m [32mGET /api/v1/livestock/cmi9quzfg001et1i4jjja8per/activity-timeline - - ms - -[39m
[32m[39m
2025-11-23 06:54:07 [32minfo[39m [32mGET /api/v1/livestock/cmi9quzfg001et1i4jjja8per/activity-timeline - - ms - -[39m
[32m[39m
2025-11-23 06:54:07 [32minfo[39m [32mGET /api/v1/livestock/cmi9quzfg001et1i4jjja8per/activity-timeline - - ms - -[39m
[32m[39m
2025-11-23 06:54:07 [32minfo[39m [32mGET /api/v1/livestock/cmi9quzfg001et1i4jjja8per/activity-timeline - - ms - -[39m
[32m[39m
2025-11-23 06:54:07 [32minfo[39m [32mGET /api/v1/livestock/cmi9quzfg001et1i4jjja8per/activity-timeline - - ms - -[39m
[32m[39m
2025-11-23 06:54:07 [32minfo[39m [32mGET /api/v1/livestock/cmi9quzfg001et1i4jjja8per/activity-timeline - - ms - -[39m
[32m[39m
2025-11-23 06:54:07 [32minfo[39m [32mGET /api/v1/livestock/cmi9quzfg001et1i4jjja8per/activity-timeline - - ms - -[39m
[32m[39m
2025-11-23 06:54:07 [32minfo[39m [32mGET /api/v1/livestock/cmi9quzfg001et1i4jjja8per/activity-timeline - - ms - -[39m
[32m[39m
2025-11-23 06:54:07 [32minfo[39m [32mGET /api/v1/livestock/cmi9quzfg001et1i4jjja8per/activity-timeline - - ms - -[39m
[32m[39m
2025-11-23 06:54:07 [32minfo[39m [32mGET /api/v1/livestock/cmi9quzfg001et1i4jjja8per/activity-timeline - - ms - -[39m
[32m[39m
2025-11-23 06:54:07 [32minfo[39m [32mGET /api/v1/livestock/cmi9quzfg001et1i4jjja8per/activity-timeline - - ms - -[39m
[32m[39m
2025-11-23 06:54:07 [32minfo[39m [32mGET /api/v1/livestock/cmi9quzfg001et1i4jjja8per/activity-timeline - - ms - -[39m
[32m[39m
2025-11-23 06:54:07 [32minfo[39m [32mGET /api/v1/livestock/cmi9quzfg001et1i4jjja8per/activity-timeline - - ms - -[39m
[32m[39m
2025-11-23 06:54:07 [32minfo[39m [32mGET /api/v1/livestock/cmi9quzfg001et1i4jjja8per/activity-timeline - - ms - -[39m
[32m[39m
2025-11-23 06:54:07 [32minfo[39m [32mGET /api/v1/livestock/cmi9quzfg001et1i4jjja8per/activity-timeline - - ms - -[39m
[32m[39m
2025-11-23 06:54:07 [32minfo[39m [32mGET /api/v1/livestock/cmi9quzfg001et1i4jjja8per/activity-timeline - - ms - -[39m
[32m[39m
2025-11-23 06:54:07 [32minfo[39m [32mGET /api/v1/livestock/cmi9quzfg001et1i4jjja8per/activity-timeline - - ms - -[39m
[32m[39m
2025-11-23 06:54:07 [32minfo[39m [32mGET /api/v1/livestock/cmi9quzfg001et1i4jjja8per/activity-timeline - - ms - -[39m
[32m[39m
2025-11-23 06:54:07 [32minfo[39m [32mGET /api/v1/livestock/cmi9quzfg001et1i4jjja8per/activity-timeline - - ms - -[39m
[32m[39m
2025-11-23 06:54:08 [32minfo[39m [32mGET /api/v1/livestock/cmi9quzfg001et1i4jjja8per/activity-timeline - - ms - -[39m
[32m[39m
2025-11-23 06:54:08 [32minfo[39m [32mGET /api/v1/livestock/cmi9quzfg001et1i4jjja8per/activity-timeline - - ms - -[39m
[32m[39m
2025-11-23 06:54:08 [32minfo[39m [32mGET /api/v1/livestock/cmi9quzfg001et1i4jjja8per/activity-timeline - - ms - -[39m
[32m[39m
2025-11-23 06:54:08 [32minfo[39m [32mGET /api/v1/livestock/cmi9quzfg001et1i4jjja8per/activity-timeline - - ms - -[39m
[32m[39m
2025-11-23 06:54:08 [32minfo[39m [32mGET /api/v1/livestock/cmi9quzfg001et1i4jjja8per/activity-timeline - - ms - -[39m
[32m[39m
2025-11-23 06:54:08 [32minfo[39m [32mGET /api/v1/livestock/cmi9quzfg001et1i4jjja8per/activity-timeline - - ms - -[39m
[32m[39m
2025-11-23 06:54:08 [32minfo[39m [32mGET /api/v1/livestock/cmi9quzfg001et1i4jjja8per/activity-timeline - - ms - -[39m
[32m[39m
2025-11-23 06:54:08 [32minfo[39m [32mGET /api/v1/livestock/cmi9quzfg001et1i4jjja8per/activity-timeline - - ms - -[39m
[32m[39m
2025-11-23 06:54:08 [32minfo[39m [32mGET /api/v1/livestock/cmi9quzfg001et1i4jjja8per/activity-timeline - - ms - -[39m
[32m[39m
2025-11-23 06:54:08 [32minfo[39m [32mGET /api/v1/livestock/cmi9quzfg001et1i4jjja8per/activity-timeline - - ms - -[39m
[32m[39m
2025-11-23 06:54:08 [32minfo[39m [32mGET /api/v1/livestock/cmi9quzfg001et1i4jjja8per/activity-timeline - - ms - -[39m
[32m[39m
2025-11-23 06:54:08 [32minfo[39m [32mGET /api/v1/livestock/cmi9quzfg001et1i4jjja8per/activity-timeline - - ms - -[39m
[32m[39m
2025-11-23 06:54:08 [32minfo[39m [32mGET /api/v1/livestock/cmi9quzfg001et1i4jjja8per/activity-timeline - - ms - -[39m
[32m[39m
2025-11-23 06:54:08 [32minfo[39m [32mGET /api/v1/livestock/cmi9quzfg001et1i4jjja8per/activity-timeline - - ms - -[39m
[32m[39m
2025-11-23 06:54:08 [32minfo[39m [32mGET /api/v1/livestock/cmi9quzfg001et1i4jjja8per/activity-timeline - - ms - -[39m
[32m[39m
2025-11-23 06:54:08 [32minfo[39m [32mGET /api/v1/livestock/cmi9quzfg001et1i4jjja8per/activity-timeline - - ms - -[39m
[32m[39m
2025-11-23 06:54:08 [32minfo[39m [32mGET /api/v1/livestock/cmi9quzfg001et1i4jjja8per/activity-timeline - - ms - -[39m
[32m[39m
2025-11-23 06:54:09 [32minfo[39m [32mGET /api/v1/livestock/cmi9quzfg001et1i4jjja8per/activity-timeline - - ms - -[39m
[32m[39m
2025-11-23 06:54:09 [32minfo[39m [32mGET /api/v1/livestock/cmi9quzfg001et1i4jjja8per/activity-timeline - - ms - -[39m
[32m[39m
2025-11-23 06:54:09 [32minfo[39m [32mGET /api/v1/livestock/cmi9quzfg001et1i4jjja8per/activity-timeline - - ms - -[39m
[32m[39m
2025-11-23 06:54:09 [32minfo[39m [32mGET /api/v1/livestock/cmi9quzfg001et1i4jjja8per/activity-timeline - - ms - -[39m
[32m[39m
2025-11-23 06:54:09 [32minfo[39m [32mGET /api/v1/livestock/cmi9quzfg001et1i4jjja8per/activity-timeline - - ms - -[39m
[32m[39m
2025-11-23 06:54:09 [32minfo[39m [32mGET /api/v1/livestock/cmi9quzfg001et1i4jjja8per/activity-timeline - - ms - -[39m
[32m[39m
2025-11-23 06:54:09 [32minfo[39m [32mGET /api/v1/livestock/cmi9quzfg001et1i4jjja8per/activity-timeline - - ms - -[39m
[32m[39m
2025-11-23 06:54:09 [32minfo[39m [32mGET /api/v1/livestock/cmi9quzfg001et1i4jjja8per/activity-timeline - - ms - -[39m
[32m[39m
2025-11-23 06:54:09 [32minfo[39m [32mGET /api/v1/livestock/cmi9quzfg001et1i4jjja8per/activity-timeline - - ms - -[39m
[32m[39m
2025-11-23 06:54:09 [32minfo[39m [32mGET /api/v1/livestock/cmi9quzfg001et1i4jjja8per/activity-timeline - - ms - -[39m
[32m[39m
2025-11-23 06:54:09 [32minfo[39m [32mGET /api/v1/livestock/cmi9quzfg001et1i4jjja8per/activity-timeline - - ms - -[39m
[32m[39m
2025-11-23 06:54:09 [32minfo[39m [32mGET /api/v1/livestock/cmi9quzfg001et1i4jjja8per/activity-timeline - - ms - -[39m
[32m[39m
2025-11-23 06:54:09 [32minfo[39m [32mGET /api/v1/livestock/cmi9quzfg001et1i4jjja8per/activity-timeline - - ms - -[39m
[32m[39m
2025-11-23 06:54:09 [32minfo[39m [32mGET /api/v1/livestock/cmi9quzfg001et1i4jjja8per/activity-timeline - - ms - -[39m
[32m[39m
2025-11-23 06:54:09 [32minfo[39m [32mGET /api/v1/livestock/cmi9quzfg001et1i4jjja8per/activity-timeline - - ms - -[39m
[32m[39m
2025-11-23 06:54:09 [32minfo[39m [32mGET /api/v1/livestock/cmi9quzfg001et1i4jjja8per/activity-timeline - - ms - -[39m
[32m[39m
2025-11-23 06:54:09 [32minfo[39m [32mGET /api/v1/livestock/cmi9quzfg001et1i4jjja8per/activity-timeline - - ms - -[39m
[32m[39m
2025-11-23 06:54:09 [32minfo[39m [32mGET /api/v1/livestock/cmi9quzfg001et1i4jjja8per/activity-timeline - - ms - -[39m
[32m[39m
2025-11-23 06:54:09 [32minfo[39m [32mGET /api/v1/livestock/cmi9quzfg001et1i4jjja8per/activity-timeline - - ms - -[39m
[32m[39m
2025-11-23 06:54:11 [32minfo[39m [32mGET /api/v1/livestock/cmi9quzfg001et1i4jjja8per/activity-timeline - - ms - -[39m
[32m[39m
2025-11-23 06:54:11 [32minfo[39m [32mGET /api/v1/livestock/cmi9quzfg001et1i4jjja8per/activity-timeline - - ms - -[39m
[32m[39m
2025-11-23 06:54:11 [32minfo[39m [32mGET /api/v1/livestock/cmi9quzfg001et1i4jjja8per/activity-timeline - - ms - -[39m
[32m[39m
2025-11-23 06:54:11 [32minfo[39m [32mGET /api/v1/livestock/cmi9quzfg001et1i4jjja8per/activity-timeline - - ms - -[39m
[32m[39m
2025-11-23 06:54:11 [32minfo[39m [32mGET /api/v1/livestock/cmi9quzfg001et1i4jjja8per/activity-timeline - - ms - -[39m
[32m[39m
2025-11-23 06:54:11 [32minfo[39m [32mGET /api/v1/livestock/cmi9quzfg001et1i4jjja8per/activity-timeline - - ms - -[39m
[32m[39m
2025-11-23 06:54:11 [32minfo[39m [32mGET /api/v1/livestock/cmi9quzfg001et1i4jjja8per/activity-timeline - - ms - -[39m
[32m[39m
2025-11-23 06:54:11 [32minfo[39m [32mGET /api/v1/livestock/cmi9quzfg001et1i4jjja8per/activity-timeline - - ms - -[39m
[32m[39m
2025-11-23 06:54:11 [32minfo[39m [32mGET /api/v1/livestock/cmi9quzfg001et1i4jjja8per/activity-timeline - - ms - -[39m
[32m[39m
2025-11-23 06:54:11 [32minfo[39m [32mGET /api/v1/livestock/cmi9quzfg001et1i4jjja8per/activity-timeline - - ms - -[39m
[32m[39m
2025-11-23 06:54:11 [32minfo[39m [32mGET /api/v1/livestock/cmi9quzfg001et1i4jjja8per/activity-timeline - - ms - -[39m
[32m[39m
2025-11-23 06:54:11 [32minfo[39m [32mGET /api/v1/livestock/cmi9quzfg001et1i4jjja8per/activity-timeline - - ms - -[39m
[32m[39m
2025-11-23 06:54:11 [32minfo[39m [32mGET /api/v1/livestock/cmi9quzfg001et1i4jjja8per/activity-timeline - - ms - -[39m
[32m[39m
2025-11-23 06:54:11 [32minfo[39m [32mGET /api/v1/livestock/cmi9quzfg001et1i4jjja8per/activity-timeline - - ms - -[39m
[32m[39m
2025-11-23 06:54:11 [32minfo[39m [32mGET /api/v1/livestock/cmi9quzfg001et1i4jjja8per/activity-timeline - - ms - -[39m
[32m[39m
2025-11-23 06:54:11 [32minfo[39m [32mGET /api/v1/livestock/cmi9quzfg001et1i4jjja8per/activity-timeline - - ms - -[39m
[32m[39m
2025-11-23 06:54:11 [32minfo[39m [32mGET /api/v1/livestock/cmi9quzfg001et1i4jjja8per/activity-timeline - - ms - -[39m
[32m[39m
2025-11-23 06:54:11 [32minfo[39m [32mGET /api/v1/livestock/cmi9quzfg001et1i4jjja8per/activity-timeline - - ms - -[39m
[32m[39m
2025-11-23 06:54:11 [32minfo[39m [32mGET /api/v1/livestock/cmi9quzfg001et1i4jjja8per/activity-timeline - - ms - -[39m
[32m[39m
2025-11-23 06:54:11 [32minfo[39m [32mGET /api/v1/livestock/cmi9quzfg001et1i4jjja8per/activity-timeline - - ms - -[39m
[32m[39m
2025-11-23 06:54:14 [32minfo[39m [32mGET /api/v1/livestock/cmi9quzfg001et1i4jjja8per/activity-timeline - - ms - -[39m
[32m[39m
2025-11-23 06:54:14 [32minfo[39m [32mGET /api/v1/livestock/cmi9quzfg001et1i4jjja8per/activity-timeline - - ms - -[39m
[32m[39m
2025-11-23 06:54:14 [32minfo[39m [32mGET /api/v1/livestock/cmi9quzfg001et1i4jjja8per/activity-timeline - - ms - -[39m
[32m[39m
2025-11-23 06:54:14 [32minfo[39m [32mGET /api/v1/livestock/cmi9quzfg001et1i4jjja8per/activity-timeline - - ms - -[39m
[32m[39m
2025-11-23 06:54:14 [32minfo[39m [32mGET /api/v1/livestock/cmi9quzfg001et1i4jjja8per/activity-timeline - - ms - -[39m
[32m[39m
2025-11-23 06:54:14 [32minfo[39m [32mGET /api/v1/livestock/cmi9quzfg001et1i4jjja8per/activity-timeline - - ms - -[39m
[32m[39m
2025-11-23 06:54:15 [32minfo[39m [32mGET /api/v1/livestock/cmi9quzfg001et1i4jjja8per/activity-timeline - - ms - -[39m
[32m[39m
2025-11-23 06:54:15 [32minfo[39m [32mGET /api/v1/livestock/cmi9quzfg001et1i4jjja8per/activity-timeline - - ms - -[39m
[32m[39m
2025-11-23 06:54:15 [32minfo[39m [32mGET /api/v1/livestock/cmi9quzfg001et1i4jjja8per/activity-timeline - - ms - -[39m
[32m[39m
2025-11-23 06:54:15 [32minfo[39m [32mGET /api/v1/livestock/cmi9quzfg001et1i4jjja8per/activity-timeline - - ms - -[39m
[32m[39m
2025-11-23 06:54:15 [32minfo[39m [32mGET /api/v1/livestock/cmi9quzfg001et1i4jjja8per/activity-timeline - - ms - -[39m
[32m[39m
2025-11-23 06:54:15 [32minfo[39m [32mGET /api/v1/livestock/cmi9quzfg001et1i4jjja8per/activity-timeline - - ms - -[39m
[32m[39m
2025-11-23 06:54:15 [32minfo[39m [32mGET /api/v1/livestock/cmi9quzfg001et1i4jjja8per/activity-timeline - - ms - -[39m
[32m[39m
2025-11-23 06:54:15 [32minfo[39m [32mGET /api/v1/livestock/cmi9quzfg001et1i4jjja8per/activity-timeline - - ms - -[39m
[32m[39m
2025-11-23 06:54:15 [32minfo[39m [32mGET /api/v1/livestock/cmi9quzfg001et1i4jjja8per/activity-timeline - - ms - -[39m
[32m[39m
2025-11-23 06:54:15 [32minfo[39m [32mGET /api/v1/livestock/cmi9quzfg001et1i4jjja8per/activity-timeline - - ms - -[39m
[32m[39m
2025-11-23 06:54:15 [32minfo[39m [32mGET /api/v1/livestock/cmi9quzfg001et1i4jjja8per/activity-timeline - - ms - -[39m
[32m[39m
2025-11-23 06:54:15 [32minfo[39m [32mGET /api/v1/livestock/cmi9quzfg001et1i4jjja8per/activity-timeline - - ms - -[39m
[32m[39m
2025-11-23 06:54:15 [32minfo[39m [32mGET /api/v1/livestock/cmi9quzfg001et1i4jjja8per/activity-timeline - - ms - -[39m
[32m[39m
2025-11-23 06:54:15 [32minfo[39m [32mGET /api/v1/livestock/cmi9quzfg001et1i4jjja8per/activity-timeline - - ms - -[39m
[32m[39m
2025-11-23 06:54:15 [32minfo[39m [32mGET /api/v1/livestock/cmi9quzfg001et1i4jjja8per/activity-timeline - - ms - -[39m
[32m[39m
2025-11-23 06:54:15 [32minfo[39m [32mGET /api/v1/livestock/cmi9quzfg001et1i4jjja8per/activity-timeline - - ms - -[39m
[32m[39m
2025-11-23 06:54:15 [32minfo[39m [32mGET /api/v1/livestock/cmi9quzfg001et1i4jjja8per/activity-timeline - - ms - -[39m
[32m[39m
2025-11-23 06:54:15 [32minfo[39m [32mGET /api/v1/livestock/cmi9quzfg001et1i4jjja8per/activity-timeline - - ms - -[39m
[32m[39m
2025-11-23 06:54:18 [32minfo[39m [32mGET /api/v1/livestock/cmi9quzfg001et1i4jjja8per/activity-timeline - - ms - -[39m
[32m[39m
2025-11-23 06:54:18 [32minfo[39m [32mGET /api/v1/livestock/cmi9quzfg001et1i4jjja8per/activity-timeline - - ms - -[39m
[32m[39m
2025-11-23 06:54:18 [32minfo[39m [32mGET /api/v1/livestock/cmi9quzfg001et1i4jjja8per/activity-timeline - - ms - -[39m
[32m[39m
2025-11-23 06:54:18 [32minfo[39m [32mGET /api/v1/livestock/cmi9quzfg001et1i4jjja8per/activity-timeline - - ms - -[39m
[32m[39m
2025-11-23 06:54:18 [32minfo[39m [32mGET /api/v1/livestock/cmi9quzfg001et1i4jjja8per/activity-timeline - - ms - -[39m
[32m[39m
2025-11-23 06:54:18 [32minfo[39m [32mGET /api/v1/livestock/cmi9quzfg001et1i4jjja8per/activity-timeline - - ms - -[39m
[32m[39m
2025-11-23 06:54:18 [32minfo[39m [32mGET /api/v1/livestock/cmi9quzfg001et1i4jjja8per/activity-timeline - - ms - -[39m
[32m[39m
2025-11-23 06:54:18 [32minfo[39m [32mGET /api/v1/livestock/cmi9quzfg001et1i4jjja8per/activity-timeline - - ms - -[39m
[32m[39m
2025-11-23 06:54:18 [32minfo[39m [32mGET /api/v1/livestock/cmi9quzfg001et1i4jjja8per/activity-timeline - - ms - -[39m
[32m[39m
2025-11-23 06:54:18 [32minfo[39m [32mGET /api/v1/livestock/cmi9quzfg001et1i4jjja8per/activity-timeline - - ms - -[39m
[32m[39m
2025-11-23 06:54:18 [32minfo[39m [32mGET /api/v1/livestock/cmi9quzfg001et1i4jjja8per/activity-timeline - - ms - -[39m
[32m[39m
2025-11-23 06:54:19 [32minfo[39m [32mGET /api/v1/livestock/cmi9quzfg001et1i4jjja8per/activity-timeline - - ms - -[39m
[32m[39m
2025-11-23 06:54:19 [32minfo[39m [32mGET /api/v1/livestock/cmi9quzfg001et1i4jjja8per/activity-timeline - - ms - -[39m
[32m[39m
2025-11-23 06:54:19 [32minfo[39m [32mGET /api/v1/livestock/cmi9quzfg001et1i4jjja8per/activity-timeline - - ms - -[39m
[32m[39m
2025-11-23 06:54:19 [32minfo[39m [32mGET /api/v1/livestock/cmi9quzfg001et1i4jjja8per/activity-timeline - - ms - -[39m
[32m[39m
2025-11-23 06:54:19 [32minfo[39m [32mGET /api/v1/livestock/cmi9quzfg001et1i4jjja8per/activity-timeline - - ms - -[39m
[32m[39m
2025-11-23 06:54:19 [32minfo[39m [32mGET /api/v1/livestock/cmi9quzfg001et1i4jjja8per/activity-timeline - - ms - -[39m
[32m[39m
2025-11-23 06:54:19 [32minfo[39m [32mGET /api/v1/livestock/cmi9quzfg001et1i4jjja8per/activity-timeline - - ms - -[39m
[32m[39m
2025-11-23 06:54:19 [32minfo[39m [32mGET /api/v1/livestock/cmi9quzfg001et1i4jjja8per/activity-timeline - - ms - -[39m
[32m[39m
2025-11-23 06:54:19 [32minfo[39m [32mGET /api/v1/livestock/cmi9quzfg001et1i4jjja8per/activity-timeline - - ms - -[39m
[32m[39m
2025-11-23 06:54:19 [32minfo[39m [32mGET /api/v1/livestock/cmi9quzfg001et1i4jjja8per/activity-timeline - - ms - -[39m
[32m[39m
2025-11-23 06:54:19 [32minfo[39m [32mGET /api/v1/livestock/cmi9quzfg001et1i4jjja8per/activity-timeline - - ms - -[39m
[32m[39m
2025-11-23 06:54:19 [32minfo[39m [32mGET /api/v1/livestock/cmi9quzfg001et1i4jjja8per/activity-timeline - - ms - -[39m
[32m[39m
2025-11-23 06:54:19 [32minfo[39m [32mGET /api/v1/livestock/cmi9quzfg001et1i4jjja8per/activity-timeline - - ms - -[39m
[32m[39m
2025-11-23 06:54:19 [32minfo[39m [32mGET /api/v1/livestock/cmi9quzfg001et1i4jjja8per/activity-timeline - - ms - -[39m
[32m[39m
2025-11-23 06:54:19 [32minfo[39m [32mGET /api/v1/livestock/cmi9quzfg001et1i4jjja8per/activity-timeline - - ms - -[39m
[32m[39m
2025-11-23 06:54:19 [32minfo[39m [32mGET /api/v1/livestock/cmi9quzfg001et1i4jjja8per/activity-timeline - - ms - -[39m
[32m[39m
2025-11-23 06:54:19 [32minfo[39m [32mGET /api/v1/livestock/cmi9quzfg001et1i4jjja8per/activity-timeline - - ms - -[39m
[32m[39m
2025-11-23 06:54:20 [32minfo[39m [32mGET /api/v1/livestock/cmi9quzfg001et1i4jjja8per/activity-timeline - - ms - -[39m
[32m[39m
2025-11-23 06:54:20 [32minfo[39m [32mGET /api/v1/livestock/cmi9quzfg001et1i4jjja8per/activity-timeline - - ms - -[39m
[32m[39m
2025-11-23 06:54:20 [32minfo[39m [32mGET /api/v1/livestock/cmi9quzfg001et1i4jjja8per/activity-timeline - - ms - -[39m
[32m[39m
2025-11-23 06:54:20 [32minfo[39m [32mGET /api/v1/livestock/cmi9quzfg001et1i4jjja8per/activity-timeline - - ms - -[39m
[32m[39m
2025-11-23 06:54:20 [32minfo[39m [32mGET /api/v1/livestock/cmi9quzfg001et1i4jjja8per/activity-timeline - - ms - -[39m
[32m[39m
2025-11-23 06:54:20 [32minfo[39m [32mGET /api/v1/livestock/cmi9quzfg001et1i4jjja8per/activity-timeline - - ms - -[39m
[32m[39m
2025-11-23 06:54:20 [32minfo[39m [32mGET /api/v1/livestock/cmi9quzfg001et1i4jjja8per/activity-timeline - - ms - -[39m
[32m[39m
2025-11-23 06:54:20 [32minfo[39m [32mGET /api/v1/livestock/cmi9quzfg001et1i4jjja8per/activity-timeline - - ms - -[39m
[32m[39m
2025-11-23 06:54:20 [32minfo[39m [32mGET /api/v1/livestock/cmi9quzfg001et1i4jjja8per/activity-timeline - - ms - -[39m
[32m[39m
2025-11-23 06:54:20 [32minfo[39m [32mGET /api/v1/livestock/cmi9quzfg001et1i4jjja8per/activity-timeline - - ms - -[39m
[32m[39m
2025-11-23 06:54:21 [32minfo[39m [32mGET /api/v1/livestock/cmi9quzfg001et1i4jjja8per/activity-timeline - - ms - -[39m
[32m[39m
2025-11-23 06:54:21 [32minfo[39m [32mGET /api/v1/livestock/cmi9quzfg001et1i4jjja8per/activity-timeline - - ms - -[39m
[32m[39m
2025-11-23 06:54:21 [32minfo[39m [32mGET /api/v1/livestock/cmi9quzfg001et1i4jjja8per/activity-timeline - - ms - -[39m
[32m[39m
2025-11-23 06:54:21 [32minfo[39m [32mGET /api/v1/livestock/cmi9quzfg001et1i4jjja8per/activity-timeline - - ms - -[39m
[32m[39m
2025-11-23 06:54:21 [32minfo[39m [32mGET /api/v1/livestock/cmi9quzfg001et1i4jjja8per/activity-timeline - - ms - -[39m
[32m[39m
2025-11-23 06:54:21 [32minfo[39m [32mGET /api/v1/livestock/cmi9quzfg001et1i4jjja8per/activity-timeline - - ms - -[39m
[32m[39m
2025-11-23 06:54:21 [32minfo[39m [32mGET /api/v1/livestock/cmi9quzfg001et1i4jjja8per/activity-timeline - - ms - -[39m
[32m[39m
2025-11-23 06:54:21 [32minfo[39m [32mGET /api/v1/livestock/cmi9quzfg001et1i4jjja8per/activity-timeline - - ms - -[39m
[32m[39m
2025-11-23 06:54:21 [32minfo[39m [32mGET /api/v1/livestock/cmi9quzfg001et1i4jjja8per/activity-timeline - - ms - -[39m
[32m[39m
2025-11-23 06:54:21 [32minfo[39m [32mGET /api/v1/livestock/cmi9quzfg001et1i4jjja8per/activity-timeline - - ms - -[39m
[32m[39m
2025-11-23 06:54:21 [32minfo[39m [32mGET /api/v1/livestock/cmi9quzfg001et1i4jjja8per/activity-timeline - - ms - -[39m
[32m[39m
2025-11-23 06:54:21 [32minfo[39m [32mGET /api/v1/livestock/cmi9quzfg001et1i4jjja8per/activity-timeline - - ms - -[39m
[32m[39m
2025-11-23 06:54:21 [32minfo[39m [32mGET /api/v1/livestock/cmi9quzfg001et1i4jjja8per/activity-timeline - - ms - -[39m
[32m[39m
2025-11-23 06:54:21 [32minfo[39m [32mGET /api/v1/livestock/cmi9quzfg001et1i4jjja8per/activity-timeline - - ms - -[39m
[32m[39m
2025-11-23 06:54:21 [32minfo[39m [32mGET /api/v1/livestock/cmi9quzfg001et1i4jjja8per/activity-timeline - - ms - -[39m
[32m[39m
2025-11-23 06:54:21 [32minfo[39m [32mGET /api/v1/livestock/cmi9quzfg001et1i4jjja8per/activity-timeline - - ms - -[39m
[32m[39m
2025-11-23 06:54:21 [32minfo[39m [32mGET /api/v1/livestock/cmi9quzfg001et1i4jjja8per/activity-timeline - - ms - -[39m
[32m[39m
2025-11-23 06:54:21 [32minfo[39m [32mGET /api/v1/livestock/cmi9quzfg001et1i4jjja8per/activity-timeline - - ms - -[39m
[32m[39m
2025-11-23 06:54:21 [32minfo[39m [32mGET /api/v1/livestock/cmi9quzfg001et1i4jjja8per/activity-timeline - - ms - -[39m
[32m[39m
2025-11-23 06:54:21 [32minfo[39m [32mGET /api/v1/livestock/cmi9quzfg001et1i4jjja8per/activity-timeline - - ms - -[39m
[32m[39m
2025-11-23 06:54:21 [32minfo[39m [32mGET /api/v1/livestock/cmi9quzfg001et1i4jjja8per/activity-timeline - - ms - -[39m
[32m[39m
2025-11-23 06:54:21 [32minfo[39m [32mGET /api/v1/livestock/cmi9quzfg001et1i4jjja8per/activity-timeline - - ms - -[39m
[32m[39m
2025-11-23 06:54:21 [32minfo[39m [32mGET /api/v1/livestock/cmi9quzfg001et1i4jjja8per/activity-timeline - - ms - -[39m
[32m[39m
2025-11-23 06:54:21 [32minfo[39m [32mGET /api/v1/livestock/cmi9quzfg001et1i4jjja8per/activity-timeline - - ms - -[39m
[32m[39m
2025-11-23 06:54:22 [32minfo[39m [32mGET /api/v1/livestock/cmi9quzfg001et1i4jjja8per/activity-timeline - - ms - -[39m
[32m[39m
2025-11-23 06:54:22 [32minfo[39m [32mGET /api/v1/livestock/cmi9quzfg001et1i4jjja8per/activity-timeline - - ms - -[39m
[32m[39m
2025-11-23 06:54:22 [32minfo[39m [32mGET /api/v1/livestock/cmi9quzfg001et1i4jjja8per/activity-timeline - - ms - -[39m
[32m[39m
2025-11-23 06:54:22 [32minfo[39m [32mGET /api/v1/livestock/cmi9quzfg001et1i4jjja8per/activity-timeline - - ms - -[39m
[32m[39m
2025-11-23 06:54:22 [32minfo[39m [32mGET /api/v1/livestock/cmi9quzfg001et1i4jjja8per/activity-timeline - - ms - -[39m
[32m[39m
2025-11-23 06:54:22 [32minfo[39m [32mGET /api/v1/livestock/cmi9quzfg001et1i4jjja8per/activity-timeline - - ms - -[39m
[32m[39m
2025-11-23 06:54:22 [32minfo[39m [32mGET /api/v1/livestock/cmi9quzfg001et1i4jjja8per/activity-timeline - - ms - -[39m
[32m[39m
2025-11-23 06:54:22 [32minfo[39m [32mGET /api/v1/livestock/cmi9quzfg001et1i4jjja8per/activity-timeline - - ms - -[39m
[32m[39m
2025-11-23 06:54:22 [32minfo[39m [32mGET /api/v1/livestock/cmi9quzfg001et1i4jjja8per/activity-timeline - - ms - -[39m
[32m[39m
2025-11-23 06:54:22 [32minfo[39m [32mGET /api/v1/livestock/cmi9quzfg001et1i4jjja8per/activity-timeline - - ms - -[39m
[32m[39m
2025-11-23 06:54:22 [32minfo[39m [32mGET /api/v1/livestock/cmi9quzfg001et1i4jjja8per/activity-timeline - - ms - -[39m
[32m[39m
2025-11-23 06:54:22 [32minfo[39m [32mGET /api/v1/livestock/cmi9quzfg001et1i4jjja8per/activity-timeline - - ms - -[39m
[32m[39m
2025-11-23 06:54:22 [32minfo[39m [32mGET /api/v1/livestock/cmi9quzfg001et1i4jjja8per/activity-timeline - - ms - -[39m
[32m[39m
2025-11-23 06:54:22 [32minfo[39m [32mGET /api/v1/livestock/cmi9quzfg001et1i4jjja8per/activity-timeline - - ms - -[39m
[32m[39m
2025-11-23 06:54:22 [32minfo[39m [32mGET /api/v1/livestock/cmi9quzfg001et1i4jjja8per/activity-timeline - - ms - -[39m
[32m[39m
2025-11-23 06:54:22 [32minfo[39m [32mGET /api/v1/livestock/cmi9quzfg001et1i4jjja8per/activity-timeline - - ms - -[39m
[32m[39m
2025-11-23 06:54:22 [32minfo[39m [32mGET /api/v1/livestock/cmi9quzfg001et1i4jjja8per/activity-timeline - - ms - -[39m
[32m[39m
2025-11-23 06:54:22 [32minfo[39m [32mGET /api/v1/livestock/cmi9quzfg001et1i4jjja8per/activity-timeline - - ms - -[39m
[32m[39m
2025-11-23 06:54:22 [32minfo[39m [32mGET /api/v1/livestock/cmi9quzfg001et1i4jjja8per/activity-timeline - - ms - -[39m
[32m[39m
2025-11-23 06:54:22 [32minfo[39m [32mGET /api/v1/livestock/cmi9quzfg001et1i4jjja8per/activity-timeline - - ms - -[39m
[32m[39m
2025-11-23 06:54:22 [32minfo[39m [32mGET /api/v1/livestock/cmi9quzfg001et1i4jjja8per/activity-timeline - - ms - -[39m
[32m[39m
2025-11-23 06:54:22 [32minfo[39m [32mGET /api/v1/livestock/cmi9quzfg001et1i4jjja8per/activity-timeline - - ms - -[39m
[32m[39m
2025-11-23 06:54:22 [32minfo[39m [32mGET /api/v1/livestock/cmi9quzfg001et1i4jjja8per/activity-timeline - - ms - -[39m
[32m[39m
2025-11-23 06:54:22 [32minfo[39m [32mGET /api/v1/livestock/cmi9quzfg001et1i4jjja8per/activity-timeline - - ms - -[39m
[32m[39m
2025-11-23 06:54:22 [32minfo[39m [32mGET /api/v1/livestock/cmi9quzfg001et1i4jjja8per/activity-timeline - - ms - -[39m
[32m[39m
2025-11-23 06:54:23 [32minfo[39m [32mGET /api/v1/livestock/cmi9quzfg001et1i4jjja8per/activity-timeline - - ms - -[39m
[32m[39m
2025-11-23 06:54:23 [32minfo[39m [32mGET /api/v1/livestock/cmi9quzfg001et1i4jjja8per/activity-timeline - - ms - -[39m
[32m[39m
2025-11-23 06:54:23 [32minfo[39m [32mGET /api/v1/livestock/cmi9quzfg001et1i4jjja8per/activity-timeline - - ms - -[39m
[32m[39m
2025-11-23 06:54:23 [32minfo[39m [32mGET /api/v1/livestock/cmi9quzfg001et1i4jjja8per/activity-timeline - - ms - -[39m
[32m[39m
2025-11-23 06:54:23 [32minfo[39m [32mGET /api/v1/livestock/cmi9quzfg001et1i4jjja8per/activity-timeline - - ms - -[39m
[32m[39m
2025-11-23 06:54:23 [32minfo[39m [32mGET /api/v1/livestock/cmi9quzfg001et1i4jjja8per/activity-timeline - - ms - -[39m
[32m[39m
2025-11-23 06:54:23 [32minfo[39m [32mGET /api/v1/livestock/cmi9quzfg001et1i4jjja8per/activity-timeline - - ms - -[39m
[32m[39m
2025-11-23 06:54:23 [32minfo[39m [32mGET /api/v1/livestock/cmi9quzfg001et1i4jjja8per/activity-timeline - - ms - -[39m
[32m[39m
2025-11-23 06:54:23 [32minfo[39m [32mGET /api/v1/livestock/cmi9quzfg001et1i4jjja8per/activity-timeline - - ms - -[39m
[32m[39m
2025-11-23 06:54:23 [32minfo[39m [32mGET /api/v1/livestock/cmi9quzfg001et1i4jjja8per/activity-timeline - - ms - -[39m
[32m[39m
2025-11-23 06:54:23 [32minfo[39m [32mGET /api/v1/livestock/cmi9quzfg001et1i4jjja8per/activity-timeline - - ms - -[39m
[32m[39m
2025-11-23 06:54:23 [32minfo[39m [32mGET /api/v1/livestock/cmi9quzfg001et1i4jjja8per/activity-timeline - - ms - -[39m
[32m[39m
2025-11-23 06:54:23 [32minfo[39m [32mGET /api/v1/livestock/cmi9quzfg001et1i4jjja8per/activity-timeline - - ms - -[39m
[32m[39m
2025-11-23 06:54:23 [32minfo[39m [32mGET /api/v1/livestock/cmi9quzfg001et1i4jjja8per/activity-timeline - - ms - -[39m
[32m[39m
2025-11-23 06:54:23 [32minfo[39m [32mGET /api/v1/livestock/cmi9quzfg001et1i4jjja8per/activity-timeline - - ms - -[39m
[32m[39m
2025-11-23 06:54:23 [32minfo[39m [32mGET /api/v1/livestock/cmi9quzfg001et1i4jjja8per/activity-timeline - - ms - -[39m
[32m[39m
2025-11-23 06:54:23 [32minfo[39m [32mGET /api/v1/livestock/cmi9quzfg001et1i4jjja8per/activity-timeline - - ms - -[39m
[32m[39m
2025-11-23 06:54:23 [32minfo[39m [32mGET /api/v1/livestock/cmi9quzfg001et1i4jjja8per/activity-timeline - - ms - -[39m
[32m[39m
2025-11-23 06:54:23 [32minfo[39m [32mGET /api/v1/livestock/cmi9quzfg001et1i4jjja8per/activity-timeline - - ms - -[39m
[32m[39m
2025-11-23 06:54:23 [32minfo[39m [32mGET /api/v1/livestock/cmi9quzfg001et1i4jjja8per/activity-timeline - - ms - -[39m
[32m[39m
2025-11-23 06:54:23 [32minfo[39m [32mGET /api/v1/livestock/cmi9quzfg001et1i4jjja8per/activity-timeline - - ms - -[39m
[32m[39m
2025-11-23 06:54:23 [32minfo[39m [32mGET /api/v1/livestock/cmi9quzfg001et1i4jjja8per/activity-timeline - - ms - -[39m
[32m[39m
2025-11-23 06:54:23 [32minfo[39m [32mGET /api/v1/livestock/cmi9quzfg001et1i4jjja8per/activity-timeline - - ms - -[39m
[32m[39m
2025-11-23 06:54:23 [32minfo[39m [32mGET /api/v1/livestock/cmi9quzfg001et1i4jjja8per/activity-timeline - - ms - -[39m
[32m[39m
2025-11-23 06:54:23 [32minfo[39m [32mGET /api/v1/livestock/cmi9quzfg001et1i4jjja8per/activity-timeline - - ms - -[39m
[32m[39m
2025-11-23 06:54:23 [32minfo[39m [32mGET /api/v1/livestock/cmi9quzfg001et1i4jjja8per/activity-timeline - - ms - -[39m
[32m[39m
2025-11-23 06:54:24 [32minfo[39m [32mGET /api/v1/livestock/cmi9quzfg001et1i4jjja8per/activity-timeline - - ms - -[39m
[32m[39m
2025-11-23 06:54:24 [32minfo[39m [32mGET /api/v1/livestock/cmi9quzfg001et1i4jjja8per/activity-timeline - - ms - -[39m
[32m[39m
2025-11-23 06:54:24 [32minfo[39m [32mGET /api/v1/livestock/cmi9quzfg001et1i4jjja8per/activity-timeline - - ms - -[39m
[32m[39m
2025-11-23 06:54:24 [32minfo[39m [32mGET /api/v1/livestock/cmi9quzfg001et1i4jjja8per/activity-timeline - - ms - -[39m
[32m[39m
2025-11-23 06:54:24 [32minfo[39m [32mGET /api/v1/livestock/cmi9quzfg001et1i4jjja8per/activity-timeline - - ms - -[39m
[32m[39m
2025-11-23 06:54:24 [32minfo[39m [32mGET /api/v1/livestock/cmi9quzfg001et1i4jjja8per/activity-timeline - - ms - -[39m
[32m[39m
2025-11-23 06:54:24 [32minfo[39m [32mGET /api/v1/livestock/cmi9quzfg001et1i4jjja8per/activity-timeline - - ms - -[39m
[32m[39m
2025-11-23 06:54:24 [32minfo[39m [32mGET /api/v1/livestock/cmi9quzfg001et1i4jjja8per/activity-timeline - - ms - -[39m
[32m[39m
2025-11-23 06:54:24 [32minfo[39m [32mGET /api/v1/livestock/cmi9quzfg001et1i4jjja8per/activity-timeline - - ms - -[39m
[32m[39m
2025-11-23 06:54:24 [32minfo[39m [32mGET /api/v1/livestock/cmi9quzfg001et1i4jjja8per/activity-timeline - - ms - -[39m
[32m[39m
2025-11-23 06:54:24 [32minfo[39m [32mGET /api/v1/livestock/cmi9quzfg001et1i4jjja8per/activity-timeline - - ms - -[39m
[32m[39m
2025-11-23 06:54:24 [32minfo[39m [32mGET /api/v1/livestock/cmi9quzfg001et1i4jjja8per/activity-timeline - - ms - -[39m
[32m[39m
2025-11-23 06:54:24 [32minfo[39m [32mGET /api/v1/livestock/cmi9quzfg001et1i4jjja8per/activity-timeline - - ms - -[39m
[32m[39m
2025-11-23 06:54:24 [32minfo[39m [32mGET /api/v1/livestock/cmi9quzfg001et1i4jjja8per/activity-timeline - - ms - -[39m
[32m[39m
2025-11-23 06:54:24 [32minfo[39m [32mGET /api/v1/livestock/cmi9quzfg001et1i4jjja8per/activity-timeline - - ms - -[39m
[32m[39m
2025-11-23 06:54:24 [32minfo[39m [32mGET /api/v1/livestock/cmi9quzfg001et1i4jjja8per/activity-timeline - - ms - -[39m
[32m[39m
2025-11-23 06:54:24 [32minfo[39m [32mGET /api/v1/livestock/cmi9quzfg001et1i4jjja8per/activity-timeline - - ms - -[39m
[32m[39m
2025-11-23 06:54:25 [32minfo[39m [32mGET /api/v1/livestock/cmi9quzfg001et1i4jjja8per/activity-timeline - - ms - -[39m
[32m[39m
2025-11-23 06:54:25 [32minfo[39m [32mGET /api/v1/livestock/cmi9quzfg001et1i4jjja8per/activity-timeline - - ms - -[39m
[32m[39m
2025-11-23 06:54:25 [32minfo[39m [32mGET /api/v1/livestock/cmi9quzfg001et1i4jjja8per/activity-timeline - - ms - -[39m
[32m[39m
2025-11-23 06:54:25 [32minfo[39m [32mGET /api/v1/livestock/cmi9quzfg001et1i4jjja8per/activity-timeline - - ms - -[39m
[32m[39m
2025-11-23 06:54:25 [32minfo[39m [32mGET /api/v1/livestock/cmi9quzfg001et1i4jjja8per/activity-timeline - - ms - -[39m
[32m[39m
2025-11-23 06:54:25 [32minfo[39m [32mGET /api/v1/livestock/cmi9quzfg001et1i4jjja8per/activity-timeline - - ms - -[39m
[32m[39m
2025-11-23 06:54:25 [32minfo[39m [32mGET /api/v1/livestock/cmi9quzfg001et1i4jjja8per/activity-timeline - - ms - -[39m
[32m[39m
2025-11-23 06:54:25 [32minfo[39m [32mGET /api/v1/livestock/cmi9quzfg001et1i4jjja8per/activity-timeline - - ms - -[39m
[32m[39m
2025-11-23 06:54:25 [32minfo[39m [32mGET /api/v1/livestock/cmi9quzfg001et1i4jjja8per/activity-timeline - - ms - -[39m
[32m[39m
2025-11-23 06:54:25 [32minfo[39m [32mGET /api/v1/livestock/cmi9quzfg001et1i4jjja8per/activity-timeline - - ms - -[39m
[32m[39m
2025-11-23 06:54:25 [32minfo[39m [32mGET /api/v1/livestock/cmi9quzfg001et1i4jjja8per/activity-timeline - - ms - -[39m
[32m[39m
2025-11-23 06:54:25 [32minfo[39m [32mGET /api/v1/livestock/cmi9quzfg001et1i4jjja8per/activity-timeline - - ms - -[39m
[32m[39m
2025-11-23 06:54:25 [32minfo[39m [32mGET /api/v1/livestock/cmi9quzfg001et1i4jjja8per/activity-timeline - - ms - -[39m
[32m[39m
2025-11-23 06:54:25 [32minfo[39m [32mGET /api/v1/livestock/cmi9quzfg001et1i4jjja8per/activity-timeline - - ms - -[39m
[32m[39m
2025-11-23 06:54:25 [32minfo[39m [32mGET /api/v1/livestock/cmi9quzfg001et1i4jjja8per/activity-timeline - - ms - -[39m
[32m[39m
2025-11-23 06:54:25 [32minfo[39m [32mGET /api/v1/livestock/cmi9quzfg001et1i4jjja8per/activity-timeline - - ms - -[39m
[32m[39m
2025-11-23 06:54:25 [32minfo[39m [32mGET /api/v1/livestock/cmi9quzfg001et1i4jjja8per/activity-timeline - - ms - -[39m
[32m[39m
2025-11-23 06:54:25 [32minfo[39m [32mGET /api/v1/livestock/cmi9quzfg001et1i4jjja8per/activity-timeline - - ms - -[39m
[32m[39m
2025-11-23 06:54:25 [32minfo[39m [32mGET /api/v1/livestock/cmi9quzfg001et1i4jjja8per/activity-timeline - - ms - -[39m
[32m[39m
2025-11-23 06:54:25 [32minfo[39m [32mGET /api/v1/livestock/cmi9quzfg001et1i4jjja8per/activity-timeline - - ms - -[39m
[32m[39m
2025-11-23 06:54:25 [32minfo[39m [32mGET /api/v1/livestock/cmi9quzfg001et1i4jjja8per/activity-timeline - - ms - -[39m
[32m[39m
2025-11-23 06:54:25 [32minfo[39m [32mGET /api/v1/livestock/cmi9quzfg001et1i4jjja8per/activity-timeline - - ms - -[39m
[32m[39m
2025-11-23 06:54:25 [32minfo[39m [32mGET /api/v1/livestock/cmi9quzfg001et1i4jjja8per/activity-timeline - - ms - -[39m
[32m[39m
2025-11-23 06:54:26 [32minfo[39m [32mGET /api/v1/livestock/cmi9quzfg001et1i4jjja8per/activity-timeline - - ms - -[39m
[32m[39m
2025-11-23 06:54:26 [32minfo[39m [32mGET /api/v1/livestock/cmi9quzfg001et1i4jjja8per/activity-timeline - - ms - -[39m
[32m[39m
2025-11-23 06:54:26 [32minfo[39m [32mGET /api/v1/livestock/cmi9quzfg001et1i4jjja8per/activity-timeline - - ms - -[39m
[32m[39m
2025-11-23 06:54:26 [32minfo[39m [32mGET /api/v1/livestock/cmi9quzfg001et1i4jjja8per/activity-timeline - - ms - -[39m
[32m[39m
2025-11-23 06:54:26 [32minfo[39m [32mGET /api/v1/livestock/cmi9quzfg001et1i4jjja8per/activity-timeline - - ms - -[39m
[32m[39m
2025-11-23 06:54:26 [32minfo[39m [32mGET /api/v1/livestock/cmi9quzfg001et1i4jjja8per/activity-timeline - - ms - -[39m
[32m[39m
2025-11-23 06:54:26 [32minfo[39m [32mGET /api/v1/livestock/cmi9quzfg001et1i4jjja8per/activity-timeline - - ms - -[39m
[32m[39m
2025-11-23 06:54:26 [32minfo[39m [32mGET /api/v1/livestock/cmi9quzfg001et1i4jjja8per/activity-timeline - - ms - -[39m
[32m[39m
2025-11-23 06:54:26 [32minfo[39m [32mGET /api/v1/livestock/cmi9quzfg001et1i4jjja8per/activity-timeline - - ms - -[39m
[32m[39m
2025-11-23 06:54:26 [32minfo[39m [32mGET /api/v1/livestock/cmi9quzfg001et1i4jjja8per/activity-timeline - - ms - -[39m
[32m[39m
2025-11-23 06:54:26 [32minfo[39m [32mGET /api/v1/livestock/cmi9quzfg001et1i4jjja8per/activity-timeline - - ms - -[39m
[32m[39m
2025-11-23 06:54:26 [32minfo[39m [32mGET /api/v1/livestock/cmi9quzfg001et1i4jjja8per/activity-timeline - - ms - -[39m
[32m[39m
2025-11-23 06:54:26 [32minfo[39m [32mGET /api/v1/livestock/cmi9quzfg001et1i4jjja8per/activity-timeline - - ms - -[39m
[32m[39m
2025-11-23 06:54:26 [32minfo[39m [32mGET /api/v1/livestock/cmi9quzfg001et1i4jjja8per/activity-timeline - - ms - -[39m
[32m[39m
2025-11-23 06:54:26 [32minfo[39m [32mGET /api/v1/livestock/cmi9quzfg001et1i4jjja8per/activity-timeline - - ms - -[39m
[32m[39m
2025-11-23 06:54:26 [32minfo[39m [32mGET /api/v1/livestock/cmi9quzfg001et1i4jjja8per/activity-timeline - - ms - -[39m
[32m[39m
2025-11-23 06:54:26 [32minfo[39m [32mGET /api/v1/livestock/cmi9quzfg001et1i4jjja8per/activity-timeline - - ms - -[39m
[32m[39m
2025-11-23 06:54:26 [32minfo[39m [32mGET /api/v1/livestock/cmi9quzfg001et1i4jjja8per/activity-timeline - - ms - -[39m
[32m[39m
2025-11-23 06:54:26 [32minfo[39m [32mGET /api/v1/livestock/cmi9quzfg001et1i4jjja8per/activity-timeline - - ms - -[39m
[32m[39m
2025-11-23 06:54:26 [32minfo[39m [32mGET /api/v1/livestock/cmi9quzfg001et1i4jjja8per/activity-timeline - - ms - -[39m
[32m[39m
2025-11-23 06:54:26 [32minfo[39m [32mGET /api/v1/livestock/cmi9quzfg001et1i4jjja8per/activity-timeline - - ms - -[39m
[32m[39m
2025-11-23 06:54:27 [32minfo[39m [32mGET /api/v1/livestock/cmi9quzfg001et1i4jjja8per/activity-timeline - - ms - -[39m
[32m[39m
2025-11-23 06:54:27 [32minfo[39m [32mGET /api/v1/livestock/cmi9quzfg001et1i4jjja8per/activity-timeline - - ms - -[39m
[32m[39m
2025-11-23 06:54:27 [32minfo[39m [32mGET /api/v1/livestock/cmi9quzfg001et1i4jjja8per/activity-timeline - - ms - -[39m
[32m[39m
2025-11-23 06:54:27 [32minfo[39m [32mGET /api/v1/livestock/cmi9quzfg001et1i4jjja8per/activity-timeline - - ms - -[39m
[32m[39m
2025-11-23 06:54:27 [32minfo[39m [32mGET /api/v1/livestock/cmi9quzfg001et1i4jjja8per/activity-timeline - - ms - -[39m
[32m[39m
2025-11-23 06:54:27 [32minfo[39m [32mGET /api/v1/livestock/cmi9quzfg001et1i4jjja8per/activity-timeline - - ms - -[39m
[32m[39m
2025-11-23 06:54:27 [32minfo[39m [32mGET /api/v1/livestock/cmi9quzfg001et1i4jjja8per/activity-timeline - - ms - -[39m
[32m[39m
2025-11-23 06:54:27 [32minfo[39m [32mGET /api/v1/livestock/cmi9quzfg001et1i4jjja8per/activity-timeline - - ms - -[39m
[32m[39m
2025-11-23 06:54:27 [32minfo[39m [32mGET /api/v1/livestock/cmi9quzfg001et1i4jjja8per/activity-timeline - - ms - -[39m
[32m[39m
2025-11-23 06:54:27 [32minfo[39m [32mGET /api/v1/livestock/cmi9quzfg001et1i4jjja8per/activity-timeline - - ms - -[39m
[32m[39m
2025-11-23 06:54:27 [32minfo[39m [32mGET /api/v1/livestock/cmi9quzfg001et1i4jjja8per/activity-timeline - - ms - -[39m
[32m[39m
2025-11-23 06:54:27 [32minfo[39m [32mGET /api/v1/livestock/cmi9quzfg001et1i4jjja8per/activity-timeline - - ms - -[39m
[32m[39m
2025-11-23 06:54:27 [32minfo[39m [32mGET /api/v1/livestock/cmi9quzfg001et1i4jjja8per/activity-timeline - - ms - -[39m
[32m[39m
2025-11-23 06:54:27 [32minfo[39m [32mGET /api/v1/livestock/cmi9quzfg001et1i4jjja8per/activity-timeline - - ms - -[39m
[32m[39m
2025-11-23 06:54:27 [32minfo[39m [32mGET /api/v1/livestock/cmi9quzfg001et1i4jjja8per/activity-timeline - - ms - -[39m
[32m[39m
2025-11-23 06:54:27 [32minfo[39m [32mGET /api/v1/livestock/cmi9quzfg001et1i4jjja8per/activity-timeline - - ms - -[39m
[32m[39m
2025-11-23 06:54:27 [32minfo[39m [32mGET /api/v1/livestock/cmi9quzfg001et1i4jjja8per/activity-timeline - - ms - -[39m
[32m[39m
2025-11-23 06:54:27 [32minfo[39m [32mGET /api/v1/livestock/cmi9quzfg001et1i4jjja8per/activity-timeline - - ms - -[39m
[32m[39m
2025-11-23 06:54:27 [32minfo[39m [32mGET /api/v1/livestock/cmi9quzfg001et1i4jjja8per/activity-timeline - - ms - -[39m
[32m[39m
2025-11-23 06:54:27 [32minfo[39m [32mGET /api/v1/livestock/cmi9quzfg001et1i4jjja8per/activity-timeline - - ms - -[39m
[32m[39m
2025-11-23 06:54:27 [32minfo[39m [32mGET /api/v1/livestock/cmi9quzfg001et1i4jjja8per/activity-timeline - - ms - -[39m
[32m[39m
2025-11-23 06:54:28 [32minfo[39m [32mGET /api/v1/livestock/cmi9quzfg001et1i4jjja8per/activity-timeline - - ms - -[39m
[32m[39m
2025-11-23 06:54:28 [32minfo[39m [32mGET /api/v1/livestock/cmi9quzfg001et1i4jjja8per/activity-timeline - - ms - -[39m
[32m[39m
2025-11-23 06:54:28 [32minfo[39m [32mGET /api/v1/livestock/cmi9quzfg001et1i4jjja8per/activity-timeline - - ms - -[39m
[32m[39m
2025-11-23 06:54:28 [32minfo[39m [32mGET /api/v1/livestock/cmi9quzfg001et1i4jjja8per/activity-timeline - - ms - -[39m
[32m[39m
2025-11-23 06:54:28 [32minfo[39m [32mGET /api/v1/livestock/cmi9quzfg001et1i4jjja8per/activity-timeline - - ms - -[39m
[32m[39m
2025-11-23 06:54:28 [32minfo[39m [32mGET /api/v1/livestock/cmi9quzfg001et1i4jjja8per/activity-timeline - - ms - -[39m
[32m[39m
2025-11-23 06:54:28 [32minfo[39m [32mGET /api/v1/livestock/cmi9quzfg001et1i4jjja8per/activity-timeline - - ms - -[39m
[32m[39m
2025-11-23 06:54:28 [32minfo[39m [32mGET /api/v1/livestock/cmi9quzfg001et1i4jjja8per/activity-timeline - - ms - -[39m
[32m[39m
2025-11-23 06:54:28 [32minfo[39m [32mGET /api/v1/livestock/cmi9quzfg001et1i4jjja8per/activity-timeline - - ms - -[39m
[32m[39m
2025-11-23 06:54:28 [32minfo[39m [32mGET /api/v1/livestock/cmi9quzfg001et1i4jjja8per/activity-timeline - - ms - -[39m
[32m[39m
2025-11-23 06:54:28 [32minfo[39m [32mGET /api/v1/livestock/cmi9quzfg001et1i4jjja8per/activity-timeline - - ms - -[39m
[32m[39m
2025-11-23 06:54:28 [32minfo[39m [32mGET /api/v1/livestock/cmi9quzfg001et1i4jjja8per/activity-timeline - - ms - -[39m
[32m[39m
2025-11-23 06:54:28 [32minfo[39m [32mGET /api/v1/livestock/cmi9quzfg001et1i4jjja8per/activity-timeline - - ms - -[39m
[32m[39m
2025-11-23 06:54:28 [32minfo[39m [32mGET /api/v1/livestock/cmi9quzfg001et1i4jjja8per/activity-timeline - - ms - -[39m
[32m[39m
2025-11-23 06:54:28 [32minfo[39m [32mGET /api/v1/livestock/cmi9quzfg001et1i4jjja8per/activity-timeline - - ms - -[39m
[32m[39m
2025-11-23 06:54:28 [32minfo[39m [32mGET /api/v1/livestock/cmi9quzfg001et1i4jjja8per/activity-timeline - - ms - -[39m
[32m[39m
2025-11-23 06:54:28 [32minfo[39m [32mGET /api/v1/livestock/cmi9quzfg001et1i4jjja8per/activity-timeline - - ms - -[39m
[32m[39m
2025-11-23 06:54:28 [32minfo[39m [32mGET /api/v1/livestock/cmi9quzfg001et1i4jjja8per/activity-timeline - - ms - -[39m
[32m[39m
2025-11-23 06:54:28 [32minfo[39m [32mGET /api/v1/livestock/cmi9quzfg001et1i4jjja8per/activity-timeline - - ms - -[39m
[32m[39m
2025-11-23 06:54:28 [32minfo[39m [32mGET /api/v1/livestock/cmi9quzfg001et1i4jjja8per/activity-timeline - - ms - -[39m
[32m[39m
2025-11-23 06:54:28 [32minfo[39m [32mGET /api/v1/livestock/cmi9quzfg001et1i4jjja8per/activity-timeline - - ms - -[39m
[32m[39m
2025-11-23 06:54:28 [32minfo[39m [32mGET /api/v1/livestock/cmi9quzfg001et1i4jjja8per/activity-timeline - - ms - -[39m
[32m[39m
2025-11-23 06:54:28 [32minfo[39m [32mGET /api/v1/livestock/cmi9quzfg001et1i4jjja8per/activity-timeline - - ms - -[39m
[32m[39m
2025-11-23 06:54:28 [32minfo[39m [32mGET /api/v1/livestock/cmi9quzfg001et1i4jjja8per/activity-timeline - - ms - -[39m
[32m[39m
2025-11-23 06:54:28 [32minfo[39m [32mGET /api/v1/livestock/cmi9quzfg001et1i4jjja8per/activity-timeline - - ms - -[39m
[32m[39m
2025-11-23 06:54:28 [32minfo[39m [32mGET /api/v1/livestock/cmi9quzfg001et1i4jjja8per/activity-timeline - - ms - -[39m
[32m[39m
2025-11-23 06:54:28 [32minfo[39m [32mGET /api/v1/livestock/cmi9quzfg001et1i4jjja8per/activity-timeline - - ms - -[39m
[32m[39m
2025-11-23 06:54:28 [32minfo[39m [32mGET /api/v1/livestock/cmi9quzfg001et1i4jjja8per/activity-timeline - - ms - -[39m
[32m[39m
2025-11-23 06:54:28 [32minfo[39m [32mGET /api/v1/livestock/cmi9quzfg001et1i4jjja8per/activity-timeline - - ms - -[39m
[32m[39m
2025-11-23 06:54:29 [32minfo[39m [32mGET /api/v1/livestock/cmi9quzfg001et1i4jjja8per/activity-timeline - - ms - -[39m
[32m[39m
2025-11-23 06:54:29 [32minfo[39m [32mGET /api/v1/livestock/cmi9quzfg001et1i4jjja8per/activity-timeline - - ms - -[39m
[32m[39m
2025-11-23 06:54:29 [32minfo[39m [32mGET /api/v1/livestock/cmi9quzfg001et1i4jjja8per/activity-timeline - - ms - -[39m
[32m[39m
2025-11-23 06:54:29 [32minfo[39m [32mGET /api/v1/livestock/cmi9quzfg001et1i4jjja8per/activity-timeline - - ms - -[39m
[32m[39m
2025-11-23 06:54:29 [32minfo[39m [32mGET /api/v1/livestock/cmi9quzfg001et1i4jjja8per/activity-timeline - - ms - -[39m
[32m[39m
2025-11-23 06:54:29 [32minfo[39m [32mGET /api/v1/livestock/cmi9quzfg001et1i4jjja8per/activity-timeline - - ms - -[39m
[32m[39m
2025-11-23 06:54:29 [32minfo[39m [32mGET /api/v1/livestock/cmi9quzfg001et1i4jjja8per/activity-timeline - - ms - -[39m
[32m[39m
2025-11-23 06:54:29 [32minfo[39m [32mGET /api/v1/livestock/cmi9quzfg001et1i4jjja8per/activity-timeline - - ms - -[39m
[32m[39m
2025-11-23 06:54:29 [32minfo[39m [32mGET /api/v1/livestock/cmi9quzfg001et1i4jjja8per/activity-timeline - - ms - -[39m
[32m[39m
2025-11-23 06:54:29 [32minfo[39m [32mGET /api/v1/livestock/cmi9quzfg001et1i4jjja8per/activity-timeline - - ms - -[39m
[32m[39m
2025-11-23 06:54:29 [32minfo[39m [32mGET /api/v1/livestock/cmi9quzfg001et1i4jjja8per/activity-timeline - - ms - -[39m
[32m[39m
2025-11-23 06:55:36 [32minfo[39m [32mPOST /api/v1/auth/vet-login 200 131.859 ms - 617[39m
[32m[39m
2025-11-23 06:55:39 [32minfo[39m [32mGET /api/v1/notifications 304 11.646 ms - -[39m
[32m[39m
2025-11-23 06:55:39 [32minfo[39m [32mGET /api/v1/tasks/my-tasks 304 20.531 ms - -[39m
[32m[39m
2025-11-23 06:55:39 [32minfo[39m [32mGET /api/v1/tasks/my-tasks 304 21.617 ms - -[39m
[32m[39m
2025-11-23 06:55:46 [32minfo[39m [32mGET /api/v1/livestock/cmi9quzfg001et1i4jjja8per/activity-timeline 304 31.972 ms - -[39m
[32m[39m
2025-11-23 06:55:56 [32minfo[39m [32mPATCH /api/v1/tasks/cmi9quzp1008et1i474kmnzoq/status 200 26.444 ms - 1302[39m
[32m[39m
2025-11-23 06:56:02 [32minfo[39m [32mGET /api/v1/livestock/cmi9quzfg001et1i4jjja8per/activity-timeline 200 30.947 ms - 9880[39m
[32m[39m
2025-11-23 06:56:07 [32minfo[39m [32mGET /api/v1/notifications 304 8.676 ms - -[39m
[32m[39m
2025-11-23 06:56:16 [32minfo[39m [32mPATCH /api/v1/tasks/cmi9quzp1008et1i474kmnzoq/status 200 21.009 ms - 1302[39m
[32m[39m
2025-11-23 06:56:23 [32minfo[39m [32mGET /api/v1/livestock/cmi9quzfg001et1i4jjja8per/activity-timeline 200 123.994 ms - 9880[39m
[32m[39m
2025-11-23 06:56:31 [32minfo[39m [32mGET /api/v1/users/vet/assigned-farms 304 12.441 ms - -[39m
[32m[39m
2025-11-23 06:56:37 [32minfo[39m [32mGET /api/v1/notifications 304 8.696 ms - -[39m
[32m[39m
2025-11-23 06:56:43 [32minfo[39m [32mGET /api/v1/users/vet/farms/cmi9quyh00009t1i4ynm1n7gj 304 77.532 ms - -[39m
[32m[39m
2025-11-23 06:56:43 [32minfo[39m [32mGET /api/v1/livestock?page=1&limit=60 304 36.087 ms - -[39m
[32m[39m
2025-11-23 06:56:45 [32minfo[39m [32mGET /api/v1/tasks/my-tasks?page=1&limit=10 200 169.248 ms - 7356[39m
[32m[39m
2025-11-23 06:56:50 [32minfo[39m [32mGET /api/v1/livestock/cmi9quzg9001st1i42bdjo2fw/health-history 304 17.118 ms - -[39m
[32m[39m
2025-11-23 06:56:52 [32minfo[39m [32mGET /api/v1/livestock/cmi9quzg9001st1i42bdjo2fw/activity-timeline 304 30.383 ms - -[39m
[32m[39m
2025-11-23 06:56:54 [32minfo[39m [32mGET /api/v1/livestock/cmi9quzg9001st1i42bdjo2fw/activity-timeline 304 29.224 ms - -[39m
[32m[39m
2025-11-23 06:57:07 [32minfo[39m [32mGET /api/v1/notifications 304 10.628 ms - -[39m
[32m[39m
2025-11-23 06:57:14 [32minfo[39m [32mGET /api/v1/livestock/cmi9quzg9001st1i42bdjo2fw/activity-timeline 304 30.490 ms - -[39m
[32m[39m
2025-11-23 06:57:20 [32minfo[39m [32mGET /api/v1/livestock/cmi9quzg9001st1i42bdjo2fw/activity-timeline 304 26.550 ms - -[39m
[32m[39m
2025-11-23 06:57:24 [32minfo[39m [32mGET /api/v1/livestock/cmi9quzg9001st1i42bdjo2fw/activity-timeline 304 31.633 ms - -[39m
[32m[39m
2025-11-23 06:57:39 [32minfo[39m [32mGET /api/v1/notifications 304 8.186 ms - -[39m
[32m[39m
2025-11-23 06:58:04 [32minfo[39m [32mGET /api/v1/livestock/cmi9quzg9001st1i42bdjo2fw/activity-timeline 304 29.344 ms - -[39m
[32m[39m
2025-11-23 06:58:09 [32minfo[39m [32mGET /api/v1/notifications 304 190.065 ms - -[39m
[32m[39m
2025-11-23 06:58:18 [32minfo[39m [32mGET /api/v1/users/vet/farms/cmi9quyh00009t1i4ynm1n7gj 304 83.720 ms - -[39m
[32m[39m
2025-11-23 06:58:19 [32minfo[39m [32mGET /api/v1/tasks/my-tasks?page=1&limit=10 304 27.271 ms - -[39m
[32m[39m
2025-11-23 06:58:19 [32minfo[39m [32mGET /api/v1/livestock?page=1&limit=60 304 33.389 ms - -[39m
[32m[39m
2025-11-23 06:58:19 [32minfo[39m [32mGET /api/v1/livestock/cmi9quzgc001ut1i4hv7xa0pp/health-history 200 17.466 ms - 950[39m
[32m[39m
2025-11-23 06:58:21 [32minfo[39m [32mGET /api/v1/livestock/cmi9quzgc001ut1i4hv7xa0pp/activity-timeline 200 99.768 ms - 1243[39m
[32m[39m
2025-11-23 06:58:23 [32minfo[39m [32mGET /api/v1/livestock/cmi9quzgc001ut1i4hv7xa0pp/activity-timeline 304 20.082 ms - -[39m
[32m[39m
2025-11-23 06:58:31 [32minfo[39m [32mGET /api/v1/users/vet/farms/cmi9quyh00009t1i4ynm1n7gj 304 80.026 ms - -[39m
[32m[39m
2025-11-23 06:58:31 [32minfo[39m [32mGET /api/v1/livestock?page=1&limit=60 304 36.570 ms - -[39m
[32m[39m
2025-11-23 06:58:31 [32minfo[39m [32mGET /api/v1/tasks/my-tasks?page=1&limit=10 304 12.987 ms - -[39m
[32m[39m
2025-11-23 06:58:32 [32minfo[39m [32mGET /api/v1/users/vet/assigned-farms 304 11.322 ms - -[39m
[32m[39m
2025-11-23 06:58:36 [32minfo[39m [32mGET /api/v1/livestock/cmi9quzhj002kt1i4d4o82wpw/activity-timeline 200 26.396 ms - 2790[39m
[32m[39m
2025-11-23 06:58:38 [32minfo[39m [32mGET /api/v1/notifications 304 8.883 ms - -[39m
[32m[39m
2025-11-23 06:58:50 [32minfo[39m [32mGET /api/v1/livestock/cmi9quzh7002ct1i4mnsvf838/activity-timeline 200 134.645 ms - 1568[39m
[32m[39m
2025-11-23 06:59:08 [32minfo[39m [32mGET /api/v1/notifications 304 22.205 ms - -[39m
[32m[39m
2025-11-23 06:59:40 [32minfo[39m [32mPOST /api/v1/auth/vet-login 200 133.260 ms - 617[39m
[32m[39m
2025-11-23 06:59:41 [32minfo[39m [32mGET /api/v1/tasks/my-tasks 200 15.415 ms - 7356[39m
[32m[39m
2025-11-23 06:59:42 [32minfo[39m [32mGET /api/v1/tasks/my-tasks 304 14.212 ms - -[39m
[32m[39m
2025-11-23 06:59:42 [32minfo[39m [32mGET /api/v1/notifications 304 9.470 ms - -[39m
[32m[39m
2025-11-23 06:59:46 [32minfo[39m [32mGET /api/v1/livestock/cmi9quzhj002kt1i4d4o82wpw/activity-timeline 304 33.280 ms - -[39m
[32m[39m
2025-11-23 06:59:54 [32minfo[39m [32mGET /api/v1/tasks/my-tasks 304 10.213 ms - -[39m
[32m[39m
2025-11-23 06:59:59 [32minfo[39m [32mGET /api/v1/livestock/cmi9quzhj002kt1i4d4o82wpw/activity-timeline 304 26.373 ms - -[39m
[32m[39m
2025-11-23 07:00:04 [32minfo[39m [32mPATCH /api/v1/tasks/cmi9quzqj0096t1i41li46eix/status 200 22.749 ms - 1287[39m
[32m[39m
2025-11-23 07:00:10 [32minfo[39m [32mGET /api/v1/tasks/my-tasks 200 14.483 ms - 7354[39m
[32m[39m
2025-11-23 07:00:10 [32minfo[39m [32mGET /api/v1/notifications 304 8.020 ms - -[39m
[32m[39m
2025-11-23 07:00:14 [32minfo[39m [32mGET /api/v1/tasks/my-tasks 304 10.473 ms - -[39m
[32m[39m
2025-11-23 07:02:12 [32minfo[39m [32mPOST /api/v1/auth/vet-login 200 148.232 ms - 617[39m
[32m[39m
2025-11-23 07:02:14 [32minfo[39m [32mGET /api/v1/notifications 304 8.750 ms - -[39m
[32m[39m
2025-11-23 07:02:14 [32minfo[39m [32mGET /api/v1/tasks/my-tasks 304 10.305 ms - -[39m
[32m[39m
2025-11-23 07:02:18 [32minfo[39m [32mGET /api/v1/tasks/my-tasks 304 75.846 ms - -[39m
[32m[39m
2025-11-23 07:02:21 [32minfo[39m [32mGET /api/v1/livestock/cmi9quzev0012t1i4t2fey4iz/activity-timeline 200 214.207 ms - 3233[39m
[32m[39m
2025-11-23 07:02:38 [32minfo[39m [32mGET /api/v1/livestock/cmi9quzh7002ct1i4mnsvf838/activity-timeline 304 25.433 ms - -[39m
[32m[39m
2025-11-23 07:02:43 [32minfo[39m [32mGET /api/v1/notifications 304 7.863 ms - -[39m
[32m[39m
2025-11-23 07:02:45 [32minfo[39m [32mPATCH /api/v1/tasks/cmi9quzpx008st1i4c2csbqga/status 200 21.728 ms - 1289[39m
[32m[39m
2025-11-23 07:02:53 [32minfo[39m [32mGET /api/v1/tasks/my-tasks 200 9.839 ms - 7356[39m
[32m[39m
2025-11-23 07:02:56 [32minfo[39m [32mGET /api/v1/tasks/my-tasks 304 12.594 ms - -[39m
[32m[39m
2025-11-23 07:03:06 [32minfo[39m [32mGET /api/v1/users/vet/assigned-farms 304 12.069 ms - -[39m
[32m[39m
2025-11-23 07:03:11 [32minfo[39m [32mGET /api/v1/livestock/cmi9quzev0012t1i4t2fey4iz/activity-timeline 304 222.225 ms - -[39m
[32m[39m
2025-11-23 07:03:13 [32minfo[39m [32mGET /api/v1/notifications 304 9.181 ms - -[39m
[32m[39m
2025-11-23 07:03:18 [32minfo[39m [32mGET /api/v1/users/vet/assigned-farms 304 12.199 ms - -[39m
[32m[39m
2025-11-23 07:03:25 [32minfo[39m [32mGET /api/v1/users/vet/farms/cmi9quy0w0002t1i42v34y0q8 200 90.112 ms - 19511[39m
[32m[39m
2025-11-23 07:03:26 [32minfo[39m [32mGET /api/v1/livestock?page=1&limit=60 304 28.714 ms - -[39m
[32m[39m
2025-11-23 07:03:26 [32minfo[39m [32mGET /api/v1/tasks/my-tasks?page=1&limit=10 200 98.691 ms - 7356[39m
[32m[39m
2025-11-23 07:03:33 [32minfo[39m [32mGET /api/v1/livestock/cmi9quze7000ot1i4xwx1pqfi/health-history 304 21.011 ms - -[39m
[32m[39m
2025-11-23 07:03:33 [32minfo[39m [32mGET /api/v1/livestock/cmi9quze7000ot1i4xwx1pqfi/activity-timeline 304 47.212 ms - -[39m
[32m[39m
2025-11-23 07:03:44 [32minfo[39m [32mGET /api/v1/notifications 304 12.388 ms - -[39m
[32m[39m
2025-11-23 07:04:12 [32minfo[39m [32mGET /api/v1/notifications 304 94.751 ms - -[39m
[32m[39m
2025-11-23 07:04:42 [32minfo[39m [32mGET /api/v1/notifications 304 15.514 ms - -[39m
[32m[39m
2025-11-23 07:05:14 [32minfo[39m [32mGET /api/v1/notifications 304 11.171 ms - -[39m
[32m[39m
2025-11-23 07:05:31 [32minfo[39m [32mGET /api/v1/livestock/cmi9quze7000ot1i4xwx1pqfi/health-history 304 31.801 ms - -[39m
[32m[39m
2025-11-23 07:05:33 [32minfo[39m [32mGET /api/v1/livestock/cmi9quze7000ot1i4xwx1pqfi/activity-timeline 304 364.333 ms - -[39m
[32m[39m
2025-11-23 07:07:28 [32minfo[39m [32mPOST /api/v1/auth/vet-login 200 150.909 ms - 617[39m
[32m[39m
2025-11-23 07:07:31 [32minfo[39m [32mGET /api/v1/notifications 304 93.728 ms - -[39m
[32m[39m
2025-11-23 07:07:31 [32minfo[39m [32mGET /api/v1/tasks/my-tasks 304 15.197 ms - -[39m
[32m[39m
2025-11-23 07:07:56 [32minfo[39m [32mGET /api/v1/tasks/my-tasks 304 15.408 ms - -[39m
[32m[39m
2025-11-23 07:08:00 [32minfo[39m [32mGET /api/v1/notifications 304 7.401 ms - -[39m
[32m[39m
2025-11-23 07:08:02 [32minfo[39m [32mGET /api/v1/livestock/cmi9quzev0012t1i4t2fey4iz/activity-timeline 304 31.105 ms - -[39m
[32m[39m
2025-11-23 07:08:29 [32minfo[39m [32mGET /api/v1/notifications 304 263.816 ms - -[39m
[32m[39m
2025-11-23 07:08:46 [32minfo[39m [32mGET /api/v1/users/vet/assigned-farms 304 13.750 ms - -[39m
[32m[39m
2025-11-23 07:08:49 [32minfo[39m [32mGET /api/v1/users/vet/farms/cmi9quyh00009t1i4ynm1n7gj 200 82.289 ms - 9525[39m
[32m[39m
2025-11-23 07:08:50 [32minfo[39m [32mGET /api/v1/livestock?page=1&limit=60 304 29.601 ms - -[39m
[32m[39m
2025-11-23 07:08:51 [32minfo[39m [32mGET /api/v1/tasks/my-tasks?page=1&limit=10 304 10.571 ms - -[39m
[32m[39m
2025-11-23 07:08:55 [32minfo[39m [32mGET /api/v1/livestock/cmi9quzhv002ut1i4vg4uzi1l/activity-timeline 304 28.395 ms - -[39m
[32m[39m
2025-11-23 07:08:56 [32minfo[39m [32mGET /api/v1/livestock/cmi9quzhv002ut1i4vg4uzi1l/health-history 304 12.551 ms - -[39m
[32m[39m
2025-11-23 07:08:59 [32minfo[39m [32mGET /api/v1/notifications 304 7.921 ms - -[39m
[32m[39m
2025-11-23 07:09:00 [32minfo[39m [32mGET /api/v1/users/vet/farms/cmi9quyh00009t1i4ynm1n7gj 304 76.133 ms - -[39m
[32m[39m
2025-11-23 07:09:00 [32minfo[39m [32mGET /api/v1/tasks/my-tasks?page=1&limit=10 304 13.954 ms - -[39m
[32m[39m
2025-11-23 07:09:01 [32minfo[39m [32mGET /api/v1/livestock?page=1&limit=60 304 32.086 ms - -[39m
[32m[39m
2025-11-23 07:09:02 [32minfo[39m [32mGET /api/v1/livestock/cmi9quzg9001st1i42bdjo2fw/activity-timeline 304 29.583 ms - -[39m
[32m[39m
2025-11-23 07:09:02 [32minfo[39m [32mGET /api/v1/livestock/cmi9quzg9001st1i42bdjo2fw/health-history 304 15.203 ms - -[39m
[32m[39m
2025-11-23 07:09:29 [32minfo[39m [32mGET /api/v1/notifications 304 17.035 ms - -[39m
[32m[39m
2025-11-23 07:09:59 [32minfo[39m [32mGET /api/v1/notifications 304 8.527 ms - -[39m
[32m[39m
2025-11-23 07:10:17 [32minfo[39m [32mGET /api/v1/livestock/cmi9quzg9001st1i42bdjo2fw/activity-timeline 304 219.071 ms - -[39m
[32m[39m
2025-11-23 07:10:29 [32minfo[39m [32mGET /api/v1/notifications 304 9.649 ms - -[39m
[32m[39m
2025-11-23 07:11:00 [32minfo[39m [32mGET /api/v1/notifications 304 9.250 ms - -[39m
[32m[39m
2025-11-23 07:11:30 [32minfo[39m [32mGET /api/v1/notifications 304 11.450 ms - -[39m
[32m[39m
2025-11-23 07:12:01 [32minfo[39m [32mGET /api/v1/notifications 304 7.357 ms - -[39m
[32m[39m
2025-11-23 07:12:30 [32minfo[39m [32mGET /api/v1/notifications 304 8.988 ms - -[39m
[32m[39m
2025-11-23 07:13:01 [32minfo[39m [32mGET /api/v1/notifications 304 187.321 ms - -[39m
[32m[39m
2025-11-23 07:13:30 [32minfo[39m [32mGET /api/v1/notifications 304 215.495 ms - -[39m
[32m[39m
2025-11-23 07:14:01 [32minfo[39m [32mGET /api/v1/notifications 304 26.620 ms - -[39m
[32m[39m
2025-11-23 07:14:30 [32minfo[39m [32mGET /api/v1/notifications 304 8.117 ms - -[39m
[32m[39m
2025-11-23 07:15:00 [32minfo[39m [32mGET /api/v1/notifications 304 8.158 ms - -[39m
[32m[39m
2025-11-23 07:15:31 [32minfo[39m [32mGET /api/v1/notifications 304 99.984 ms - -[39m
[32m[39m
2025-11-23 07:15:57 [32minfo[39m [32mGET /api/v1/users/vet/farms/cmi9quyh00009t1i4ynm1n7gj 304 80.403 ms - -[39m
[32m[39m
2025-11-23 07:15:57 [32minfo[39m [32mGET /api/v1/users/vet/assigned-farms 304 10.632 ms - -[39m
[32m[39m
2025-11-23 07:15:59 [32minfo[39m [32mGET /api/v1/tasks/my-tasks?page=1&limit=10 304 13.819 ms - -[39m
[32m[39m
2025-11-23 07:15:59 [32minfo[39m [32mGET /api/v1/livestock?page=1&limit=60 304 61.272 ms - -[39m
[32m[39m
2025-11-23 07:16:00 [32minfo[39m [32mGET /api/v1/notifications 304 7.454 ms - -[39m
[32m[39m
2025-11-23 07:16:04 [32minfo[39m [32mGET /api/v1/livestock/cmi9quzev0012t1i4t2fey4iz/activity-timeline 304 150.151 ms - -[39m
[32m[39m
2025-11-23 07:16:10 [32minfo[39m [32mGET /api/v1/tasks/my-tasks 304 15.455 ms - -[39m
[32m[39m
2025-11-23 07:16:15 [32minfo[39m [32mGET /api/v1/livestock/cmi9quzg9001st1i42bdjo2fw/activity-timeline 304 39.680 ms - -[39m
[32m[39m
2025-11-23 07:16:29 [32minfo[39m [32mGET /api/v1/notifications 304 28.316 ms - -[39m
[32m[39m
2025-11-23 07:16:59 [32minfo[39m [32mGET /api/v1/notifications 304 9.991 ms - -[39m
[32m[39m
2025-11-23 07:17:29 [32minfo[39m [32mGET /api/v1/notifications 304 10.739 ms - -[39m
[32m[39m
2025-11-23 07:17:59 [32minfo[39m [32mGET /api/v1/notifications 304 8.058 ms - -[39m
[32m[39m
2025-11-23 07:18:31 [32minfo[39m [32mGET /api/v1/notifications 304 180.272 ms - -[39m
[32m[39m
2025-11-23 07:18:58 [32minfo[39m [32mGET /api/v1/livestock/cmi9quzg9001st1i42bdjo2fw/activity-timeline 304 394.806 ms - -[39m
[32m[39m
2025-11-23 07:18:59 [32minfo[39m [32mGET /api/v1/notifications 304 31.400 ms - -[39m
[32m[39m
2025-11-23 07:19:00 [32minfo[39m [32mGET /api/v1/livestock/cmi9quzg9001st1i42bdjo2fw/activity-timeline 304 70.313 ms - -[39m
[32m[39m
2025-11-23 07:19:06 [32minfo[39m [32mGET /api/v1/livestock/cmi9quzg9001st1i42bdjo2fw/activity-timeline 304 88.134 ms - -[39m
[32m[39m
2025-11-23 07:19:09 [32minfo[39m [32mGET /api/v1/livestock/cmi9quzg9001st1i42bdjo2fw/activity-timeline 304 528.033 ms - -[39m
[32m[39m
2025-11-23 07:19:12 [32minfo[39m [32mGET /api/v1/livestock/cmi9quzg9001st1i42bdjo2fw/activity-timeline 304 29.640 ms - -[39m
[32m[39m
2025-11-23 07:19:29 [32minfo[39m [32mGET /api/v1/notifications 304 20.050 ms - -[39m
[32m[39m
2025-11-23 07:20:01 [32minfo[39m [32mGET /api/v1/notifications 304 11.877 ms - -[39m
[32m[39m
2025-11-23 07:20:51 [32minfo[39m [32mGET /api/v1/notifications 200 11.359 ms - 164[39m
[32m[39m
2025-11-23 07:21:13 [32minfo[39m [32mGET /api/v1/tasks/my-tasks 304 90.896 ms - -[39m
[32m[39m
2025-11-23 07:21:18 [32minfo[39m [32mGET /api/v1/tasks/my-tasks 304 12.043 ms - -[39m
[32m[39m
2025-11-23 07:21:19 [32minfo[39m [32mGET /api/v1/notifications 304 8.249 ms - -[39m
[32m[39m
2025-11-23 07:21:23 [32minfo[39m [32mGET /api/v1/tasks/my-tasks 304 14.239 ms - -[39m
[32m[39m
2025-11-23 07:21:28 [32minfo[39m [32mGET /api/v1/livestock/cmi9quzg9001st1i42bdjo2fw/activity-timeline 304 144.293 ms - -[39m
[32m[39m
2025-11-23 07:21:48 [32minfo[39m [32mGET /api/v1/livestock/cmi9quzg9001st1i42bdjo2fw/activity-timeline 304 129.036 ms - -[39m
[32m[39m
2025-11-23 07:21:49 [32minfo[39m [32mGET /api/v1/notifications 304 15.888 ms - -[39m
[32m[39m
2025-11-23 07:21:51 [32minfo[39m [32mGET /api/v1/livestock/cmi9quzg9001st1i42bdjo2fw/activity-timeline 304 289.164 ms - -[39m
[32m[39m
2025-11-23 07:21:57 [32minfo[39m [32mGET /api/v1/users/vet/assigned-farms 304 10.507 ms - -[39m
[32m[39m
2025-11-23 07:22:08 [32minfo[39m [32mGET /api/v1/users/vet/farms/cmi9quyh00009t1i4ynm1n7gj 304 81.912 ms - -[39m
[32m[39m
2025-11-23 07:22:10 [32minfo[39m [32mGET /api/v1/livestock?page=1&limit=60 304 29.280 ms - -[39m
[32m[39m
2025-11-23 07:22:10 [32minfo[39m [32mGET /api/v1/tasks/my-tasks?page=1&limit=10 304 22.828 ms - -[39m
[32m[39m
2025-11-23 07:22:17 [32minfo[39m [32mGET /api/v1/livestock/cmi9quzg9001st1i42bdjo2fw/health-history 304 20.118 ms - -[39m
[32m[39m
2025-11-23 07:22:17 [32minfo[39m [32mGET /api/v1/livestock/cmi9quzg9001st1i42bdjo2fw/activity-timeline 304 29.134 ms - -[39m
[32m[39m
2025-11-23 07:22:19 [32minfo[39m [32mGET /api/v1/notifications 304 14.426 ms - -[39m
[32m[39m
2025-11-23 07:22:49 [32minfo[39m [32mGET /api/v1/notifications 304 19.328 ms - -[39m
[32m[39m
2025-11-23 07:23:20 [32minfo[39m [32mGET /api/v1/notifications 304 14.374 ms - -[39m
[32m[39m
2025-11-23 07:23:29 [32minfo[39m [32mGET /api/v1/livestock/cmi9quzg9001st1i42bdjo2fw/activity-timeline 304 103.274 ms - -[39m
[32m[39m
2025-11-23 07:23:50 [32minfo[39m [32mGET /api/v1/notifications 304 201.498 ms - -[39m
[32m[39m
2025-11-23 07:24:21 [32minfo[39m [32mGET /api/v1/notifications 304 13.675 ms - -[39m
[32m[39m
2025-11-23 07:24:33 [32minfo[39m [32mGET /api/v1/livestock/cmi9quzg9001st1i42bdjo2fw/activity-timeline 304 176.523 ms - -[39m
[32m[39m
2025-11-23 07:24:51 [32minfo[39m [32mGET /api/v1/notifications 304 11.611 ms - -[39m
[32m[39m
2025-11-23 07:25:21 [32minfo[39m [32mGET /api/v1/notifications 304 13.624 ms - -[39m
[32m[39m
2025-11-23 07:25:49 [32minfo[39m [32mGET /api/v1/notifications 304 14.671 ms - -[39m
[32m[39m
2025-11-23 07:26:07 [32minfo[39m [32mGET /api/v1/livestock/cmi9quzg9001st1i42bdjo2fw/activity-timeline 304 345.625 ms - -[39m
[32m[39m
2025-11-23 07:26:21 [32minfo[39m [32mGET /api/v1/notifications 304 102.974 ms - -[39m
[32m[39m
2025-11-23 07:26:22 [32minfo[39m [32mGET /api/v1/livestock/cmi9quzg9001st1i42bdjo2fw/activity-timeline 304 42.010 ms - -[39m
[32m[39m
2025-11-23 07:26:49 [32minfo[39m [32mGET /api/v1/notifications 304 12.221 ms - -[39m
[32m[39m
2025-11-23 07:26:59 [32minfo[39m [32mGET /api/v1/livestock/cmi9quzg9001st1i42bdjo2fw/activity-timeline 304 152.707 ms - -[39m
[32m[39m
2025-11-23 07:27:08 [32minfo[39m [32mGET /api/v1/livestock/cmi9quzg9001st1i42bdjo2fw/activity-timeline 304 311.870 ms - -[39m
[32m[39m
2025-11-23 07:27:21 [32minfo[39m [32mGET /api/v1/notifications 304 10.727 ms - -[39m
[32m[39m
2025-11-23 07:27:44 [32minfo[39m [32mGET /api/v1/livestock/cmi9quzg9001st1i42bdjo2fw/activity-timeline 304 25.481 ms - -[39m
[32m[39m
2025-11-23 07:27:50 [32minfo[39m [32mGET /api/v1/notifications 304 8.015 ms - -[39m
[32m[39m
2025-11-23 07:28:02 [32minfo[39m [32mGET /api/v1/livestock/cmi9quzg9001st1i42bdjo2fw/activity-timeline 304 306.245 ms - -[39m
[32m[39m
2025-11-23 07:28:05 [32minfo[39m [32mGET /api/v1/livestock/cmi9quzg9001st1i42bdjo2fw/activity-timeline 304 429.606 ms - -[39m
[32m[39m
2025-11-23 07:28:21 [32minfo[39m [32mGET /api/v1/notifications 304 22.833 ms - -[39m
[32m[39m
2025-11-23 07:28:51 [32minfo[39m [32mGET /api/v1/notifications 304 10.017 ms - -[39m
[32m[39m
2025-11-23 07:29:10 [32minfo[39m [32mGET /api/v1/livestock/cmi9quzg9001st1i42bdjo2fw/activity-timeline 304 612.578 ms - -[39m
[32m[39m
2025-11-23 07:29:21 [32minfo[39m [32mGET /api/v1/notifications 304 20.736 ms - -[39m
[32m[39m
2025-11-23 07:29:49 [32minfo[39m [32mGET /api/v1/notifications 304 12.368 ms - -[39m
[32m[39m
2025-11-23 07:30:19 [32minfo[39m [32mGET /api/v1/notifications 304 17.723 ms - -[39m
[32m[39m
2025-11-23 07:30:51 [32minfo[39m [32mGET /api/v1/notifications 304 9.607 ms - -[39m
[32m[39m
2025-11-23 07:31:21 [32minfo[39m [32mGET /api/v1/notifications 304 417.989 ms - -[39m
[32m[39m
2025-11-23 07:31:23 [32minfo[39m [32mGET /api/v1/livestock/cmi9quzg9001st1i42bdjo2fw/activity-timeline 304 310.556 ms - -[39m
[32m[39m
2025-11-23 07:31:24 [32minfo[39m [32mGET /api/v1/livestock/cmi9quzg9001st1i42bdjo2fw/health-history 304 25.018 ms - -[39m
[32m[39m
2025-11-23 07:31:40 [32minfo[39m [32mGET /api/v1/livestock/cmi9quzg9001st1i42bdjo2fw/health-history 304 42.482 ms - -[39m
[32m[39m
2025-11-23 07:31:41 [32minfo[39m [32mGET /api/v1/livestock/cmi9quzg9001st1i42bdjo2fw/activity-timeline 304 549.115 ms - -[39m
[32m[39m
2025-11-23 07:31:41 [32minfo[39m [32mGET /api/v1/livestock/cmi9quzg9001st1i42bdjo2fw/activity-timeline 304 675.278 ms - -[39m
[32m[39m
2025-11-23 07:31:42 [32minfo[39m [32mGET /api/v1/livestock/cmi9quzg9001st1i42bdjo2fw/health-history 304 35.177 ms - -[39m
[32m[39m
2025-11-23 07:31:46 [32minfo[39m [32mGET /api/v1/livestock/cmi9quzg9001st1i42bdjo2fw/health-history 304 521.404 ms - -[39m
[32m[39m
2025-11-23 07:31:47 [32minfo[39m [32mGET /api/v1/livestock/cmi9quzg9001st1i42bdjo2fw/activity-timeline 304 670.577 ms - -[39m
[32m[39m
2025-11-23 07:31:50 [32minfo[39m [32mGET /api/v1/notifications 304 11.613 ms - -[39m
[32m[39m
2025-11-23 07:32:18 [32minfo[39m [32mGET /api/v1/livestock/cmi9quzg9001st1i42bdjo2fw/activity-timeline 304 233.071 ms - -[39m
[32m[39m
2025-11-23 07:32:20 [32minfo[39m [32mGET /api/v1/notifications 304 30.878 ms - -[39m
[32m[39m
2025-11-23 07:32:23 [32minfo[39m [32mGET /api/v1/livestock/cmi9quzg9001st1i42bdjo2fw/activity-timeline 304 83.737 ms - -[39m
[32m[39m
2025-11-23 07:33:11 [32minfo[39m [32mPOST /api/v1/auth/vet-login 200 136.513 ms - 617[39m
[32m[39m
2025-11-23 07:33:12 [32minfo[39m [32mGET /api/v1/notifications 304 19.204 ms - -[39m
[32m[39m
2025-11-23 07:33:12 [32minfo[39m [32mGET /api/v1/tasks/my-tasks 304 20.764 ms - -[39m
[32m[39m
2025-11-23 07:33:18 [32minfo[39m [32mGET /api/v1/appointments 304 18.709 ms - -[39m
[32m[39m
2025-11-23 07:33:20 [32minfo[39m [32mGET /api/v1/tasks/my-tasks 304 21.554 ms - -[39m
[32m[39m
2025-11-23 07:33:21 [32minfo[39m [32mGET /api/v1/livestock/cmi9quzev0012t1i4t2fey4iz/activity-timeline 304 27.992 ms - -[39m
[32m[39m
2025-11-23 07:33:29 [32minfo[39m [32mGET /api/v1/tasks/my-tasks 304 23.337 ms - -[39m
[32m[39m
2025-11-23 07:33:34 [32minfo[39m [32mGET /api/v1/livestock/cmi9quzg9001st1i42bdjo2fw/activity-timeline 304 31.354 ms - -[39m
[32m[39m
2025-11-23 07:33:42 [32minfo[39m [32mGET /api/v1/notifications 304 13.362 ms - -[39m
[32m[39m
2025-11-23 07:33:45 [32minfo[39m [32mGET /api/v1/users/vet/assigned-farms 304 11.742 ms - -[39m
[32m[39m
2025-11-23 07:33:48 [32minfo[39m [32mGET /api/v1/users/vet/farms/cmi9quy0w0002t1i42v34y0q8 304 99.282 ms - -[39m
[32m[39m
2025-11-23 07:33:48 [32minfo[39m [32mGET /api/v1/livestock?page=1&limit=60 200 39.975 ms - 67623[39m
[32m[39m
2025-11-23 07:33:50 [32minfo[39m [32mGET /api/v1/tasks/my-tasks?page=1&limit=10 304 13.757 ms - -[39m
[32m[39m
2025-11-23 07:33:58 [32minfo[39m [32mGET /api/v1/users/vet/assigned-farms 304 24.287 ms - -[39m
[32m[39m
2025-11-23 07:33:59 [32minfo[39m [32mGET /api/v1/users/vet/farms/cmi9quyh00009t1i4ynm1n7gj 304 94.777 ms - -[39m
[32m[39m
2025-11-23 07:34:00 [32minfo[39m [32mGET /api/v1/tasks/my-tasks?page=1&limit=10 304 19.002 ms - -[39m
[32m[39m
2025-11-23 07:34:00 [32minfo[39m [32mGET /api/v1/livestock?page=1&limit=60 304 37.741 ms - -[39m
[32m[39m
2025-11-23 07:34:05 [32minfo[39m [32mGET /api/v1/livestock/cmi9quzg9001st1i42bdjo2fw/health-history 304 17.358 ms - -[39m
[32m[39m
2025-11-23 07:34:05 [32minfo[39m [32mGET /api/v1/livestock/cmi9quzg9001st1i42bdjo2fw/activity-timeline 304 39.100 ms - -[39m
[32m[39m
2025-11-23 07:34:12 [32minfo[39m [32mGET /api/v1/notifications 304 80.044 ms - -[39m
[32m[39m
2025-11-23 07:34:14 [32minfo[39m [32mGET /api/v1/livestock/cmi9quzg9001st1i42bdjo2fw/activity-timeline 304 28.774 ms - -[39m
[32m[39m
2025-11-23 07:35:54 [32minfo[39m [32mPOST /api/v1/auth/vet-login 200 145.339 ms - 617[39m
[32m[39m
2025-11-23 07:35:57 [32minfo[39m [32mGET /api/v1/tasks/my-tasks 304 11.192 ms - -[39m
[32m[39m
2025-11-23 07:35:57 [32minfo[39m [32mGET /api/v1/notifications 304 8.268 ms - -[39m
[32m[39m
2025-11-23 07:36:00 [32minfo[39m [32mGET /api/v1/users/vet/assigned-farms 304 11.531 ms - -[39m
[32m[39m
2025-11-23 07:36:26 [32minfo[39m [32mGET /api/v1/notifications 304 225.411 ms - -[39m
[32m[39m
2025-11-23 07:36:30 [32minfo[39m [32mGET /api/v1/users/vet/farms/cmi9quyh00009t1i4ynm1n7gj 304 113.292 ms - -[39m
[32m[39m
2025-11-23 07:36:32 [32minfo[39m [32mGET /api/v1/tasks/my-tasks?page=1&limit=10 304 17.382 ms - -[39m
[32m[39m
2025-11-23 07:36:32 [32minfo[39m [32mGET /api/v1/livestock?page=1&limit=60 304 38.113 ms - -[39m
[32m[39m
2025-11-23 07:36:38 [32minfo[39m [32mGET /api/v1/livestock/cmi9quzg9001st1i42bdjo2fw/activity-timeline 304 35.630 ms - -[39m
[32m[39m
2025-11-23 07:36:38 [32minfo[39m [32mGET /api/v1/livestock/cmi9quzg9001st1i42bdjo2fw/health-history 304 18.261 ms - -[39m
[32m[39m
2025-11-23 07:36:47 [32minfo[39m [32mGET /api/v1/livestock/cmi9quzg9001st1i42bdjo2fw/activity-timeline 304 30.797 ms - -[39m
[32m[39m
2025-11-23 07:36:55 [32minfo[39m [32mGET /api/v1/notifications 304 9.085 ms - -[39m
[32m[39m
2025-11-23 07:37:04 [32minfo[39m [32mGET /api/v1/users/vet/farms/cmi9quyh00009t1i4ynm1n7gj 304 216.528 ms - -[39m
[32m[39m
2025-11-23 07:37:05 [32minfo[39m [32mGET /api/v1/tasks/my-tasks?page=1&limit=10 304 10.727 ms - -[39m
[32m[39m
2025-11-23 07:37:05 [32minfo[39m [32mGET /api/v1/livestock?page=1&limit=60 304 28.252 ms - -[39m
[32m[39m
2025-11-23 07:37:05 [32minfo[39m [32mGET /api/v1/livestock/cmi9quzg9001st1i42bdjo2fw/activity-timeline 304 28.552 ms - -[39m
[32m[39m
2025-11-23 07:37:06 [32minfo[39m [32mGET /api/v1/livestock/cmi9quzg9001st1i42bdjo2fw/health-history 304 27.968 ms - -[39m
[32m[39m
2025-11-23 07:37:09 [32minfo[39m [32mGET /api/v1/livestock/cmi9quzg9001st1i42bdjo2fw/activity-timeline 304 30.445 ms - -[39m
[32m[39m
2025-11-23 07:37:25 [32minfo[39m [32mGET /api/v1/notifications 304 104.607 ms - -[39m
[32m[39m
2025-11-23 07:37:29 [32minfo[39m [32mGET /api/v1/livestock/cmi9quzg9001st1i42bdjo2fw/activity-timeline 304 439.963 ms - -[39m
[32m[39m
2025-11-23 07:37:29 [32minfo[39m [32mGET /api/v1/livestock/cmi9quzg9001st1i42bdjo2fw/health-history 304 433.692 ms - -[39m
[32m[39m
2025-11-23 07:37:37 [32minfo[39m [32mGET /api/v1/livestock/cmi9quzg9001st1i42bdjo2fw/activity-timeline 304 111.263 ms - -[39m
[32m[39m
2025-11-23 07:37:42 [32minfo[39m [32mGET /api/v1/livestock/cmi9quzg9001st1i42bdjo2fw/activity-timeline 304 52.524 ms - -[39m
[32m[39m
2025-11-23 07:37:56 [32minfo[39m [32mGET /api/v1/notifications 304 12.347 ms - -[39m
[32m[39m
2025-11-23 07:38:25 [32minfo[39m [32mGET /api/v1/notifications 304 65.546 ms - -[39m
[32m[39m
2025-11-23 07:38:56 [32minfo[39m [32mGET /api/v1/notifications 304 10.645 ms - -[39m
[32m[39m
2025-11-23 07:39:26 [32minfo[39m [32mGET /api/v1/notifications 304 15.608 ms - -[39m
[32m[39m
2025-11-23 07:39:56 [32minfo[39m [32mGET /api/v1/notifications 304 21.619 ms - -[39m
[32m[39m
2025-11-23 07:40:25 [32minfo[39m [32mGET /api/v1/notifications 304 10.935 ms - -[39m
[32m[39m
2025-11-23 07:40:56 [32minfo[39m [32mGET /api/v1/notifications 304 8.260 ms - -[39m
[32m[39m
2025-11-23 07:41:25 [32minfo[39m [32mGET /api/v1/notifications 304 12.989 ms - -[39m
[32m[39m
2025-11-23 07:41:55 [32minfo[39m [32mGET /api/v1/notifications 304 77.938 ms - -[39m
[32m[39m
2025-11-23 07:42:26 [32minfo[39m [32mGET /api/v1/notifications 304 91.070 ms - -[39m
[32m[39m
2025-11-23 07:42:56 [32minfo[39m [32mGET /api/v1/notifications 304 93.111 ms - -[39m
[32m[39m
2025-11-23 07:43:26 [32minfo[39m [32mGET /api/v1/notifications 304 15.867 ms - -[39m
[32m[39m
2025-11-23 07:43:56 [32minfo[39m [32mGET /api/v1/notifications 304 10.377 ms - -[39m
[32m[39m
2025-11-23 07:44:26 [32minfo[39m [32mGET /api/v1/notifications 304 12.199 ms - -[39m
[32m[39m
2025-11-23 07:44:56 [32minfo[39m [32mGET /api/v1/notifications 304 10.403 ms - -[39m
[32m[39m
2025-11-23 07:45:26 [32minfo[39m [32mGET /api/v1/notifications 304 20.716 ms - -[39m
[32m[39m
2025-11-23 07:45:56 [32minfo[39m [32mGET /api/v1/notifications 304 11.238 ms - -[39m
[32m[39m
2025-11-23 07:46:26 [32minfo[39m [32mGET /api/v1/notifications 304 35.905 ms - -[39m
[32m[39m
2025-11-23 12:43:50 [32minfo[39m [32mPOST /api/v1/auth/vet-login 200 309.656 ms - 617[39m
[32m[39m
2025-11-23 12:43:53 [32minfo[39m [32mGET /api/v1/notifications 200 214.743 ms - 164[39m
[32m[39m
2025-11-23 12:43:53 [32minfo[39m [32mGET /api/v1/tasks/my-tasks 200 25.641 ms - 7356[39m
[32m[39m
2025-11-23 12:43:57 [32minfo[39m [32mGET /api/v1/users/vet/assigned-farms 200 15.800 ms - 886[39m
[32m[39m
2025-11-23 12:44:22 [32minfo[39m [32mGET /api/v1/notifications 304 452.654 ms - -[39m
[32m[39m
2025-11-23 12:44:51 [32minfo[39m [32mGET /api/v1/notifications 200 12.706 ms - 164[39m
[32m[39m
2025-11-23 12:45:21 [32minfo[39m [32mGET /api/v1/notifications 200 11.128 ms - 164[39m
[32m[39m
2025-11-23 12:45:53 [32minfo[39m [32mGET /api/v1/notifications 200 15.566 ms - 164[39m
[32m[39m
2025-11-23 12:46:23 [32minfo[39m [32mGET /api/v1/notifications 200 26.015 ms - 164[39m
[32m[39m
2025-11-23 12:46:53 [32minfo[39m [32mGET /api/v1/notifications 200 30.931 ms - 164[39m
[32m[39m
2025-11-23 12:47:23 [32minfo[39m [32mGET /api/v1/notifications 200 191.213 ms - 164[39m
[32m[39m
2025-11-23 12:47:52 [32minfo[39m [32mGET /api/v1/tasks/my-tasks 304 17.086 ms - -[39m
[32m[39m
2025-11-23 12:47:53 [32minfo[39m [32mGET /api/v1/notifications 200 8.957 ms - 164[39m
[32m[39m
2025-11-23 12:47:58 [32minfo[39m [32mGET /api/v1/tasks/my-tasks 304 13.273 ms - -[39m
[32m[39m
2025-11-23 12:48:07 [32minfo[39m [32mGET /api/v1/users/vet/assigned-farms 304 11.101 ms - -[39m
[32m[39m
2025-11-23 12:48:11 [32minfo[39m [32mGET /api/v1/users/vet/farms/cmi9quy0w0002t1i42v34y0q8 200 152.406 ms - 19511[39m
[32m[39m
2025-11-23 12:48:13 [32minfo[39m [32mGET /api/v1/tasks/my-tasks?page=1&limit=10 200 20.044 ms - 7356[39m
[32m[39m
2025-11-23 12:48:14 [32minfo[39m [32mGET /api/v1/livestock?page=1&limit=60 200 42.748 ms - 67623[39m
[32m[39m
2025-11-23 12:48:22 [32minfo[39m [32mGET /api/v1/notifications 200 11.693 ms - 164[39m
[32m[39m
2025-11-23 12:48:52 [32minfo[39m [32mGET /api/v1/notifications 200 72.233 ms - 164[39m
[32m[39m
2025-11-23 12:49:22 [32minfo[39m [32mGET /api/v1/notifications 200 237.327 ms - 164[39m
[32m[39m
2025-11-23 12:49:53 [32minfo[39m [32mGET /api/v1/notifications 200 18.526 ms - 164[39m
[32m[39m
2025-11-23 12:50:23 [32minfo[39m [32mGET /api/v1/notifications 200 13.254 ms - 164[39m
[32m[39m
2025-11-23 12:50:53 [32minfo[39m [32mGET /api/v1/users/vet/assigned-farms 304 17.280 ms - -[39m
[32m[39m
2025-11-23 12:50:53 [32minfo[39m [32mGET /api/v1/notifications 200 11.497 ms - 164[39m
[32m[39m
2025-11-23 12:51:38 [32minfo[39m [32mPOST /api/v1/auth/vet-login 200 164.140 ms - 617[39m
[32m[39m
2025-11-23 12:51:40 [32minfo[39m [32mGET /api/v1/notifications 304 7.398 ms - -[39m
[32m[39m
2025-11-23 12:51:41 [32minfo[39m [32mGET /api/v1/tasks/my-tasks 304 18.354 ms - -[39m
[32m[39m
2025-11-23 12:51:45 [32minfo[39m [32mGET /api/v1/users/vet/assigned-farms 304 12.244 ms - -[39m
[32m[39m
2025-11-23 12:52:11 [32minfo[39m [32mGET /api/v1/notifications 304 9.508 ms - -[39m
[32m[39m
2025-11-23 12:52:53 [32minfo[39m [32mPOST /api/v1/auth/vet-login 200 221.430 ms - 617[39m
[32m[39m
2025-11-23 12:52:55 [32minfo[39m [32mGET /api/v1/notifications 200 8.341 ms - 164[39m
[32m[39m
2025-11-23 12:52:57 [32minfo[39m [32mGET /api/v1/tasks/my-tasks 304 15.157 ms - -[39m
[32m[39m
2025-11-23 12:52:58 [32minfo[39m [32mGET /api/v1/users/vet/assigned-farms 304 10.877 ms - -[39m
[32m[39m
2025-11-23 12:53:34 [32minfo[39m [32mPOST /api/v1/auth/vet-login 200 164.292 ms - 617[39m
[32m[39m
2025-11-23 12:53:36 [32minfo[39m [32mGET /api/v1/notifications 304 9.382 ms - -[39m
[32m[39m
2025-11-23 12:53:38 [32minfo[39m [32mGET /api/v1/tasks/my-tasks 304 12.021 ms - -[39m
[32m[39m
2025-11-23 12:53:43 [32minfo[39m [32mGET /api/v1/users/vet/assigned-farms 304 9.202 ms - -[39m
[32m[39m
2025-11-23 12:54:30 [32minfo[39m [32mPOST /api/v1/auth/vet-login 200 222.153 ms - 617[39m
[32m[39m
2025-11-23 12:54:32 [32minfo[39m [32mGET /api/v1/notifications 304 100.018 ms - -[39m
[32m[39m
2025-11-23 12:54:33 [32minfo[39m [32mGET /api/v1/tasks/my-tasks 304 16.143 ms - -[39m
[32m[39m
2025-11-23 12:54:38 [32minfo[39m [32mGET /api/v1/users/vet/assigned-farms 304 15.716 ms - -[39m
[32m[39m
2025-11-23 12:54:45 [32minfo[39m [32mGET /api/v1/users/vet/farms/cmi9quy0w0002t1i42v34y0q8 304 89.719 ms - -[39m
[32m[39m
2025-11-23 12:54:46 [32minfo[39m [32mGET /api/v1/livestock?page=1&limit=60 304 40.586 ms - -[39m
[32m[39m
2025-11-23 12:54:47 [32minfo[39m [32mGET /api/v1/users/vet/assigned-farms 304 18.071 ms - -[39m
[32m[39m
2025-11-23 12:54:47 [32minfo[39m [32mGET /api/v1/tasks/my-tasks?page=1&limit=10 304 15.236 ms - -[39m
[32m[39m
2025-11-23 12:55:02 [32minfo[39m [32mGET /api/v1/notifications 304 17.171 ms - -[39m
[32m[39m
2025-11-23 12:55:32 [32minfo[39m [32mGET /api/v1/notifications 200 157.899 ms - 164[39m
[32m[39m
2025-11-23 12:55:44 [32minfo[39m [32mGET /api/v1/tasks/my-tasks 304 55.456 ms - -[39m
[32m[39m
2025-11-23 12:55:46 [32minfo[39m [32mGET /api/v1/users/vet/assigned-farms 304 76.980 ms - -[39m
[32m[39m
2025-11-23 12:55:51 [32minfo[39m [32mGET /api/v1/users/vet/assigned-farms 304 132.990 ms - -[39m
[32m[39m
2025-11-23 12:55:56 [32minfo[39m [32mGET /api/v1/users/vet/farms/cmi9quy0w0002t1i42v34y0q8 304 784.851 ms - -[39m
[32m[39m
2025-11-23 12:55:57 [32minfo[39m [32mGET /api/v1/livestock?page=1&limit=60 304 142.517 ms - -[39m
[32m[39m
2025-11-23 12:55:58 [32minfo[39m [32mGET /api/v1/tasks/my-tasks?page=1&limit=10 304 256.883 ms - -[39m
[32m[39m
2025-11-23 12:56:03 [32minfo[39m [32mGET /api/v1/notifications 200 32.951 ms - 164[39m
[32m[39m
2025-11-23 12:56:08 [32minfo[39m [32mGET /api/v1/livestock/cmi9quze7000ot1i4xwx1pqfi/activity-timeline 200 564.587 ms - 2024[39m
[32m[39m
2025-11-23 12:56:08 [32minfo[39m [32mGET /api/v1/livestock/cmi9quze7000ot1i4xwx1pqfi/health-history 200 67.454 ms - 962[39m
[32m[39m
2025-11-23 12:56:14 [32minfo[39m [32mGET /api/v1/livestock/cmi9quze7000ot1i4xwx1pqfi/activity-timeline 304 27.481 ms - -[39m
[32m[39m
2025-11-23 12:56:31 [32minfo[39m [32mGET /api/v1/users/vet/farms/cmi9quy0w0002t1i42v34y0q8 304 105.219 ms - -[39m
[32m[39m
2025-11-23 12:56:32 [32minfo[39m [32mGET /api/v1/livestock?page=1&limit=60 304 34.865 ms - -[39m
[32m[39m
2025-11-23 12:56:32 [32minfo[39m [32mGET /api/v1/tasks/my-tasks?page=1&limit=10 304 16.864 ms - -[39m
[32m[39m
2025-11-23 12:56:33 [32minfo[39m [32mGET /api/v1/notifications 200 8.953 ms - 164[39m
[32m[39m
2025-11-23 12:57:03 [32minfo[39m [32mGET /api/v1/notifications 200 40.686 ms - 164[39m
[32m[39m
2025-11-23 12:57:33 [32minfo[39m [32mGET /api/v1/notifications 200 12.566 ms - 164[39m
[32m[39m
2025-11-23 12:58:03 [32minfo[39m [32mGET /api/v1/notifications 200 8.525 ms - 164[39m
[32m[39m
2025-11-23 12:58:22 [32minfo[39m [32mGET /api/v1/livestock/cmi9quze7000ot1i4xwx1pqfi/activity-timeline 304 114.107 ms - -[39m
[32m[39m
2025-11-23 12:58:22 [32minfo[39m [32mGET /api/v1/livestock/cmi9quze7000ot1i4xwx1pqfi/health-history 304 14.894 ms - -[39m
[32m[39m
2025-11-23 12:58:26 [32minfo[39m [32mGET /api/v1/users/vet/farms/cmi9quy0w0002t1i42v34y0q8 304 92.229 ms - -[39m
[32m[39m
2025-11-23 12:58:27 [32minfo[39m [32mGET /api/v1/users/vet/assigned-farms 304 65.077 ms - -[39m
[32m[39m
2025-11-23 12:58:29 [32minfo[39m [32mGET /api/v1/livestock?page=1&limit=60 200 34.517 ms - 67623[39m
[32m[39m
2025-11-23 12:58:29 [32minfo[39m [32mGET /api/v1/tasks/my-tasks?page=1&limit=10 200 10.387 ms - 7356[39m
[32m[39m
2025-11-23 12:58:29 [32minfo[39m [32mPOST /api/v1/auth/vet-login 200 143.474 ms - 617[39m
[32m[39m
2025-11-23 12:58:30 [32minfo[39m [32mGET /api/v1/tasks/my-tasks 304 10.303 ms - -[39m
[32m[39m
2025-11-23 12:58:30 [32minfo[39m [32mGET /api/v1/notifications 304 9.078 ms - -[39m
[32m[39m
2025-11-23 12:58:32 [32minfo[39m [32mGET /api/v1/notifications 200 10.025 ms - 164[39m
[32m[39m
2025-11-23 12:58:33 [32minfo[39m [32mGET /api/v1/users/vet/assigned-farms 304 10.638 ms - -[39m
[32m[39m
2025-11-23 12:58:53 [32minfo[39m [32mGET /api/v1/users/vet/assigned-farms 304 209.231 ms - -[39m
[32m[39m
2025-11-23 12:58:58 [32minfo[39m [32mGET /api/v1/users/vet/assigned-farms 304 23.787 ms - -[39m
[32m[39m
2025-11-23 12:59:00 [32minfo[39m [32mGET /api/v1/notifications 304 71.813 ms - -[39m
[32m[39m
2025-11-23 12:59:02 [32minfo[39m [32mGET /api/v1/users/vet/assigned-farms 304 17.611 ms - -[39m
[32m[39m
2025-11-23 12:59:03 [32minfo[39m [32mGET /api/v1/notifications 200 13.334 ms - 164[39m
[32m[39m
2025-11-23 12:59:30 [32minfo[39m [32mGET /api/v1/notifications 304 8.763 ms - -[39m
[32m[39m
2025-11-23 12:59:32 [32minfo[39m [32mGET /api/v1/notifications 200 86.902 ms - 164[39m
[32m[39m
2025-11-23 13:00:00 [32minfo[39m [32mGET /api/v1/notifications 304 109.340 ms - -[39m
[32m[39m
2025-11-23 13:00:03 [32minfo[39m [32mGET /api/v1/notifications 200 8.582 ms - 164[39m
[32m[39m
2025-11-23 13:00:34 [32minfo[39m [32mGET /api/v1/notifications 200 8.603 ms - 164[39m
[32m[39m
2025-11-23 13:01:03 [32minfo[39m [32mGET /api/v1/notifications 200 7.732 ms - 164[39m
[32m[39m
2025-11-23 13:01:33 [32minfo[39m [32mGET /api/v1/notifications 200 11.072 ms - 164[39m
[32m[39m
2025-11-23 13:02:03 [32minfo[39m [32mGET /api/v1/notifications 200 7.947 ms - 164[39m
[32m[39m
2025-11-23 13:02:32 [32minfo[39m [32mGET /api/v1/notifications 200 8.401 ms - 164[39m
[32m[39m
2025-11-23 13:03:03 [32minfo[39m [32mGET /api/v1/notifications 200 8.548 ms - 164[39m
[32m[39m
2025-11-23 13:03:33 [32minfo[39m [32mGET /api/v1/notifications 200 85.023 ms - 164[39m
[32m[39m
2025-11-23 13:04:03 [32minfo[39m [32mGET /api/v1/notifications 200 16.634 ms - 164[39m
[32m[39m
2025-11-23 13:04:33 [32minfo[39m [32mGET /api/v1/notifications 200 188.912 ms - 164[39m
[32m[39m
2025-11-23 13:05:03 [32minfo[39m [32mGET /api/v1/notifications 200 90.702 ms - 164[39m
[32m[39m
2025-11-23 13:05:33 [32minfo[39m [32mGET /api/v1/notifications 200 12.281 ms - 164[39m
[32m[39m
2025-11-23 13:06:02 [32minfo[39m [32mGET /api/v1/notifications 200 77.553 ms - 164[39m
[32m[39m
2025-11-23 13:06:32 [32minfo[39m [32mGET /api/v1/notifications 200 21.809 ms - 164[39m
[32m[39m
2025-11-23 13:07:03 [32minfo[39m [32mGET /api/v1/notifications 200 7.964 ms - 164[39m
[32m[39m
2025-11-23 13:07:35 [32minfo[39m [32mGET /api/v1/notifications 200 16.994 ms - 164[39m
[32m[39m
2025-11-23 13:08:03 [32minfo[39m [32mGET /api/v1/notifications 200 8.339 ms - 164[39m
[32m[39m
2025-11-23 13:08:34 [32minfo[39m [32mGET /api/v1/notifications 200 191.280 ms - 164[39m
[32m[39m
2025-11-23 13:09:06 [32minfo[39m [32mGET /api/v1/notifications 200 699.359 ms - 164[39m
[32m[39m
2025-11-23 13:09:33 [32minfo[39m [32mGET /api/v1/notifications 200 206.367 ms - 164[39m
[32m[39m
2025-11-23 13:10:02 [32minfo[39m [32mGET /api/v1/notifications 200 9.164 ms - 164[39m
[32m[39m
2025-11-23 13:10:33 [32minfo[39m [32mGET /api/v1/notifications 200 83.502 ms - 164[39m
[32m[39m
2025-11-23 13:11:04 [32minfo[39m [32mGET /api/v1/notifications 200 21.258 ms - 164[39m
[32m[39m
2025-11-23 13:11:33 [32minfo[39m [32mGET /api/v1/notifications 200 11.006 ms - 164[39m
[32m[39m
2025-11-23 13:12:03 [32minfo[39m [32mGET /api/v1/notifications 200 8.859 ms - 164[39m
[32m[39m
2025-11-23 13:12:33 [32minfo[39m [32mGET /api/v1/notifications 200 13.591 ms - 164[39m
[32m[39m
2025-11-23 13:13:03 [32minfo[39m [32mGET /api/v1/notifications 200 9.679 ms - 164[39m
[32m[39m
2025-11-23 13:14:13 [32minfo[39m [32mPOST /api/v1/auth/vet-login 200 145.079 ms - 617[39m
[32m[39m
2025-11-23 13:14:16 [32minfo[39m [32mGET /api/v1/notifications 200 12.294 ms - 164[39m
[32m[39m
2025-11-23 13:14:16 [32minfo[39m [32mGET /api/v1/tasks/my-tasks 304 17.692 ms - -[39m
[32m[39m
2025-11-23 13:14:22 [32minfo[39m [32mGET /api/v1/users/vet/assigned-farms 304 14.354 ms - -[39m
[32m[39m
2025-11-23 13:14:45 [32minfo[39m [32mGET /api/v1/notifications 304 231.315 ms - -[39m
[32m[39m
2025-11-23 13:15:14 [32minfo[39m [32mGET /api/v1/notifications 200 13.060 ms - 164[39m
[32m[39m
2025-11-23 13:15:46 [32minfo[39m [32mGET /api/v1/notifications 200 106.127 ms - 164[39m
[32m[39m
2025-11-23 13:16:17 [32minfo[39m [32mGET /api/v1/notifications 200 11.821 ms - 164[39m
[32m[39m
2025-11-23 13:16:46 [32minfo[39m [32mGET /api/v1/notifications 200 107.756 ms - 164[39m
[32m[39m
2025-11-23 13:17:14 [32minfo[39m [32mGET /api/v1/notifications 200 12.310 ms - 164[39m
[32m[39m
2025-11-23 13:17:47 [32minfo[39m [32mGET /api/v1/notifications 200 9.604 ms - 164[39m
[32m[39m
2025-11-23 13:18:16 [32minfo[39m [32mGET /api/v1/notifications 200 12.922 ms - 164[39m
[32m[39m
2025-11-23 13:18:46 [32minfo[39m [32mGET /api/v1/notifications 200 12.432 ms - 164[39m
[32m[39m
2025-11-23 13:19:16 [32minfo[39m [32mGET /api/v1/notifications 200 96.039 ms - 164[39m
[32m[39m
2025-11-23 13:19:44 [32minfo[39m [32mGET /api/v1/notifications 200 14.884 ms - 164[39m
[32m[39m
2025-11-23 13:20:15 [32minfo[39m [32mGET /api/v1/notifications 200 106.639 ms - 164[39m
[32m[39m
2025-11-23 13:20:46 [32minfo[39m [32mGET /api/v1/notifications 200 29.650 ms - 164[39m
[32m[39m
2025-11-23 13:21:16 [32minfo[39m [32mGET /api/v1/notifications 200 14.341 ms - 164[39m
[32m[39m
2025-11-23 13:21:46 [32minfo[39m [32mGET /api/v1/notifications 200 14.538 ms - 164[39m
[32m[39m
2025-11-23 13:22:16 [32minfo[39m [32mGET /api/v1/notifications 200 15.076 ms - 164[39m
[32m[39m
2025-11-23 13:22:42 [32minfo[39m [32mGET /api/v1/notifications 304 12.109 ms - -[39m
[32m[39m
2025-11-23 13:23:09 [32minfo[39m [32mGET /api/v1/notifications 304 16.401 ms - -[39m
[32m[39m
2025-11-23 13:23:20 [32minfo[39m [32mPOST /api/v1/auth/vet-login 200 146.849 ms - 617[39m
[32m[39m
2025-11-23 13:23:23 [32minfo[39m [32mGET /api/v1/notifications 200 22.277 ms - 164[39m
[32m[39m
2025-11-23 13:23:23 [32minfo[39m [32mGET /api/v1/tasks/my-tasks 304 16.246 ms - -[39m
[32m[39m
2025-11-23 13:23:39 [32minfo[39m [32mGET /api/v1/notifications 304 19.468 ms - -[39m
[32m[39m
2025-11-23 13:23:39 [32minfo[39m [32mGET /api/v1/users/vet/assigned-farms 304 23.895 ms - -[39m
[32m[39m
2025-11-23 13:23:52 [32minfo[39m [32mGET /api/v1/notifications 304 9.372 ms - -[39m
[32m[39m
2025-11-23 13:24:02 [32minfo[39m [32mGET /api/v1/users/vet/assigned-farms 304 14.050 ms - -[39m
[32m[39m
2025-11-23 13:24:09 [32minfo[39m [32mGET /api/v1/notifications 304 8.521 ms - -[39m
[32m[39m
2025-11-23 13:24:11 [32minfo[39m [32mGET /api/v1/tasks/my-tasks 304 19.776 ms - -[39m
[32m[39m
2025-11-23 13:24:14 [32minfo[39m [32mGET /api/v1/users/vet/assigned-farms 304 14.795 ms - -[39m
[32m[39m
2025-11-23 13:24:21 [32minfo[39m [32mGET /api/v1/notifications 200 241.406 ms - 164[39m
[32m[39m
2025-11-23 13:24:41 [32minfo[39m [32mGET /api/v1/notifications 304 666.725 ms - -[39m
[32m[39m
2025-11-23 13:24:52 [32minfo[39m [32mGET /api/v1/notifications 200 12.537 ms - 164[39m
[32m[39m
2025-11-23 13:25:59 [32minfo[39m [32mPOST /api/v1/auth/vet-login 200 167.389 ms - 617[39m
[32m[39m
2025-11-23 13:26:02 [32minfo[39m [32mGET /api/v1/tasks/my-tasks 304 102.386 ms - -[39m
[32m[39m
2025-11-23 13:26:02 [32minfo[39m [32mGET /api/v1/notifications 200 90.657 ms - 164[39m
[32m[39m
2025-11-23 13:26:31 [32minfo[39m [32mGET /api/v1/notifications 304 15.639 ms - -[39m
[32m[39m
2025-11-23 13:26:36 [32minfo[39m [32mGET /api/v1/users/vet/assigned-farms 304 12.296 ms - -[39m
[32m[39m
2025-11-23 15:14:27 [32minfo[39m [32mGET /api/v1/notifications 401 15.580 ms - 64[39m
[32m[39m
2025-11-23 15:15:33 [31merror[39m [31mInvalid credentials Invalid credentials[39m
2025-11-23 15:15:33 [32minfo[39m [32mPOST /api/v1/auth/vet-login 400 186.701 ms - 47[39m
[32m[39m
2025-11-23 15:15:48 [32minfo[39m [32mPOST /api/v1/auth/vet-login 200 138.704 ms - 617[39m
[32m[39m
2025-11-23 15:15:50 [32minfo[39m [32mGET /api/v1/notifications 200 115.540 ms - 164[39m
[32m[39m
2025-11-23 15:15:51 [32minfo[39m [32mGET /api/v1/tasks/my-tasks 304 20.950 ms - -[39m
[32m[39m
2025-11-23 15:16:06 [32minfo[39m [32mGET /api/v1/users/vet/assigned-farms 304 20.936 ms - -[39m
[32m[39m
2025-11-23 15:16:21 [32minfo[39m [32mGET /api/v1/notifications 304 8.873 ms - -[39m
[32m[39m
2025-11-23 15:16:52 [32minfo[39m [32mGET /api/v1/notifications 304 570.502 ms - -[39m
[32m[39m
2025-11-23 15:17:21 [32minfo[39m [32mGET /api/v1/notifications 200 14.443 ms - 164[39m
[32m[39m
2025-11-23 15:17:52 [32minfo[39m [32mGET /api/v1/notifications 200 18.499 ms - 164[39m
[32m[39m
2025-11-23 15:18:21 [32minfo[39m [32mGET /api/v1/notifications 200 16.286 ms - 164[39m
[32m[39m
2025-11-23 15:18:50 [32minfo[39m [32mGET /api/v1/notifications 200 14.450 ms - 164[39m
[32m[39m
2025-11-23 15:19:23 [32minfo[39m [32mGET /api/v1/notifications 200 221.153 ms - 164[39m
[32m[39m
2025-11-23 15:20:00 [32minfo[39m [32mGET /api/v1/notifications 200 524.796 ms - 164[39m
[32m[39m
2025-11-23 15:20:47 [32minfo[39m [32mPOST /api/v1/auth/vet-login 200 211.451 ms - 617[39m
[32m[39m
2025-11-23 15:20:51 [32minfo[39m [32mGET /api/v1/tasks/my-tasks 304 149.560 ms - -[39m
[32m[39m
2025-11-23 15:20:51 [32minfo[39m [32mGET /api/v1/notifications 200 366.442 ms - 164[39m
[32m[39m
2025-11-23 15:21:19 [32minfo[39m [32mGET /api/v1/users/vet/assigned-farms 200 17.263 ms - 886[39m
[32m[39m
2025-11-23 15:21:20 [32minfo[39m [32mGET /api/v1/notifications 304 14.010 ms - -[39m
[32m[39m
2025-11-23 15:21:49 [32minfo[39m [32mGET /api/v1/notifications 200 18.057 ms - 164[39m
[32m[39m
2025-11-23 15:22:20 [32minfo[39m [32mGET /api/v1/notifications 200 16.065 ms - 164[39m
[32m[39m
2025-11-23 15:22:38 [32minfo[39m [32mPOST /api/v1/auth/vet-login 200 167.933 ms - 617[39m
[32m[39m
2025-11-23 15:22:40 [32minfo[39m [32mGET /api/v1/notifications 304 9.169 ms - -[39m
[32m[39m
2025-11-23 15:22:40 [32minfo[39m [32mGET /api/v1/tasks/my-tasks 304 20.838 ms - -[39m
[32m[39m
2025-11-23 15:22:44 [32minfo[39m [32mGET /api/v1/users/vet/assigned-farms 304 8.526 ms - -[39m
[32m[39m
2025-11-23 15:22:49 [32minfo[39m [32mGET /api/v1/notifications 200 14.044 ms - 164[39m
[32m[39m
2025-11-23 15:23:09 [32minfo[39m [32mGET /api/v1/notifications 304 323.530 ms - -[39m
[32m[39m
2025-11-23 15:23:20 [32minfo[39m [32mGET /api/v1/notifications 200 627.719 ms - 164[39m
[32m[39m
2025-11-23 15:23:40 [32minfo[39m [32mGET /api/v1/notifications 304 110.714 ms - -[39m
[32m[39m
2025-11-23 15:23:49 [32minfo[39m [32mGET /api/v1/notifications 200 293.750 ms - 164[39m
[32m[39m
2025-11-23 15:24:09 [32minfo[39m [32mGET /api/v1/notifications 304 7.620 ms - -[39m
[32m[39m
2025-11-23 15:24:10 [32minfo[39m [32mGET /api/v1/users/vet/assigned-farms 304 27.464 ms - -[39m
[32m[39m
2025-11-23 15:24:19 [32minfo[39m [32mGET /api/v1/notifications 200 20.015 ms - 164[39m
[32m[39m
2025-11-23 15:24:50 [32minfo[39m [32mGET /api/v1/notifications 200 42.578 ms - 164[39m
[32m[39m
2025-11-23 15:25:19 [32minfo[39m [32mGET /api/v1/notifications 200 21.932 ms - 164[39m
[32m[39m
2025-11-23 15:25:51 [32minfo[39m [32mGET /api/v1/notifications 200 11.158 ms - 164[39m
[32m[39m
2025-11-23 15:26:03 [32minfo[39m [32mGET /api/v1/notifications 200 179.529 ms - 164[39m
[32m[39m
2025-11-23 15:26:06 [32minfo[39m [32mGET /api/v1/users/vet/assigned-farms 200 15.978 ms - 886[39m
[32m[39m
2025-11-23 15:26:21 [32minfo[39m [32mGET /api/v1/notifications 200 585.596 ms - 164[39m
[32m[39m
2025-11-23 15:26:31 [32minfo[39m [32mGET /api/v1/notifications 304 55.837 ms - -[39m
[32m[39m
2025-11-23 15:26:50 [32minfo[39m [32mGET /api/v1/notifications 200 14.371 ms - 164[39m
[32m[39m
2025-11-23 15:26:59 [32minfo[39m [32mGET /api/v1/notifications 304 81.380 ms - -[39m
[32m[39m
2025-11-23 15:27:19 [32minfo[39m [32mGET /api/v1/notifications 200 33.386 ms - 164[39m
[32m[39m
2025-11-23 15:27:32 [32minfo[39m [32mGET /api/v1/notifications 304 6.641 ms - -[39m
[32m[39m
2025-11-23 15:27:49 [32minfo[39m [32mGET /api/v1/notifications 200 17.246 ms - 164[39m
[32m[39m
2025-11-23 15:28:01 [32minfo[39m [32mGET /api/v1/notifications 304 20.116 ms - -[39m
[32m[39m
2025-11-23 15:28:21 [32minfo[39m [32mGET /api/v1/notifications 200 59.436 ms - 164[39m
[32m[39m
2025-11-23 15:29:13 [32minfo[39m [32mPOST /api/v1/auth/vet-login 200 115.605 ms - 617[39m
[32m[39m
2025-11-23 15:29:16 [32minfo[39m [32mGET /api/v1/notifications 200 7.674 ms - 164[39m
[32m[39m
2025-11-23 15:29:16 [32minfo[39m [32mGET /api/v1/tasks/my-tasks 304 12.436 ms - -[39m
[32m[39m
2025-11-23 15:29:31 [32minfo[39m [32mPOST /api/v1/auth/vet-login 200 143.974 ms - 617[39m
[32m[39m
2025-11-23 15:29:33 [32minfo[39m [32mGET /api/v1/tasks/my-tasks 304 22.165 ms - -[39m
[32m[39m
2025-11-23 15:29:33 [32minfo[39m [32mGET /api/v1/notifications 304 7.967 ms - -[39m
[32m[39m
2025-11-23 15:29:36 [32minfo[39m [32mGET /api/v1/users/vet/assigned-farms 304 11.756 ms - -[39m
[32m[39m
2025-11-23 15:29:44 [32minfo[39m [32mGET /api/v1/notifications 304 15.273 ms - -[39m
[32m[39m
2025-11-23 15:29:47 [32minfo[39m [32mGET /api/v1/users/vet/assigned-farms 304 9.941 ms - -[39m
[32m[39m
2025-11-23 15:30:03 [32minfo[39m [32mGET /api/v1/notifications 304 12.178 ms - -[39m
[32m[39m
2025-11-23 15:30:13 [32minfo[39m [32mGET /api/v1/users/vet/assigned-farms 304 135.643 ms - -[39m
[32m[39m
2025-11-23 15:30:14 [32minfo[39m [32mGET /api/v1/notifications 200 91.484 ms - 164[39m
[32m[39m
2025-11-23 15:30:19 [32minfo[39m [32mGET /api/v1/users/vet/assigned-farms 304 56.619 ms - -[39m
[32m[39m
2025-11-23 15:30:32 [32minfo[39m [32mGET /api/v1/notifications 304 14.726 ms - -[39m
[32m[39m
2025-11-23 15:30:44 [32minfo[39m [32mGET /api/v1/notifications 200 16.830 ms - 164[39m
[32m[39m
2025-11-23 15:31:03 [32minfo[39m [32mGET /api/v1/notifications 304 248.551 ms - -[39m
[32m[39m
2025-11-23 15:31:14 [32minfo[39m [32mGET /api/v1/users/vet/assigned-farms 304 72.424 ms - -[39m
[32m[39m
2025-11-23 15:31:14 [32minfo[39m [32mGET /api/v1/notifications 200 24.855 ms - 164[39m
[32m[39m
2025-11-23 15:31:21 [32minfo[39m [32mGET /api/v1/users/vet/assigned-farms 304 438.774 ms - -[39m
[32m[39m
2025-11-23 15:31:23 [32minfo[39m [32mGET /api/v1/users/vet/assigned-farms 304 606.418 ms - -[39m
[32m[39m
2025-11-23 15:31:55 [32minfo[39m [32mPOST /api/v1/auth/vet-login 200 117.239 ms - 617[39m
[32m[39m
2025-11-23 15:31:57 [32minfo[39m [32mGET /api/v1/notifications 200 16.986 ms - 164[39m
[32m[39m
2025-11-23 15:31:58 [32minfo[39m [32mGET /api/v1/tasks/my-tasks 304 21.384 ms - -[39m
[32m[39m
2025-11-23 15:32:03 [32minfo[39m [32mGET /api/v1/users/vet/assigned-farms 304 12.705 ms - -[39m
[32m[39m
2025-11-23 15:32:41 [31merror[39m [31mInvalid credentials Invalid credentials[39m
2025-11-23 15:32:41 [32minfo[39m [32mPOST /api/v1/auth/vet-login 400 108.874 ms - 47[39m
[32m[39m
2025-11-23 15:32:44 [32minfo[39m [32mPOST /api/v1/auth/vet-login 200 114.138 ms - 617[39m
[32m[39m
2025-11-23 15:32:46 [32minfo[39m [32mGET /api/v1/tasks/my-tasks 304 14.507 ms - -[39m
[32m[39m
2025-11-23 15:32:47 [32minfo[39m [32mGET /api/v1/users/vet/assigned-farms 304 9.035 ms - -[39m
[32m[39m
2025-11-23 15:32:47 [32minfo[39m [32mGET /api/v1/notifications 304 7.093 ms - -[39m
[32m[39m
2025-11-23 15:33:16 [32minfo[39m [32mGET /api/v1/notifications 304 748.627 ms - -[39m
[32m[39m
2025-11-23 15:33:47 [32minfo[39m [32mGET /api/v1/notifications 200 68.073 ms - 164[39m
[32m[39m
2025-11-23 15:34:17 [32minfo[39m [32mGET /api/v1/notifications 200 657.008 ms - 164[39m
[32m[39m
2025-11-23 15:36:01 [32minfo[39m [32mGET /api/v1/notifications 200 14.704 ms - 164[39m
[32m[39m
2025-11-23 15:38:26 [32minfo[39m [32mPOST /api/v1/auth/vet-login 200 128.041 ms - 617[39m
[32m[39m
2025-11-23 15:38:29 [32minfo[39m [32mGET /api/v1/notifications 200 190.484 ms - 164[39m
[32m[39m
2025-11-23 15:38:29 [32minfo[39m [32mGET /api/v1/tasks/my-tasks 304 18.423 ms - -[39m
[32m[39m
2025-11-23 15:38:37 [32minfo[39m [32mGET /api/v1/users/vet/assigned-farms 304 17.398 ms - -[39m
[32m[39m
2025-11-23 15:38:57 [32minfo[39m [32mGET /api/v1/notifications 304 9.966 ms - -[39m
[32m[39m
2025-11-23 15:39:08 [32minfo[39m [32mPOST /api/v1/auth/vet-login 200 116.276 ms - 617[39m
[32m[39m
2025-11-23 15:39:09 [32minfo[39m [32mGET /api/v1/tasks/my-tasks 304 12.151 ms - -[39m
[32m[39m
2025-11-23 15:39:10 [32minfo[39m [32mGET /api/v1/notifications 304 7.533 ms - -[39m
[32m[39m
2025-11-23 15:39:12 [32minfo[39m [32mGET /api/v1/users/vet/assigned-farms 304 9.812 ms - -[39m
[32m[39m
2025-11-23 15:39:15 [32minfo[39m [32mGET /api/v1/users/vet/assigned-farms 304 17.096 ms - -[39m
[32m[39m
2025-11-23 15:39:27 [32minfo[39m [32mGET /api/v1/notifications 200 7.845 ms - 164[39m
[32m[39m
2025-11-23 15:39:29 [32minfo[39m [32mGET /api/v1/users/vet/assigned-farms 304 10.761 ms - -[39m
[32m[39m
2025-11-23 15:39:30 [32minfo[39m [32mGET /api/v1/tasks/my-tasks 304 16.882 ms - -[39m
[32m[39m
2025-11-23 15:39:37 [32minfo[39m [32mGET /api/v1/users/vet/assigned-farms 304 9.412 ms - -[39m
[32m[39m
2025-11-23 15:39:39 [32minfo[39m [32mGET /api/v1/notifications 304 7.263 ms - -[39m
[32m[39m
2025-11-23 15:39:53 [32minfo[39m [32mGET /api/v1/users/vet/assigned-farms 304 8.497 ms - -[39m
[32m[39m
2025-11-23 15:39:57 [32minfo[39m [32mGET /api/v1/notifications 304 8.776 ms - -[39m
[32m[39m
2025-11-23 15:40:09 [32minfo[39m [32mGET /api/v1/notifications 304 7.765 ms - -[39m
[32m[39m
2025-11-23 15:40:27 [32minfo[39m [32mGET /api/v1/notifications 200 25.567 ms - 164[39m
[32m[39m
2025-11-23 15:40:38 [32minfo[39m [32mGET /api/v1/users/vet/assigned-farms 304 9.014 ms - -[39m
[32m[39m
2025-11-23 15:40:39 [32minfo[39m [32mGET /api/v1/notifications 304 9.842 ms - -[39m
[32m[39m
2025-11-23 15:40:58 [32minfo[39m [32mGET /api/v1/notifications 200 20.861 ms - 164[39m
[32m[39m
2025-11-23 15:41:02 [32minfo[39m [32mGET /api/v1/users/vet/assigned-farms 304 56.811 ms - -[39m
[32m[39m
2025-11-23 15:41:06 [32minfo[39m [32mGET /api/v1/users/vet/assigned-farms 304 8.322 ms - -[39m
[32m[39m
2025-11-23 15:41:09 [32minfo[39m [32mGET /api/v1/notifications 304 6.394 ms - -[39m
[32m[39m
2025-11-23 15:41:28 [32minfo[39m [32mGET /api/v1/notifications 200 533.908 ms - 164[39m
[32m[39m
2025-11-23 15:41:40 [32minfo[39m [32mGET /api/v1/notifications 304 15.464 ms - -[39m
[32m[39m
2025-11-23 15:41:59 [32minfo[39m [32mGET /api/v1/notifications 200 19.830 ms - 164[39m
[32m[39m
2025-11-23 15:42:10 [32minfo[39m [32mGET /api/v1/notifications 304 16.289 ms - -[39m
[32m[39m
2025-11-23 15:42:21 [32minfo[39m [32mGET /api/v1/users/vet/farms/cmi9quyh00009t1i4ynm1n7gj 200 87.236 ms - 9525[39m
[32m[39m
2025-11-23 15:42:24 [32minfo[39m [32mGET /api/v1/livestock?page=1&limit=60 304 30.276 ms - -[39m
[32m[39m
2025-11-23 15:42:24 [32minfo[39m [32mGET /api/v1/tasks/my-tasks?page=1&limit=10 304 9.512 ms - -[39m
[32m[39m
2025-11-23 15:42:28 [32minfo[39m [32mGET /api/v1/notifications 200 7.616 ms - 164[39m
[32m[39m
2025-11-23 15:42:37 [32minfo[39m [32mGET /api/v1/livestock/cmi9quzg9001st1i42bdjo2fw/health-history 200 29.395 ms - 3155[39m
[32m[39m
2025-11-23 15:42:38 [32minfo[39m [32mGET /api/v1/livestock/cmi9quzg9001st1i42bdjo2fw/activity-timeline 200 135.693 ms - 7645[39m
[32m[39m
2025-11-23 15:42:39 [32minfo[39m [32mGET /api/v1/notifications 304 16.032 ms - -[39m
[32m[39m
2025-11-23 15:42:44 [32minfo[39m [32mGET /api/v1/livestock/cmi9quzg9001st1i42bdjo2fw/activity-timeline 304 30.014 ms - -[39m
[32m[39m
2025-11-23 15:42:59 [32minfo[39m [32mGET /api/v1/notifications 200 46.000 ms - 164[39m
[32m[39m
2025-11-23 15:43:10 [32minfo[39m [32mGET /api/v1/notifications 304 9.031 ms - -[39m
[32m[39m
2025-11-23 15:43:13 [32minfo[39m [32mGET /api/v1/appointments 304 185.703 ms - -[39m
[32m[39m
2025-11-23 15:43:27 [32minfo[39m [32mGET /api/v1/notifications 200 13.055 ms - 164[39m
[32m[39m
2025-11-23 15:47:23 [32minfo[39m [32mGET /api/v1/notifications 304 15.952 ms - -[39m
[32m[39m
2025-11-23 15:47:40 [32minfo[39m [32mPOST /api/v1/auth/vet-login 200 201.573 ms - 617[39m
[32m[39m
2025-11-23 15:47:40 [32minfo[39m [32mGET /api/v1/users/vet/assigned-farms 304 12.782 ms - -[39m
[32m[39m
2025-11-23 15:47:42 [32minfo[39m [32mGET /api/v1/users/vet/assigned-farms 304 8.990 ms - -[39m
[32m[39m
2025-11-23 15:47:43 [32minfo[39m [32mGET /api/v1/notifications 304 78.974 ms - -[39m
[32m[39m
2025-11-23 15:47:43 [32minfo[39m [32mGET /api/v1/tasks/my-tasks 304 17.415 ms - -[39m
[32m[39m
2025-11-23 15:47:46 [32minfo[39m [32mGET /api/v1/users/vet/assigned-farms 304 9.784 ms - -[39m
[32m[39m
2025-11-23 15:47:53 [32minfo[39m [32mGET /api/v1/notifications 304 8.281 ms - -[39m
[32m[39m
2025-11-23 15:47:58 [32minfo[39m [32mGET /api/v1/users/vet/farms/cmi9quyh00009t1i4ynm1n7gj 304 74.132 ms - -[39m
[32m[39m
2025-11-23 15:47:59 [32minfo[39m [32mGET /api/v1/tasks/my-tasks?page=1&limit=10 304 20.751 ms - -[39m
[32m[39m
2025-11-23 15:48:00 [32minfo[39m [32mGET /api/v1/livestock?page=1&limit=60 304 34.352 ms - -[39m
[32m[39m
2025-11-23 15:48:01 [32minfo[39m [32mGET /api/v1/users/vet/assigned-farms 304 7.898 ms - -[39m
[32m[39m
2025-11-23 15:48:02 [32minfo[39m [32mGET /api/v1/users/vet/farms/cmi9quy0w0002t1i42v34y0q8 200 75.928 ms - 19505[39m
[32m[39m
2025-11-23 15:48:03 [32minfo[39m [32mGET /api/v1/livestock?page=1&limit=60 304 33.822 ms - -[39m
[32m[39m
2025-11-23 15:48:03 [32minfo[39m [32mGET /api/v1/tasks/my-tasks?page=1&limit=10 304 19.089 ms - -[39m
[32m[39m
2025-11-23 15:48:12 [32minfo[39m [32mGET /api/v1/notifications 304 8.067 ms - -[39m
[32m[39m
2025-11-23 15:48:15 [32minfo[39m [32mPOST /api/v1/auth/vet-login 200 119.111 ms - 617[39m
[32m[39m
2025-11-23 15:48:16 [32minfo[39m [32mGET /api/v1/tasks/my-tasks 304 11.256 ms - -[39m
[32m[39m
2025-11-23 15:48:16 [32minfo[39m [32mGET /api/v1/notifications 304 8.428 ms - -[39m
[32m[39m
2025-11-23 15:48:19 [32minfo[39m [32mGET /api/v1/livestock/cmi9quze7000ot1i4xwx1pqfi/health-history 304 18.278 ms - -[39m
[32m[39m
2025-11-23 15:48:19 [32minfo[39m [32mGET /api/v1/livestock/cmi9quze7000ot1i4xwx1pqfi/activity-timeline 304 48.705 ms - -[39m
[32m[39m
2025-11-23 15:48:19 [32minfo[39m [32mGET /api/v1/livestock/cmi9quze7000ot1i4xwx1pqfi/health-history 304 44.971 ms - -[39m
[32m[39m
2025-11-23 15:48:20 [32minfo[39m [32mGET /api/v1/livestock/cmi9quze7000ot1i4xwx1pqfi/activity-timeline 304 147.253 ms - -[39m
[32m[39m
2025-11-23 15:48:31 [32minfo[39m [32mGET /api/v1/livestock/cmi9quze7000ot1i4xwx1pqfi/activity-timeline 304 21.544 ms - -[39m
[32m[39m
2025-11-23 15:48:42 [32minfo[39m [32mGET /api/v1/notifications 200 17.892 ms - 164[39m
[32m[39m
2025-11-23 15:48:46 [32minfo[39m [32mGET /api/v1/notifications 304 7.816 ms - -[39m
[32m[39m
2025-11-23 15:49:12 [32minfo[39m [32mGET /api/v1/notifications 200 16.175 ms - 164[39m
[32m[39m
2025-11-23 15:49:14 [32minfo[39m [32mGET /api/v1/users/vet/farms/cmi9quy0w0002t1i42v34y0q8 304 67.393 ms - -[39m
[32m[39m
2025-11-23 15:49:15 [32minfo[39m [32mGET /api/v1/livestock?page=1&limit=60 304 34.619 ms - -[39m
[32m[39m
2025-11-23 15:49:17 [32minfo[39m [32mGET /api/v1/tasks/my-tasks?page=1&limit=10 304 11.127 ms - -[39m
[32m[39m
2025-11-23 15:49:17 [32minfo[39m [32mGET /api/v1/tasks/my-tasks 304 12.708 ms - -[39m
[32m[39m
2025-11-23 15:49:17 [32minfo[39m [32mGET /api/v1/users/vet/assigned-farms 304 16.509 ms - -[39m
[32m[39m
2025-11-23 15:49:21 [32minfo[39m [32mGET /api/v1/appointments 200 8.394 ms - 2455[39m
[32m[39m
2025-11-23 15:49:27 [32minfo[39m [32mGET /api/v1/livestock/cmi9quzev0012t1i4t2fey4iz/activity-timeline 200 90.562 ms - 3233[39m
[32m[39m
2025-11-23 15:49:41 [32minfo[39m [32mGET /api/v1/notifications 304 9.186 ms - -[39m
[32m[39m
2025-11-23 15:49:43 [32minfo[39m [32mGET /api/v1/notifications 200 8.315 ms - 164[39m
[32m[39m
2025-11-23 15:49:45 [32minfo[39m [32mGET /api/v1/users/vet/assigned-farms 304 17.717 ms - -[39m
[32m[39m
2025-11-23 15:49:59 [32minfo[39m [32mGET /api/v1/tasks/my-tasks 304 12.571 ms - -[39m
[32m[39m
2025-11-23 15:50:04 [32minfo[39m [32mGET /api/v1/tasks/my-tasks 304 14.524 ms - -[39m
[32m[39m
2025-11-23 15:50:08 [32minfo[39m [32mGET /api/v1/appointments 304 7.848 ms - -[39m
[32m[39m
2025-11-23 15:50:11 [32minfo[39m [32mGET /api/v1/notifications 304 8.827 ms - -[39m
[32m[39m
2025-11-23 15:50:12 [32minfo[39m [32mGET /api/v1/notifications 200 7.278 ms - 164[39m
[32m[39m
2025-11-23 15:50:41 [32minfo[39m [32mGET /api/v1/notifications 304 8.742 ms - -[39m
[32m[39m
2025-11-23 15:50:42 [32minfo[39m [32mGET /api/v1/notifications 200 7.250 ms - 164[39m
[32m[39m
2025-11-23 15:51:12 [32minfo[39m [32mGET /api/v1/notifications 200 10.573 ms - 164[39m
[32m[39m
2025-11-23 15:51:41 [32minfo[39m [32mGET /api/v1/notifications 200 12.371 ms - 164[39m
[32m[39m
2025-11-23 15:52:12 [32minfo[39m [32mGET /api/v1/notifications 200 573.802 ms - 164[39m
[32m[39m
2025-11-23 15:52:27 [32minfo[39m [32mGET /api/v1/users/vet/assigned-farms 304 12.807 ms - -[39m
[32m[39m
2025-11-23 15:52:32 [32minfo[39m [32mGET /api/v1/users/vet/farms/cmi9quy0w0002t1i42v34y0q8 304 74.450 ms - -[39m
[32m[39m
2025-11-23 15:52:34 [32minfo[39m [32mGET /api/v1/livestock?page=1&limit=60 304 27.906 ms - -[39m
[32m[39m
2025-11-23 15:52:34 [32minfo[39m [32mGET /api/v1/tasks/my-tasks?page=1&limit=10 304 10.615 ms - -[39m
[32m[39m
2025-11-23 15:52:43 [32minfo[39m [32mGET /api/v1/notifications 200 124.958 ms - 164[39m
[32m[39m
2025-11-23 15:53:13 [32minfo[39m [32mGET /api/v1/notifications 200 17.291 ms - 164[39m
[32m[39m
2025-11-23 19:31:38 [32minfo[39m [32mPOST /api/v1/auth/forget-password 404 7.308 ms - 132[39m
[32m[39m
2025-11-23 19:32:26 [32minfo[39m [32mPOST /api/v1/auth/forgot-password 422 8.764 ms - 173[39m
[32m[39m
2025-11-23 19:33:00 [32minfo[39m [32mPOST /api/v1/auth/forgot-password 422 1.009 ms - 173[39m
[32m[39m
2025-11-23 19:33:40 [32minfo[39m [32mPOST /api/v1/auth/forgot-password 422 0.693 ms - 173[39m
[32m[39m
2025-11-23 20:41:53 [32minfo[39m [32mPOST /api/v1/auth/forgot-password 422 1.138 ms - 173[39m
[32m[39m
2025-11-23 20:47:23 [32minfo[39m [32mError sending message to vet.drbrown@animalclinic.com[39m
2025-11-23 20:47:23 [31merror[39m [31mError sending email: Invalid login: 535 Authentication failed[39m
2025-11-23 20:47:23 [32minfo[39m [32mPOST /api/v1/auth/forgot-password 200 3007.704 ms - 113[39m
[32m[39m
2025-11-23 22:04:05 [32minfo[39m [32mPOST /api/v1/auth/vet-login 200 193.791 ms - 617[39m
[32m[39m
2025-11-23 22:04:52 [32minfo[39m [32mGET /api/v1/notifications/all-notification 200 130.989 ms - 324[39m
[32m[39m
2025-11-23 22:06:58 [32minfo[39m [32mGET /api/v1/notifications/notification-settings 404 3.771 ms - 147[39m
[32m[39m
2025-11-23 22:07:06 [32minfo[39m [32mPUT /api/v1/notifications/notification-settings 200 31.081 ms - 324[39m
[32m[39m
2025-11-23 22:07:39 [32minfo[39m [32mGET /api/v1/notifications/all-notification 200 12.558 ms - 326[39m
[32m[39m
2025-11-23 22:16:52 [32minfo[39m [32mGET /api/v1/notifications/followUpReminders/toggle 404 1.091 ms - 150[39m
[32m[39m
2025-11-23 22:17:06 [32minfo[39m [32mPATCH /api/v1/notifications/followUpReminders/toggle 200 52.942 ms - 367[39m
[32m[39m
2025-11-23 22:17:21 [32minfo[39m [32mPATCH /api/v1/notifications/followUpReminders/toggle 200 17.220 ms - 364[39m
[32m[39m
2025-11-23 22:50:19 [32minfo[39m [32mPOST /api/v1/auth/forget-password 404 5.545 ms - 132[39m
[32m[39m
2025-11-23 22:51:42 [32minfo[39m [32mPOST /api/v1/auth/forget-password 404 0.904 ms - 132[39m
[32m[39m
2025-11-23 22:52:38 [32minfo[39m [32mPOST /api/v1/auth/forgot-password 422 56.645 ms - 173[39m
[32m[39m
2025-11-23 22:53:19 [32minfo[39m [32mError sending message to vet.drbrown@animalclinic.com[39m
2025-11-23 22:53:19 [31merror[39m [31mError sending email: Invalid login: 535 Authentication failed[39m
2025-11-23 22:53:19 [32minfo[39m [32mPOST /api/v1/auth/forgot-password 200 2008.496 ms - 113[39m
[32m[39m
2025-11-23 22:53:38 [32minfo[39m [32mPOST /api/v1/auth/forget-password 404 0.523 ms - 132[39m
[32m[39m
2025-11-23 22:54:06 [32minfo[39m [32mError sending message to vet.drbrown@animalclinic.com[39m
2025-11-23 22:54:06 [31merror[39m [31mError sending email: Invalid login: 535 Authentication failed[39m
2025-11-23 22:54:06 [32minfo[39m [32mPOST /api/v1/auth/forgot-password 200 1690.586 ms - 113[39m
[32m[39m
2025-11-23 23:26:32 [32minfo[39m [32mPOST /api/v1/auth/vet-login 200 268.604 ms - 617[39m
[32m[39m
2025-11-23 23:26:35 [32minfo[39m [32mGET /api/v1/notifications 200 214.952 ms - 2971[39m
[32m[39m
2025-11-23 23:26:35 [32minfo[39m [32mGET /api/v1/tasks/my-tasks 304 50.698 ms - -[39m
[32m[39m
2025-11-23 23:26:40 [32minfo[39m [32mGET /api/v1/notifications 304 11.831 ms - -[39m
[32m[39m
2025-11-23 23:26:46 [32minfo[39m [32mPATCH /api/v1/notifications/cmic6txqx000pt13gokg9qmmo/status 200 17.371 ms - 722[39m
[32m[39m
2025-11-23 23:27:01 [32minfo[39m [32mPATCH /api/v1/notifications/cmic6txqx000pt13gokg9qmmo/status 200 10.798 ms - 722[39m
[32m[39m
2025-11-23 23:27:03 [32minfo[39m [32mGET /api/v1/notifications 200 14.247 ms - 2991[39m
[32m[39m
2025-11-23 23:27:05 [32minfo[39m [32mGET /api/v1/notifications 200 9.744 ms - 2991[39m
[32m[39m
2025-11-23 23:27:14 [32minfo[39m [32mGET /api/v1/users/vet/assigned-farms 304 20.527 ms - -[39m
[32m[39m
2025-11-23 23:27:33 [32minfo[39m [32mGET /api/v1/notifications 304 24.284 ms - -[39m
[32m[39m
2025-11-23 23:27:34 [32minfo[39m [32mGET /api/v1/tasks/my-tasks 304 20.773 ms - -[39m
[32m[39m
2025-11-23 23:27:37 [32minfo[39m [32mGET /api/v1/appointments 304 22.866 ms - -[39m
[32m[39m
2025-11-23 23:27:47 [32minfo[39m [32mGET /api/v1/notes 200 17.796 ms - 4522[39m
[32m[39m
2025-11-23 23:27:53 [32minfo[39m [32mGET /api/v1/notes 304 9.556 ms - -[39m
[32m[39m
2025-11-23 23:28:03 [32minfo[39m [32mGET /api/v1/notifications 200 21.828 ms - 2991[39m
[32m[39m
2025-11-23 23:28:36 [32minfo[39m [32mGET /api/v1/notes 401 11.031 ms - 64[39m
[32m[39m
2025-11-23 23:28:36 [32minfo[39m [32mGET /api/v1/notifications 200 14.341 ms - 2991[39m
[32m[39m
2025-11-23 23:28:43 [32minfo[39m [32mPOST /api/v1/auth/vet-login 200 167.708 ms - 617[39m
[32m[39m
2025-11-23 23:29:02 [32minfo[39m [32mGET /api/v1/notes 200 21.436 ms - 4522[39m
[32m[39m
2025-11-23 23:29:05 [32minfo[39m [32mGET /api/v1/notifications 200 187.250 ms - 2991[39m
[32m[39m
2025-11-23 23:29:26 [32minfo[39m [32mGET /api/v1/notes 304 9.923 ms - -[39m
[32m[39m
2025-11-23 23:29:34 [32minfo[39m [32mGET /api/v1/notifications 200 9.566 ms - 2991[39m
[32m[39m
2025-11-23 23:29:58 [32minfo[39m [32mGET /api/v1/notes 304 10.165 ms - -[39m
[32m[39m
2025-11-23 23:30:03 [32minfo[39m [32mGET /api/v1/notifications 200 10.606 ms - 2991[39m
[32m[39m
2025-11-23 23:30:30 [32minfo[39m [32mGET /api/v1/notes 304 9.853 ms - -[39m
[32m[39m
2025-11-23 23:30:33 [32minfo[39m [32mGET /api/v1/notes 304 8.907 ms - -[39m
[32m[39m
2025-11-23 23:30:34 [32minfo[39m [32mGET /api/v1/notifications 200 10.889 ms - 2991[39m
[32m[39m
2025-11-23 23:30:39 [32minfo[39m [32mGET /api/v1/notes 200 10.198 ms - 4522[39m
[32m[39m
2025-11-23 23:31:04 [32minfo[39m [32mGET /api/v1/notifications 304 9.269 ms - -[39m
[32m[39m
2025-11-23 23:31:23 [32minfo[39m [32mGET /api/v1/notes 304 9.644 ms - -[39m
[32m[39m
2025-11-23 23:31:33 [32minfo[39m [32mGET /api/v1/notifications 200 10.226 ms - 2991[39m
[32m[39m
2025-11-23 23:31:50 [32minfo[39m [32mPOST /api/v1/auth/vet-login 200 245.227 ms - 617[39m
[32m[39m
2025-11-23 23:31:52 [32minfo[39m [32mGET /api/v1/tasks/my-tasks 304 19.814 ms - -[39m
[32m[39m
2025-11-23 23:31:52 [32minfo[39m [32mGET /api/v1/notifications 200 109.285 ms - 2991[39m
[32m[39m
2025-11-23 23:32:00 [32minfo[39m [32mGET /api/v1/notes 304 15.507 ms - -[39m
[32m[39m
2025-11-23 23:32:21 [32minfo[39m [32mGET /api/v1/notifications 304 12.136 ms - -[39m
[32m[39m
2025-11-23 23:32:51 [32minfo[39m [32mGET /api/v1/notifications 200 215.748 ms - 2991[39m
[32m[39m
2025-11-23 23:33:21 [32minfo[39m [32mGET /api/v1/notifications 200 98.536 ms - 2991[39m
[32m[39m
2025-11-23 23:33:52 [32minfo[39m [32mGET /api/v1/notifications 200 26.097 ms - 2991[39m
[32m[39m
2025-11-23 23:34:24 [32minfo[39m [32mGET /api/v1/notifications 200 2612.281 ms - 2991[39m
[32m[39m
2025-11-23 23:34:53 [32minfo[39m [32mGET /api/v1/notifications 200 719.148 ms - 2991[39m
[32m[39m
2025-11-23 23:35:21 [32minfo[39m [32mGET /api/v1/notifications 200 295.445 ms - 2991[39m
[32m[39m
2025-11-23 23:35:52 [32minfo[39m [32mGET /api/v1/notifications 200 30.652 ms - 2991[39m
[32m[39m
2025-11-23 23:36:22 [32minfo[39m [32mGET /api/v1/notifications 200 167.264 ms - 2991[39m
[32m[39m
2025-11-23 23:36:53 [32minfo[39m [32mGET /api/v1/notifications 200 398.948 ms - 2991[39m
[32m[39m
2025-11-23 23:37:23 [32minfo[39m [32mGET /api/v1/notifications 200 377.959 ms - 2991[39m
[32m[39m
2025-11-23 23:37:51 [32minfo[39m [32mGET /api/v1/notifications 200 74.294 ms - 2991[39m
[32m[39m
2025-11-23 23:38:22 [32minfo[39m [32mGET /api/v1/notifications 200 38.289 ms - 2991[39m
[32m[39m
2025-11-23 23:38:52 [32minfo[39m [32mGET /api/v1/notifications 200 590.725 ms - 2991[39m
[32m[39m
2025-11-23 23:39:22 [32minfo[39m [32mGET /api/v1/notifications 200 101.151 ms - 2991[39m
[32m[39m
2025-11-23 23:39:51 [32minfo[39m [32mGET /api/v1/notifications 200 139.920 ms - 2991[39m
[32m[39m
2025-11-23 23:40:24 [32minfo[39m [32mGET /api/v1/notifications 200 813.642 ms - 2991[39m
[32m[39m
2025-11-23 23:40:52 [32minfo[39m [32mGET /api/v1/notifications 200 19.864 ms - 2991[39m
[32m[39m
2025-11-23 23:41:21 [32minfo[39m [32mGET /api/v1/notifications 200 19.741 ms - 2991[39m
[32m[39m
2025-11-23 23:41:56 [32minfo[39m [32mGET /api/v1/notifications 200 1028.161 ms - 2991[39m
[32m[39m
2025-11-24 00:46:01 [32minfo[39m [32mPOST /api/v1/auth/vet-login 200 172.772 ms - 617[39m
[32m[39m
2025-11-24 00:46:04 [32minfo[39m [32mGET /api/v1/notifications 200 147.257 ms - 2991[39m
[32m[39m
2025-11-24 00:46:04 [32minfo[39m [32mGET /api/v1/tasks/my-tasks 304 24.699 ms - -[39m
[32m[39m
2025-11-24 00:46:12 [32minfo[39m [32mGET /api/v1/users/vet/assigned-farms 304 16.134 ms - -[39m
[32m[39m
2025-11-24 00:46:33 [32minfo[39m [32mGET /api/v1/notifications 304 10.545 ms - -[39m
[32m[39m
2025-11-24 00:47:26 [32minfo[39m [32mPOST /api/v1/auth/vet-login 200 171.940 ms - 617[39m
[32m[39m
2025-11-24 00:47:27 [32minfo[39m [32mGET /api/v1/tasks/my-tasks 304 22.598 ms - -[39m
[32m[39m
2025-11-24 00:47:28 [32minfo[39m [32mGET /api/v1/notifications 200 11.894 ms - 2991[39m
[32m[39m
2025-11-24 00:47:32 [32minfo[39m [32mGET /api/v1/notifications/all-notification 200 11.604 ms - 325[39m
[32m[39m
2025-11-24 00:47:58 [32minfo[39m [32mGET /api/v1/notifications 304 49.689 ms - -[39m
[32m[39m
2025-11-24 00:48:13 [32minfo[39m [32mPATCH /api/v1/notifications/upcomingAppointments/toggle 200 14.948 ms - 373[39m
[32m[39m
2025-11-24 00:48:23 [32minfo[39m [32mPATCH /api/v1/notifications/followUpReminders/toggle 200 15.609 ms - 368[39m
[32m[39m
2025-11-24 00:48:28 [32minfo[39m [32mGET /api/v1/notifications 200 12.327 ms - 2991[39m
[32m[39m
2025-11-24 00:48:30 [32minfo[39m [32mGET /api/v1/notifications/all-notification 200 6.112 ms - 327[39m
[32m[39m
2025-11-24 00:48:39 [32minfo[39m [32mPATCH /api/v1/notifications/followUpReminders/toggle 200 17.573 ms - 365[39m
[32m[39m
2025-11-24 00:48:39 [32minfo[39m [32mPATCH /api/v1/notifications/upcomingAppointments/toggle 200 8.192 ms - 370[39m
[32m[39m
2025-11-24 01:22:57 [32minfo[39m [32mPOST /api/v1/auth/vet-login 200 429.494 ms - 617[39m
[32m[39m
2025-11-24 01:23:01 [32minfo[39m [32mGET /api/v1/tasks/my-tasks 304 27.600 ms - -[39m
[32m[39m
2025-11-24 01:23:01 [32minfo[39m [32mGET /api/v1/notifications 200 250.802 ms - 2991[39m
[32m[39m
2025-11-24 01:23:06 [32minfo[39m [32mGET /api/v1/users/vet/assigned-farms 304 18.747 ms - -[39m
[32m[39m
2025-11-24 01:23:12 [32minfo[39m [32mGET /api/v1/notifications/all-notification 200 13.803 ms - 325[39m
[32m[39m
2025-11-24 01:23:28 [32minfo[39m [32mGET /api/v1/notifications 304 22.056 ms - -[39m
[32m[39m
2025-11-24 01:24:01 [32minfo[39m [32mGET /api/v1/notifications 200 789.173 ms - 2991[39m
[32m[39m
2025-11-24 01:24:31 [32minfo[39m [32mGET /api/v1/notifications 200 13.643 ms - 2991[39m
[32m[39m
2025-11-24 01:24:37 [32minfo[39m [32mPATCH /api/v1/auth/change-password 200 128.040 ms - 68[39m
[32m[39m
2025-11-24 01:25:08 [31merror[39m [31mInvalid credentials Invalid credentials[39m
2025-11-24 01:25:08 [32minfo[39m [32mPOST /api/v1/auth/vet-login 400 139.981 ms - 47[39m
[32m[39m
2025-11-24 01:25:14 [31merror[39m [31mInvalid credentials Invalid credentials[39m
2025-11-24 01:25:14 [32minfo[39m [32mPOST /api/v1/auth/vet-login 400 117.203 ms - 47[39m
[32m[39m
2025-11-24 01:25:18 [32minfo[39m [32mPOST /api/v1/auth/vet-login 200 120.142 ms - 617[39m
[32m[39m
2025-11-24 01:25:20 [32minfo[39m [32mGET /api/v1/tasks/my-tasks 304 14.198 ms - -[39m
[32m[39m
2025-11-24 01:25:21 [32minfo[39m [32mGET /api/v1/notifications 200 8.590 ms - 2991[39m
[32m[39m
2025-11-24 01:25:51 [32minfo[39m [32mGET /api/v1/notifications 304 482.148 ms - -[39m
[32m[39m
2025-11-24 01:26:21 [32minfo[39m [32mGET /api/v1/notifications 200 10.634 ms - 2991[39m
[32m[39m
2025-11-24 01:26:51 [32minfo[39m [32mGET /api/v1/notifications 200 484.990 ms - 2991[39m
[32m[39m
2025-11-24 01:28:13 [32minfo[39m [32mPOST /api/v1/auth/vet-login 200 304.581 ms - 617[39m
[32m[39m
2025-11-24 01:28:16 [32minfo[39m [32mGET /api/v1/notifications 200 81.591 ms - 2991[39m
[32m[39m
2025-11-24 01:28:16 [32minfo[39m [32mGET /api/v1/tasks/my-tasks 304 11.321 ms - -[39m
[32m[39m
2025-11-24 01:28:21 [32minfo[39m [32mGET /api/v1/notifications/all-notification 304 10.639 ms - -[39m
[32m[39m
2025-11-24 01:28:46 [32minfo[39m [32mGET /api/v1/notifications 304 14.200 ms - -[39m
[32m[39m
2025-11-24 01:29:15 [32minfo[39m [32mGET /api/v1/notifications 200 348.323 ms - 2991[39m
[32m[39m
2025-11-24 01:29:46 [32minfo[39m [32mGET /api/v1/notifications 200 71.307 ms - 2991[39m
[32m[39m
2025-11-24 01:30:15 [32minfo[39m [32mGET /api/v1/notifications 200 13.240 ms - 2991[39m
[32m[39m
2025-11-24 01:30:46 [32minfo[39m [32mGET /api/v1/notifications 200 13.631 ms - 2991[39m
[32m[39m
2025-11-24 01:31:16 [32minfo[39m [32mGET /api/v1/notifications 200 16.774 ms - 2991[39m
[32m[39m
2025-11-24 01:31:45 [32minfo[39m [32mGET /api/v1/notifications 200 10.280 ms - 2991[39m
[32m[39m
2025-11-24 01:32:16 [32minfo[39m [32mGET /api/v1/notifications 200 13.188 ms - 2991[39m
[32m[39m
2025-11-24 01:32:46 [32minfo[39m [32mGET /api/v1/notifications 200 214.505 ms - 2991[39m
[32m[39m
2025-11-24 01:33:15 [32minfo[39m [32mGET /api/v1/notifications 200 333.281 ms - 2991[39m
[32m[39m
2025-11-24 01:33:47 [32minfo[39m [32mGET /api/v1/notifications 200 106.203 ms - 2991[39m
[32m[39m
2025-11-24 01:34:16 [32minfo[39m [32mGET /api/v1/notifications 200 322.916 ms - 2991[39m
[32m[39m
2025-11-24 01:35:07 [32minfo[39m [32mPOST /api/v1/auth/vet-login 200 125.274 ms - 617[39m
[32m[39m
2025-11-24 01:35:10 [32minfo[39m [32mGET /api/v1/notifications 200 17.386 ms - 2991[39m
[32m[39m
2025-11-24 01:35:10 [32minfo[39m [32mGET /api/v1/tasks/my-tasks 304 21.286 ms - -[39m
[32m[39m
2025-11-24 01:35:14 [32minfo[39m [32mGET /api/v1/notifications/all-notification 304 16.073 ms - -[39m
[32m[39m
2025-11-24 01:35:40 [32minfo[39m [32mGET /api/v1/notifications 304 11.225 ms - -[39m
[32m[39m
2025-11-24 01:36:09 [32minfo[39m [32mGET /api/v1/notifications 200 18.279 ms - 2991[39m
[32m[39m
2025-11-24 01:36:40 [32minfo[39m [32mGET /api/v1/notifications 200 23.662 ms - 2991[39m
[32m[39m
2025-11-24 01:37:10 [32minfo[39m [32mGET /api/v1/notifications 200 445.051 ms - 2991[39m
[32m[39m
2025-11-24 01:37:39 [32minfo[39m [32mGET /api/v1/notifications 200 12.795 ms - 2991[39m
[32m[39m
2025-11-24 01:38:09 [32minfo[39m [32mGET /api/v1/notifications 200 440.305 ms - 2991[39m
[32m[39m
2025-11-24 01:46:06 [31merror[39m [31mInvalid credentials Invalid credentials[39m
2025-11-24 01:46:06 [32minfo[39m [32mPOST /api/v1/auth/vet-login 400 616.636 ms - 47[39m
[32m[39m
2025-11-24 01:46:10 [32minfo[39m [32mPOST /api/v1/auth/vet-login 200 813.409 ms - 617[39m
[32m[39m
2025-11-24 01:46:14 [32minfo[39m [32mGET /api/v1/notifications 200 1122.959 ms - 2991[39m
[32m[39m
2025-11-24 01:46:14 [32minfo[39m [32mGET /api/v1/tasks/my-tasks 304 723.056 ms - -[39m
[32m[39m
2025-11-24 01:46:17 [32minfo[39m [32mGET /api/v1/tasks/my-tasks 304 37.628 ms - -[39m
[32m[39m
2025-11-24 01:46:34 [32minfo[39m [32mGET /api/v1/users/vet/assigned-farms - - ms - -[39m
[32m[39m
2025-11-24 01:46:37 [32minfo[39m [32mGET /api/v1/users/vet/assigned-farms 304 1589.316 ms - -[39m
[32m[39m
2025-11-24 01:46:41 [32minfo[39m [32mGET /api/v1/notifications 304 66.667 ms - -[39m
[32m[39m
2025-11-24 01:46:46 [32minfo[39m [32mGET /api/v1/users/vet/assigned-farms 200 12.736 ms - 886[39m
[32m[39m
2025-11-24 01:46:51 [32minfo[39m [32mGET /api/v1/users/vet/farms/cmi9quy0w0002t1i42v34y0q8 200 256.154 ms - 19505[39m
[32m[39m
2025-11-24 01:46:53 [32minfo[39m [32mGET /api/v1/tasks/my-tasks?page=1&limit=10 304 27.417 ms - -[39m
[32m[39m
2025-11-24 01:46:54 [32minfo[39m [32mGET /api/v1/livestock?page=1&limit=60 304 97.789 ms - -[39m
[32m[39m
2025-11-24 01:47:11 [32minfo[39m [32mGET /api/v1/notifications 304 27.198 ms - -[39m
[32m[39m
2025-11-24 01:47:18 [32minfo[39m [32mGET /api/v1/livestock/cmi9quze7000ot1i4xwx1pqfi/health-history 200 55.773 ms - 962[39m
[32m[39m
2025-11-24 01:47:19 [32minfo[39m [32mGET /api/v1/livestock/cmi9quze7000ot1i4xwx1pqfi/activity-timeline 200 418.656 ms - 2024[39m
[32m[39m
2025-11-24 01:47:21 [32minfo[39m [32mGET /api/v1/livestock/cmi9quze7000ot1i4xwx1pqfi/activity-timeline 304 34.123 ms - -[39m
[32m[39m
2025-11-24 01:47:43 [32minfo[39m [32mGET /api/v1/notifications 200 240.092 ms - 2991[39m
[32m[39m
2025-11-24 01:48:12 [32minfo[39m [32mGET /api/v1/notifications 200 20.422 ms - 2991[39m
[32m[39m
2025-11-24 01:48:41 [32minfo[39m [32mGET /api/v1/notifications 200 21.752 ms - 2991[39m
[32m[39m
2025-11-24 01:48:55 [32minfo[39m [32mGET /api/v1/livestock/cmi9quze7000ot1i4xwx1pqfi/health-history 304 19.811 ms - -[39m
[32m[39m
2025-11-24 01:48:57 [32minfo[39m [32mGET /api/v1/livestock/cmi9quze7000ot1i4xwx1pqfi/activity-timeline 304 60.572 ms - -[39m
[32m[39m
2025-11-24 01:49:12 [32minfo[39m [32mGET /api/v1/notifications 200 124.379 ms - 2991[39m
[32m[39m
2025-11-24 01:49:43 [32minfo[39m [32mGET /api/v1/notifications 200 20.404 ms - 2991[39m
[32m[39m
2025-11-24 01:50:14 [32minfo[39m [32mGET /api/v1/notifications 200 35.730 ms - 2991[39m
[32m[39m
2025-11-24 01:50:43 [32minfo[39m [32mGET /api/v1/notifications 200 18.650 ms - 2991[39m
[32m[39m
2025-11-24 01:53:13 [32minfo[39m [32mPOST /api/v1/auth/vet-login - - ms - -[39m
[32m[39m
2025-11-24 01:53:16 [32minfo[39m [32mPOST /api/v1/auth/vet-login 200 353.149 ms - 617[39m
[32m[39m
2025-11-24 01:53:20 [32minfo[39m [32mGET /api/v1/notifications 304 445.973 ms - -[39m
[32m[39m
2025-11-24 01:53:20 [32minfo[39m [32mGET /api/v1/tasks/my-tasks 304 209.799 ms - -[39m
[32m[39m
2025-11-24 01:53:23 [32minfo[39m [32mGET /api/v1/users/vet/assigned-farms 304 202.055 ms - -[39m
[32m[39m
2025-11-24 01:53:25 [32minfo[39m [32mGET /api/v1/tasks/my-tasks 304 16.627 ms - -[39m
[32m[39m
2025-11-24 01:53:28 [32minfo[39m [32mGET /api/v1/users/vet/assigned-farms 304 297.735 ms - -[39m
[32m[39m
2025-11-24 01:53:29 [32minfo[39m [32mGET /api/v1/tasks/my-tasks 304 344.533 ms - -[39m
[32m[39m
2025-11-24 01:53:34 [32minfo[39m [32mGET /api/v1/livestock/cmi9quzev0012t1i4t2fey4iz/activity-timeline 200 917.201 ms - 3233[39m
[32m[39m
2025-11-24 01:53:47 [32minfo[39m [32mGET /api/v1/notifications 304 12.067 ms - -[39m
[32m[39m
2025-11-24 01:54:12 [32minfo[39m [32mGET /api/v1/livestock 200 18.319 ms - 10129[39m
[32m[39m
2025-11-24 01:54:17 [32minfo[39m [32mGET /api/v1/notifications 200 78.370 ms - 2991[39m
[32m[39m
2025-11-24 01:54:50 [32minfo[39m [32mGET /api/v1/notifications 200 40.845 ms - 2991[39m
[32m[39m
2025-11-24 01:55:19 [32minfo[39m [32mGET /api/v1/notifications 200 15.637 ms - 2991[39m
[32m[39m
2025-11-24 01:55:47 [32minfo[39m [32mGET /api/v1/notifications 200 19.515 ms - 2991[39m
[32m[39m
2025-11-24 01:56:37 [32minfo[39m [32mPOST /api/v1/auth/vet-login 200 148.760 ms - 617[39m
[32m[39m
2025-11-24 01:56:41 [32minfo[39m [32mGET /api/v1/notifications 200 127.405 ms - 2991[39m
[32m[39m
2025-11-24 01:56:41 [32minfo[39m [32mGET /api/v1/tasks/my-tasks 304 32.598 ms - -[39m
[32m[39m
2025-11-24 01:56:42 [32minfo[39m [32mGET /api/v1/tasks/my-tasks 304 12.067 ms - -[39m
[32m[39m
2025-11-24 01:56:50 [32minfo[39m [32mGET /api/v1/livestock/cmi9quzev0012t1i4t2fey4iz/activity-timeline 304 24.853 ms - -[39m
[32m[39m
2025-11-24 01:57:09 [32minfo[39m [32mGET /api/v1/notifications 304 18.865 ms - -[39m
[32m[39m
2025-11-24 01:57:40 [32minfo[39m [32mGET /api/v1/notifications 200 155.542 ms - 2991[39m
[32m[39m
2025-11-24 01:58:10 [32minfo[39m [32mGET /api/v1/notifications 200 140.163 ms - 2991[39m
[32m[39m
2025-11-24 01:58:41 [32minfo[39m [32mGET /api/v1/notifications 200 216.458 ms - 2991[39m
[32m[39m
2025-11-24 01:59:38 [31merror[39m [31mInvalid credentials Invalid credentials[39m
2025-11-24 01:59:38 [32minfo[39m [32mPOST /api/v1/auth/vet-login 400 116.055 ms - 47[39m
[32m[39m
2025-11-24 01:59:41 [32minfo[39m [32mPOST /api/v1/auth/vet-login 200 124.288 ms - 617[39m
[32m[39m
2025-11-24 01:59:43 [32minfo[39m [32mGET /api/v1/tasks/my-tasks 304 98.587 ms - -[39m
[32m[39m
2025-11-24 01:59:44 [32minfo[39m [32mGET /api/v1/notifications 200 11.924 ms - 2991[39m
[32m[39m
2025-11-24 01:59:46 [32minfo[39m [32mGET /api/v1/tasks/my-tasks 304 12.249 ms - -[39m
[32m[39m
2025-11-24 01:59:49 [32minfo[39m [32mGET /api/v1/livestock/cmi9quzev0012t1i4t2fey4iz/activity-timeline 304 136.622 ms - -[39m
[32m[39m
2025-11-24 02:00:13 [32minfo[39m [32mGET /api/v1/notifications 304 11.062 ms - -[39m
[32m[39m
2025-11-24 02:00:17 [32minfo[39m [32mGET /api/v1/users/vet/assigned-farms 304 11.645 ms - -[39m
[32m[39m
2025-11-24 02:00:23 [32minfo[39m [32mGET /api/v1/users/vet/farms/cmi9quy0w0002t1i42v34y0q8 304 81.405 ms - -[39m
[32m[39m
2025-11-24 02:00:24 [32minfo[39m [32mGET /api/v1/livestock?page=1&limit=60 304 155.497 ms - -[39m
[32m[39m
2025-11-24 02:00:25 [32minfo[39m [32mGET /api/v1/tasks/my-tasks?page=1&limit=10 304 32.749 ms - -[39m
[32m[39m
2025-11-24 02:00:43 [32minfo[39m [32mGET /api/v1/notifications 200 9.436 ms - 2991[39m
[32m[39m
2025-11-24 02:01:13 [32minfo[39m [32mGET /api/v1/notifications 200 21.289 ms - 2991[39m
[32m[39m
2025-11-24 02:02:10 [32minfo[39m [32mPOST /api/v1/auth/vet-login 200 130.291 ms - 617[39m
[32m[39m
2025-11-24 02:02:13 [32minfo[39m [32mGET /api/v1/notifications 200 9.427 ms - 2991[39m
[32m[39m
2025-11-24 02:02:13 [32minfo[39m [32mGET /api/v1/tasks/my-tasks 304 19.135 ms - -[39m
[32m[39m
2025-11-24 02:02:13 [32minfo[39m [32mGET /api/v1/tasks/my-tasks 304 10.352 ms - -[39m
[32m[39m
2025-11-24 02:02:23 [32minfo[39m [32mGET /api/v1/users/vet/assigned-farms 304 8.390 ms - -[39m
[32m[39m
2025-11-24 02:02:27 [32minfo[39m [32mGET /api/v1/users/vet/farms/cmi9quyh00009t1i4ynm1n7gj 200 50.053 ms - 9525[39m
[32m[39m
2025-11-24 02:02:29 [32minfo[39m [32mGET /api/v1/livestock?page=1&limit=60 304 24.750 ms - -[39m
[32m[39m
2025-11-24 02:02:29 [32minfo[39m [32mGET /api/v1/tasks/my-tasks?page=1&limit=10 304 10.215 ms - -[39m
[32m[39m
2025-11-24 02:02:42 [32minfo[39m [32mGET /api/v1/notifications 304 13.111 ms - -[39m
[32m[39m
2025-11-24 02:02:45 [32minfo[39m [32mGET /api/v1/users/vet/assigned-farms 304 9.938 ms - -[39m
[32m[39m
2025-11-24 02:02:47 [32minfo[39m [32mGET /api/v1/tasks/my-tasks 304 10.136 ms - -[39m
[32m[39m
2025-11-24 02:02:51 [32minfo[39m [32mGET /api/v1/users/vet/assigned-farms 304 8.708 ms - -[39m
[32m[39m
2025-11-24 02:02:53 [32minfo[39m [32mGET /api/v1/appointments 304 13.652 ms - -[39m
[32m[39m
2025-11-24 02:03:12 [32minfo[39m [32mGET /api/v1/notifications 200 11.819 ms - 2991[39m
[32m[39m
2025-11-24 02:03:42 [32minfo[39m [32mGET /api/v1/notifications 200 164.495 ms - 2991[39m
[32m[39m
2025-11-24 02:04:32 [32minfo[39m [32mPOST /api/v1/auth/vet-login 200 128.077 ms - 617[39m
[32m[39m
2025-11-24 02:04:33 [32minfo[39m [32mGET /api/v1/notifications 200 9.088 ms - 2991[39m
[32m[39m
2025-11-24 02:04:33 [32minfo[39m [32mGET /api/v1/tasks/my-tasks 304 10.771 ms - -[39m
[32m[39m
2025-11-24 02:04:36 [32minfo[39m [32mGET /api/v1/appointments 304 7.945 ms - -[39m
[32m[39m
2025-11-24 02:04:41 [32minfo[39m [32mGET /api/v1/users/vet/assigned-farms 304 10.159 ms - -[39m
[32m[39m
2025-11-24 02:05:04 [32minfo[39m [32mGET /api/v1/notifications 304 102.361 ms - -[39m
[32m[39m
2025-11-24 02:05:34 [32minfo[39m [32mGET /api/v1/notifications 200 16.345 ms - 2991[39m
[32m[39m
2025-11-24 02:06:04 [32minfo[39m [32mGET /api/v1/notifications 200 9.218 ms - 2991[39m
[32m[39m
2025-11-24 02:06:28 [32minfo[39m [32mGET /api/v1/tasks/my-tasks 304 13.605 ms - -[39m
[32m[39m
2025-11-24 02:06:33 [32minfo[39m [32mGET /api/v1/notifications 304 11.442 ms - -[39m
[32m[39m
2025-11-24 02:06:47 [32minfo[39m [32mGET /api/v1/livestock/cmi9quzev0012t1i4t2fey4iz/activity-timeline 304 411.644 ms - -[39m
[32m[39m
2025-11-24 02:06:58 [32minfo[39m [32mGET /api/v1/livestock 304 17.369 ms - -[39m
[32m[39m
2025-11-24 02:07:03 [32minfo[39m [32mGET /api/v1/notifications 304 10.428 ms - -[39m
[32m[39m
2025-11-24 02:07:33 [32minfo[39m [32mGET /api/v1/notifications 304 11.994 ms - -[39m
[32m[39m
2025-11-24 02:08:04 [32minfo[39m [32mGET /api/v1/notifications 200 17.518 ms - 2991[39m
[32m[39m
2025-11-24 02:08:34 [32minfo[39m [32mGET /api/v1/notifications 200 10.873 ms - 2991[39m
[32m[39m
2025-11-24 02:09:04 [32minfo[39m [32mGET /api/v1/notifications 200 15.528 ms - 2991[39m
[32m[39m
2025-11-24 02:09:54 [31merror[39m [31mInvalid credentials Invalid credentials[39m
2025-11-24 02:09:54 [32minfo[39m [32mPOST /api/v1/auth/vet-login 400 163.169 ms - 47[39m
[32m[39m
2025-11-24 02:10:09 [32minfo[39m [32mPOST /api/v1/auth/vet-login 200 134.388 ms - 617[39m
[32m[39m
2025-11-24 02:10:13 [32minfo[39m [32mGET /api/v1/tasks/my-tasks 200 21.100 ms - 7356[39m
[32m[39m
2025-11-24 02:10:13 [32minfo[39m [32mGET /api/v1/notifications 200 198.285 ms - 2991[39m
[32m[39m
2025-11-24 02:10:42 [32minfo[39m [32mGET /api/v1/notifications 304 10.348 ms - -[39m
[32m[39m
2025-11-24 02:11:11 [32minfo[39m [32mGET /api/v1/notifications 200 9.724 ms - 2991[39m
[32m[39m
2025-11-24 02:11:42 [32minfo[39m [32mGET /api/v1/notifications 200 13.723 ms - 2991[39m
[32m[39m
2025-11-24 02:12:12 [32minfo[39m [32mGET /api/v1/notifications 200 81.340 ms - 2991[39m
[32m[39m
2025-11-24 02:12:42 [32minfo[39m [32mGET /api/v1/notifications 200 9.913 ms - 2991[39m
[32m[39m
2025-11-24 02:13:12 [32minfo[39m [32mGET /api/v1/notifications 200 9.770 ms - 2991[39m
[32m[39m
2025-11-24 02:13:42 [32minfo[39m [32mGET /api/v1/notifications 200 9.817 ms - 2991[39m
[32m[39m
2025-11-24 02:14:10 [32minfo[39m [32mGET /api/v1/notifications 200 9.093 ms - 2991[39m
[32m[39m
2025-11-24 02:14:42 [32minfo[39m [32mGET /api/v1/notifications 200 10.617 ms - 2991[39m
[32m[39m
2025-11-24 02:15:12 [32minfo[39m [32mGET /api/v1/notifications 200 19.945 ms - 2991[39m
[32m[39m
2025-11-24 02:15:42 [32minfo[39m [32mGET /api/v1/notifications 200 191.701 ms - 2991[39m
[32m[39m
2025-11-24 02:16:12 [32minfo[39m [32mGET /api/v1/notifications 200 11.078 ms - 2991[39m
[32m[39m
2025-11-24 02:16:41 [32minfo[39m [32mGET /api/v1/notifications 200 10.675 ms - 2991[39m
[32m[39m
2025-11-24 02:17:12 [32minfo[39m [32mGET /api/v1/notifications 200 79.627 ms - 2991[39m
[32m[39m
2025-11-24 02:17:42 [32minfo[39m [32mGET /api/v1/notifications 200 80.804 ms - 2991[39m
[32m[39m
2025-11-24 02:18:11 [32minfo[39m [32mGET /api/v1/notifications 200 19.678 ms - 2991[39m
[32m[39m
2025-11-24 02:18:42 [32minfo[39m [32mGET /api/v1/notifications 200 14.475 ms - 2991[39m
[32m[39m
2025-11-24 02:19:13 [32minfo[39m [32mGET /api/v1/notifications 200 21.161 ms - 2991[39m
[32m[39m
2025-11-24 02:19:42 [32minfo[39m [32mGET /api/v1/notifications 200 11.130 ms - 2991[39m
[32m[39m
2025-11-24 02:20:12 [32minfo[39m [32mGET /api/v1/notifications 200 17.477 ms - 2991[39m
[32m[39m
2025-11-24 02:20:41 [32minfo[39m [32mGET /api/v1/notifications 200 10.525 ms - 2991[39m
[32m[39m
2025-11-24 02:21:12 [32minfo[39m [32mGET /api/v1/notifications 200 13.169 ms - 2991[39m
[32m[39m
2025-11-24 02:21:41 [32minfo[39m [32mGET /api/v1/notifications 200 10.325 ms - 2991[39m
[32m[39m
2025-11-24 02:22:12 [32minfo[39m [32mGET /api/v1/notifications 200 178.452 ms - 2991[39m
[32m[39m
2025-11-24 02:22:43 [32minfo[39m [32mGET /api/v1/notifications 200 178.542 ms - 2991[39m
[32m[39m
2025-11-24 02:23:12 [32minfo[39m [32mGET /api/v1/notifications 200 20.065 ms - 2991[39m
[32m[39m
2025-11-24 02:23:42 [32minfo[39m [32mGET /api/v1/notifications 200 10.533 ms - 2991[39m
[32m[39m
2025-11-24 02:24:12 [32minfo[39m [32mGET /api/v1/notifications 200 10.177 ms - 2991[39m
[32m[39m
2025-11-24 02:24:42 [32minfo[39m [32mGET /api/v1/notifications 200 10.299 ms - 2991[39m
[32m[39m
2025-11-24 02:25:11 [32minfo[39m [32mGET /api/v1/notifications 200 10.367 ms - 2991[39m
[32m[39m
2025-11-24 02:25:42 [32minfo[39m [32mGET /api/v1/notifications 200 10.809 ms - 2991[39m
[32m[39m
2025-11-24 02:26:12 [32minfo[39m [32mGET /api/v1/notifications 200 86.688 ms - 2991[39m
[32m[39m
2025-11-24 02:26:42 [32minfo[39m [32mGET /api/v1/notifications 200 11.731 ms - 2991[39m
[32m[39m
2025-11-24 02:27:11 [32minfo[39m [32mGET /api/v1/notifications 200 19.514 ms - 2991[39m
[32m[39m
2025-11-24 02:27:42 [32minfo[39m [32mGET /api/v1/notifications 200 178.875 ms - 2991[39m
[32m[39m
2025-11-24 02:28:12 [32minfo[39m [32mGET /api/v1/notifications 200 86.514 ms - 2991[39m
[32m[39m
2025-11-24 02:28:42 [32minfo[39m [32mGET /api/v1/notifications 200 12.010 ms - 2991[39m
[32m[39m
2025-11-24 02:29:12 [32minfo[39m [32mGET /api/v1/notifications 200 17.693 ms - 2991[39m
[32m[39m
2025-11-24 02:29:42 [32minfo[39m [32mGET /api/v1/notifications 200 9.903 ms - 2991[39m
[32m[39m
2025-11-24 02:30:12 [32minfo[39m [32mGET /api/v1/notifications 200 11.268 ms - 2991[39m
[32m[39m
2025-11-24 02:30:42 [32minfo[39m [32mGET /api/v1/notifications 200 9.873 ms - 2991[39m
[32m[39m
2025-11-24 02:31:12 [32minfo[39m [32mGET /api/v1/notifications 200 83.450 ms - 2991[39m
[32m[39m
2025-11-24 02:31:42 [32minfo[39m [32mGET /api/v1/notifications 200 11.372 ms - 2991[39m
[32m[39m
2025-11-24 02:32:12 [32minfo[39m [32mGET /api/v1/notifications 200 9.110 ms - 2991[39m
[32m[39m
2025-11-24 02:32:41 [32minfo[39m [32mGET /api/v1/notifications 200 10.023 ms - 2991[39m
[32m[39m
2025-11-24 02:33:12 [32minfo[39m [32mGET /api/v1/notifications 200 87.833 ms - 2991[39m
[32m[39m
2025-11-24 02:33:42 [32minfo[39m [32mGET /api/v1/notifications 200 94.758 ms - 2991[39m
[32m[39m
2025-11-24 02:34:11 [32minfo[39m [32mGET /api/v1/notifications 200 17.738 ms - 2991[39m
[32m[39m
2025-11-24 02:34:42 [32minfo[39m [32mGET /api/v1/notifications 304 19.671 ms - -[39m
[32m[39m
2025-11-24 02:35:13 [32minfo[39m [32mGET /api/v1/notifications 200 16.017 ms - 2991[39m
[32m[39m
2025-11-24 02:35:41 [32minfo[39m [32mGET /api/v1/notifications 200 9.298 ms - 2991[39m
[32m[39m
2025-11-24 02:36:12 [32minfo[39m [32mGET /api/v1/notifications 200 17.418 ms - 2991[39m
[32m[39m
2025-11-24 02:36:41 [32minfo[39m [32mGET /api/v1/notifications 200 88.032 ms - 2991[39m
[32m[39m
2025-11-24 02:37:12 [32minfo[39m [32mGET /api/v1/notifications 200 20.223 ms - 2991[39m
[32m[39m
2025-11-24 02:37:41 [32minfo[39m [32mGET /api/v1/notifications 200 10.218 ms - 2991[39m
[32m[39m
2025-11-24 02:38:13 [32minfo[39m [32mGET /api/v1/notifications 200 186.153 ms - 2991[39m
[32m[39m
2025-11-24 02:38:42 [32minfo[39m [32mGET /api/v1/notifications 200 85.894 ms - 2991[39m
[32m[39m
2025-11-24 02:39:12 [32minfo[39m [32mGET /api/v1/notifications 200 16.997 ms - 2991[39m
[32m[39m
2025-11-24 02:39:41 [32minfo[39m [32mGET /api/v1/notifications 200 18.835 ms - 2991[39m
[32m[39m
2025-11-24 02:40:12 [32minfo[39m [32mGET /api/v1/notifications 200 31.987 ms - 2991[39m
[32m[39m
2025-11-24 02:40:42 [32minfo[39m [32mGET /api/v1/notifications 200 11.496 ms - 2991[39m
[32m[39m
2025-11-24 02:41:12 [32minfo[39m [32mGET /api/v1/notifications 200 16.648 ms - 2991[39m
[32m[39m
2025-11-24 02:41:42 [32minfo[39m [32mGET /api/v1/notifications 200 185.729 ms - 2991[39m
[32m[39m
2025-11-24 02:42:12 [32minfo[39m [32mGET /api/v1/notifications 200 18.996 ms - 2991[39m
[32m[39m
2025-11-24 02:42:42 [32minfo[39m [32mGET /api/v1/notifications 200 17.859 ms - 2991[39m
[32m[39m
2025-11-24 02:43:12 [32minfo[39m [32mGET /api/v1/notifications 200 19.854 ms - 2991[39m
[32m[39m
2025-11-24 02:43:42 [32minfo[39m [32mGET /api/v1/notifications 200 153.737 ms - 2991[39m
[32m[39m
2025-11-24 02:44:12 [32minfo[39m [32mGET /api/v1/notifications 200 21.181 ms - 2991[39m
[32m[39m
2025-11-24 02:44:42 [32minfo[39m [32mGET /api/v1/notifications 200 18.935 ms - 2991[39m
[32m[39m
2025-11-24 02:45:11 [32minfo[39m [32mGET /api/v1/notifications 200 17.465 ms - 2991[39m
[32m[39m
2025-11-24 02:45:42 [32minfo[39m [32mGET /api/v1/notifications 200 10.468 ms - 2991[39m
[32m[39m
2025-11-24 02:46:12 [32minfo[39m [32mGET /api/v1/notifications 200 16.725 ms - 2991[39m
[32m[39m
2025-11-24 02:46:42 [32minfo[39m [32mGET /api/v1/notifications 200 78.579 ms - 2991[39m
[32m[39m
2025-11-24 02:47:12 [32minfo[39m [32mGET /api/v1/notifications 200 10.656 ms - 2991[39m
[32m[39m
2025-11-24 02:47:42 [32minfo[39m [32mGET /api/v1/notifications 200 10.045 ms - 2991[39m
[32m[39m
2025-11-24 02:48:12 [32minfo[39m [32mGET /api/v1/notifications 304 10.196 ms - -[39m
[32m[39m
2025-11-24 02:48:43 [32minfo[39m [32mGET /api/v1/notifications 200 134.293 ms - 2991[39m
[32m[39m
2025-11-24 02:49:12 [32minfo[39m [32mGET /api/v1/notifications 200 10.554 ms - 2991[39m
[32m[39m
2025-11-24 02:49:42 [32minfo[39m [32mGET /api/v1/notifications 200 10.872 ms - 2991[39m
[32m[39m
2025-11-24 02:50:12 [32minfo[39m [32mGET /api/v1/notifications 200 9.054 ms - 2991[39m
[32m[39m
2025-11-24 02:50:42 [32minfo[39m [32mGET /api/v1/notifications 200 9.227 ms - 2991[39m
[32m[39m
2025-11-24 02:51:12 [32minfo[39m [32mGET /api/v1/notifications 200 9.209 ms - 2991[39m
[32m[39m
2025-11-24 02:51:42 [32minfo[39m [32mGET /api/v1/notifications 200 181.524 ms - 2991[39m
[32m[39m
2025-11-24 02:52:11 [32minfo[39m [32mGET /api/v1/notifications 200 10.668 ms - 2991[39m
[32m[39m
2025-11-24 02:52:43 [32minfo[39m [32mGET /api/v1/notifications 200 9.467 ms - 2991[39m
[32m[39m
2025-11-24 10:26:53 [31merror[39m [31mInvalid credentials Invalid credentials[39m
2025-11-24 10:26:53 [32minfo[39m [32mPOST /api/v1/auth/vet-login 400 195.038 ms - 47[39m
[32m[39m
2025-11-24 10:27:07 [32minfo[39m [32mPOST /api/v1/auth/vet-login 200 222.394 ms - 617[39m
[32m[39m
2025-11-24 10:27:09 [32minfo[39m [32mGET /api/v1/notifications 200 139.909 ms - 2991[39m
[32m[39m
2025-11-24 10:27:11 [32minfo[39m [32mGET /api/v1/tasks/my-tasks 304 32.236 ms - -[39m
[32m[39m
2025-11-24 10:27:19 [32minfo[39m [32mGET /api/v1/users/vet/assigned-farms 304 25.228 ms - -[39m
[32m[39m
2025-11-24 10:27:25 [32minfo[39m [32mGET /api/v1/users/vet/farms/cmi9quy0w0002t1i42v34y0q8 200 93.029 ms - 19505[39m
[32m[39m
2025-11-24 10:27:27 [32minfo[39m [32mGET /api/v1/livestock?page=1&limit=60 304 35.088 ms - -[39m
[32m[39m
2025-11-24 10:27:29 [32minfo[39m [32mGET /api/v1/tasks/my-tasks?page=1&limit=10 304 13.836 ms - -[39m
[32m[39m
2025-11-24 10:27:42 [32minfo[39m [32mGET /api/v1/notifications 304 11.212 ms - -[39m
[32m[39m
2025-11-24 10:27:44 [32minfo[39m [32mGET /api/v1/livestock/cmi9quze7000ot1i4xwx1pqfi/health-history 200 19.577 ms - 962[39m
[32m[39m
2025-11-24 10:27:45 [32minfo[39m [32mGET /api/v1/livestock/cmi9quze7000ot1i4xwx1pqfi/activity-timeline 200 226.444 ms - 2024[39m
[32m[39m
2025-11-24 10:28:10 [32minfo[39m [32mGET /api/v1/notifications 304 42.222 ms - -[39m
[32m[39m
2025-11-24 10:28:38 [32minfo[39m [32mGET /api/v1/notifications 200 24.697 ms - 2991[39m
[32m[39m
2025-11-24 10:29:10 [32minfo[39m [32mGET /api/v1/notifications 304 103.544 ms - -[39m
[32m[39m
2025-11-24 10:29:39 [32minfo[39m [32mGET /api/v1/notifications 200 18.415 ms - 2991[39m
[32m[39m
2025-11-24 10:30:09 [32minfo[39m [32mGET /api/v1/notifications 200 10.461 ms - 2991[39m
[32m[39m
2025-11-24 10:30:32 [32minfo[39m [32mGET /api/v1/users/vet/farms/cmi9quy0w0002t1i42v34y0q8 200 70.609 ms - 19505[39m
[32m[39m
2025-11-24 10:30:34 [32minfo[39m [32mGET /api/v1/livestock?page=1&limit=60 304 49.084 ms - -[39m
[32m[39m
2025-11-24 10:30:34 [32minfo[39m [32mGET /api/v1/tasks/my-tasks?page=1&limit=10 304 13.299 ms - -[39m
[32m[39m
2025-11-24 10:30:39 [32minfo[39m [32mGET /api/v1/notifications 200 17.310 ms - 2991[39m
[32m[39m
2025-11-24 10:31:09 [32minfo[39m [32mGET /api/v1/notifications 304 9.574 ms - -[39m
[32m[39m
2025-11-24 10:31:38 [32minfo[39m [32mGET /api/v1/notifications 200 34.029 ms - 2991[39m
[32m[39m
2025-11-24 10:32:05 [31merror[39m [31mInvalid credentials Invalid credentials[39m
2025-11-24 10:32:05 [32minfo[39m [32mPOST /api/v1/auth/vet-login 400 126.073 ms - 47[39m
[32m[39m
2025-11-24 10:32:09 [32minfo[39m [32mGET /api/v1/notifications 200 92.141 ms - 2991[39m
[32m[39m
2025-11-24 10:32:24 [32minfo[39m [32mPOST /api/v1/auth/vet-login 200 176.018 ms - 617[39m
[32m[39m
2025-11-24 10:32:41 [32minfo[39m [32mGET /api/v1/notifications 200 120.639 ms - 2991[39m
[32m[39m
2025-11-24 10:33:10 [32minfo[39m [32mGET /api/v1/notifications 200 234.808 ms - 2991[39m
[32m[39m
2025-11-24 10:33:38 [32minfo[39m [32mGET /api/v1/notifications 304 144.501 ms - -[39m
[32m[39m
2025-11-24 10:34:10 [32minfo[39m [32mGET /api/v1/notifications 200 317.996 ms - 2991[39m
[32m[39m
2025-11-24 10:34:40 [32minfo[39m [32mGET /api/v1/notifications 200 11.724 ms - 2991[39m
[32m[39m
2025-11-24 10:34:54 [32minfo[39m [32mGET /api/v1/livestock 200 23.380 ms - 10129[39m
[32m[39m
2025-11-24 10:35:08 [32minfo[39m [32mGET /api/v1/notifications 200 9.664 ms - 2991[39m
[32m[39m
2025-11-24 10:35:39 [32minfo[39m [32mGET /api/v1/notifications 304 298.631 ms - -[39m
[32m[39m
2025-11-24 10:36:08 [32minfo[39m [32mGET /api/v1/notifications 200 12.074 ms - 2991[39m
[32m[39m
2025-11-24 10:36:31 [32minfo[39m [32mGET /api/v1/livestock/cmi9quze7000ot1i4xwx1pqfi/health-history 304 87.001 ms - -[39m
[32m[39m
2025-11-24 10:36:32 [32minfo[39m [32mGET /api/v1/livestock/cmi9quze7000ot1i4xwx1pqfi/activity-timeline 304 420.517 ms - -[39m
[32m[39m
2025-11-24 10:36:39 [32minfo[39m [32mGET /api/v1/users/vet/farms/cmi9quy0w0002t1i42v34y0q8 304 92.268 ms - -[39m
[32m[39m
2025-11-24 10:36:40 [32minfo[39m [32mGET /api/v1/notifications 304 12.677 ms - -[39m
[32m[39m
2025-11-24 10:36:42 [32minfo[39m [32mGET /api/v1/livestock?page=1&limit=60 304 36.355 ms - -[39m
[32m[39m
2025-11-24 10:36:42 [32minfo[39m [32mGET /api/v1/tasks/my-tasks?page=1&limit=10 304 14.145 ms - -[39m
[32m[39m
2025-11-24 10:37:09 [32minfo[39m [32mGET /api/v1/notifications 304 18.624 ms - -[39m
[32m[39m
2025-11-24 10:37:39 [32minfo[39m [32mGET /api/v1/notifications 200 24.393 ms - 2991[39m
[32m[39m
2025-11-24 10:38:09 [32minfo[39m [32mGET /api/v1/notifications 200 9.652 ms - 2991[39m
[32m[39m
2025-11-24 10:38:39 [32minfo[39m [32mGET /api/v1/notifications 200 1147.301 ms - 2991[39m
[32m[39m
2025-11-24 10:39:09 [32minfo[39m [32mGET /api/v1/notifications 200 8.888 ms - 2991[39m
[32m[39m
