2025-07-02 10:53:24 [31merror[39m [31mError sending email:[39m
2025-07-02 10:58:25 [31merror[39m [31mUser already registered! Please proceed to login. User already registered! Please proceed to login.[39m
2025-07-02 11:12:48 [31merror[39m [31mAccount not verified! Account not verified![39m
2025-07-02 12:16:18 [31merror[39m [31mInvalid or expired verification code Invalid or expired verification code[39m
2025-07-02 12:18:00 [31merror[39m [31mAccount not verified! Account not verified![39m
2025-07-02 12:18:03 [31merror[39m [31mAccount not verified! Account not verified![39m
2025-07-02 12:18:04 [31merror[39m [31mAccount not verified! Account not verified![39m
2025-07-02 12:18:05 [31merror[39m [31mAccount not verified! Account not verified![39m
2025-07-02 12:18:06 [31merror[39m [31mAccount not verified! Account not verified![39m
2025-07-02 12:31:09 [31merror[39m [31mError sending email: 580D0000:error:0A00010B:SSL routines:ssl3_get_record:wrong version number:c:\ws\deps\openssl\openssl\ssl\record\ssl3_record.c:355:[39m
[31m[39m
2025-07-02 12:36:14 [31merror[39m [31mInvalid or expired verification code Invalid or expired verification code[39m
2025-07-02 13:10:15 [31merror[39m [31mUser already registered! Please proceed to login. User already registered! Please proceed to login.[39m
2025-07-02 13:44:36 [31merror[39m [31mError sending email: connect ENETUNREACH 95.216.108.161:587[39m
2025-07-02 13:48:57 [31merror[39m [31mError sending email: connect ENETUNREACH 95.216.108.161:587[39m
2025-07-03 09:04:51 [31merror[39m [31mUser not found User not found[39m
2025-07-03 09:40:00 [31merror[39m [31mExpected ',' or '}' after property value in JSON at position 102 (line 5 column 3) Expected ',' or '}' after property value in JSON at position 102 (line 5 column 3)[39m
2025-07-03 16:20:56 [31merror[39m [31mUser already registered! Please proceed to login. User already registered! Please proceed to login.[39m
2025-07-03 16:38:02 [31merror[39m [31mUser already registered! Please proceed to login. User already registered! Please proceed to login.[39m
2025-07-03 16:42:26 [31merror[39m [31mUser not found User not found[39m
2025-07-03 16:42:40 [31merror[39m [31mUser not found User not found[39m
2025-07-04 12:17:18 [31merror[39m [31mDatabase validation error: [39m
[31mInvalid `prisma.livestock.create()` invocation in[39m
[31mC:\Users\DoBUY\Agritech-Backend\src\contollers\livestock.controller.ts:26:46[39m

[31m  23 [39m
[31m  24 const addedById = (req.user as any).id;[39m
[31m  25 [39m
[31m→ 26 const livestock = await prisma.livestock.create({[39m
[31m       data: {[39m
[31m         tagId: "COW-002",[39m
[31m         type: "Sheep",[39m
[31m         breed: "Sheep",[39m
[31m         birthDate: new Date("Invalid Date"),[39m
[31m                    ~~~~~~~~~~~~~~~~~~~~~~~~[39m
[31m         healthStatus: "SICK",[39m
[31m         weight: 200,[39m
[31m         gender: "Female",[39m
[31m         livestockSource: "Local Farm",[39m
[31m         livestockPurpose: "Meat",[39m
[31m         addedById: "cmcnjxm6s0000t1p8rcay1eoq"[39m
[31m       },[39m
[31m       include: {[39m
[31m         addedBy: {[39m
[31m           select: {[39m
[31m             id: true,[39m
[31m             fullName: true,[39m
[31m             email: true,[39m
[31m             role: true[39m
[31m           }[39m
[31m         }[39m
[31m       }[39m
[31m     })[39m

[31mInvalid value for argument `birthDate`: Provided Date object is invalid. Expected Date. [39m
[31mInvalid `prisma.livestock.create()` invocation in[39m
[31mC:\Users\DoBUY\Agritech-Backend\src\contollers\livestock.controller.ts:26:46[39m

[31m  23 [39m
[31m  24 const addedById = (req.user as any).id;[39m
[31m  25 [39m
[31m→ 26 const livestock = await prisma.livestock.create({[39m
[31m       data: {[39m
[31m         tagId: "COW-002",[39m
[31m         type: "Sheep",[39m
[31m         breed: "Sheep",[39m
[31m         birthDate: new Date("Invalid Date"),[39m
[31m                    ~~~~~~~~~~~~~~~~~~~~~~~~[39m
[31m         healthStatus: "SICK",[39m
[31m         weight: 200,[39m
[31m         gender: "Female",[39m
[31m         livestockSource: "Local Farm",[39m
[31m         livestockPurpose: "Meat",[39m
[31m         addedById: "cmcnjxm6s0000t1p8rcay1eoq"[39m
[31m       },[39m
[31m       include: {[39m
[31m         addedBy: {[39m
[31m           select: {[39m
[31m             id: true,[39m
[31m             fullName: true,[39m
[31m             email: true,[39m
[31m             role: true[39m
[31m           }[39m
[31m         }[39m
[31m       }[39m
[31m     })[39m

[31mInvalid value for argument `birthDate`: Provided Date object is invalid. Expected Date.[39m
2025-07-04 13:35:58 [31merror[39m [31mLivestock not found Livestock not found[39m
2025-07-04 13:36:02 [31merror[39m [31mLivestock not found Livestock not found[39m
2025-07-04 13:39:44 [31merror[39m [31mExpected ',' or '}' after property value in JSON at position 33 (line 3 column 5) Expected ',' or '}' after property value in JSON at position 33 (line 3 column 5)[39m
2025-07-04 15:15:53 [31merror[39m [31mPrisma error: [39m
[31mInvalid `prisma.livestock.findUnique()` invocation in[39m
[31mC:\Users\DoBUY\Agritech-Backend\src\contollers\livestock.controller.ts:188:46[39m

[31m  185   next: NextFunction[39m
[31m  186 ): Promise<void> => {[39m
[31m  187   try {[39m
[31m→ 188     const livestock = await prisma.livestock.findUnique([39m
[31mThe column `Livestock.isDeleted` does not exist in the current database. [39m
[31mInvalid `prisma.livestock.findUnique()` invocation in[39m
[31mC:\Users\DoBUY\Agritech-Backend\src\contollers\livestock.controller.ts:188:46[39m

[31m  185   next: NextFunction[39m
[31m  186 ): Promise<void> => {[39m
[31m  187   try {[39m
[31m→ 188     const livestock = await prisma.livestock.findUnique([39m
[31mThe column `Livestock.isDeleted` does not exist in the current database.[39m
2025-07-04 15:17:31 [31merror[39m [31mPrisma error: [39m
[31mInvalid `prisma.livestock.findUnique()` invocation in[39m
[31mC:\Users\DoBUY\Agritech-Backend\src\contollers\livestock.controller.ts:188:46[39m

[31m  185   next: NextFunction[39m
[31m  186 ): Promise<void> => {[39m
[31m  187   try {[39m
[31m→ 188     const livestock = await prisma.livestock.findUnique([39m
[31mThe column `Livestock.isDeleted` does not exist in the current database. [39m
[31mInvalid `prisma.livestock.findUnique()` invocation in[39m
[31mC:\Users\DoBUY\Agritech-Backend\src\contollers\livestock.controller.ts:188:46[39m

[31m  185   next: NextFunction[39m
[31m  186 ): Promise<void> => {[39m
[31m  187   try {[39m
[31m→ 188     const livestock = await prisma.livestock.findUnique([39m
[31mThe column `Livestock.isDeleted` does not exist in the current database.[39m
2025-07-06 04:53:31 [31merror[39m [31mLivestock not found Livestock not found[39m
2025-07-06 05:58:05 [31merror[39m [31mVaccination record not found Vaccination record not found[39m
2025-07-06 06:26:30 [31merror[39m [31mDatabase validation error: [39m
[31mInvalid `prisma.livestock.findMany()` invocation in[39m
[31mC:\Users\DoBUY\Agritech-Backend\src\contollers\livestock.controller.ts:91:46[39m

[31m  88   ...(type && { type: String(type) }) [39m
[31m  89 };[39m
[31m  90 [39m
[31m→ 91 const livestock = await prisma.livestock.findMany({[39m
[31m       where: {[39m
[31m         isDeleted: false,[39m
[31m         ~~~~~~~~~[39m
[31m     ?   AND?: LivestockWhereInput | LivestockWhereInput[],[39m
[31m     ?   OR?: LivestockWhereInput[],[39m
[31m     ?   NOT?: LivestockWhereInput | LivestockWhereInput[],[39m
[31m     ?   id?: StringFilter | String,[39m
[31m     ?   tagId?: StringFilter | String,[39m
[31m     ?   type?: StringFilter | String,[39m
[31m     ?   breed?: StringNullableFilter | String | Null,[39m
[31m     ?   birthDate?: DateTimeNullableFilter | DateTime | Null,[39m
[31m     ?   healthStatus?: EnumHealthStatusFilter | HealthStatus,[39m
[31m     ?   weight?: FloatNullableFilter | Float | Null,[39m
[31m     ?   gender?: StringFilter | String,[39m
[31m     ?   livestockSource?: StringNullableFilter | String | Null,[39m
[31m     ?   livestockPurpose?: StringNullableFilter | String | Null,[39m
[31m     ?   addedById?: StringFilter | String,[39m
[31m     ?   updatedById?: StringNullableFilter | String | Null,[39m
[31m     ?   createdAt?: DateTimeFilter | DateTime,[39m
[31m     ?   updatedAt?: DateTimeFilter | DateTime,[39m
[31m     ?   addedBy?: UserScalarRelationFilter | UserWhereInput,[39m
[31m     ?   updatedBy?: UserNullableScalarRelationFilter | UserWhereInput | Null,[39m
[31m     ?   vaccinationRecords?: VaccinationListRelationFilter[39m
[31m       },[39m
[31m       skip: 0,[39m
[31m       take: 10,[39m
[31m       include: {[39m
[31m         addedBy: true[39m
[31m       },[39m
[31m       orderBy: {[39m
[31m         createdAt: "desc"[39m
[31m       }[39m
[31m     })[39m

[31mUnknown argument `isDeleted`. Available options are marked with ?. [39m
[31mInvalid `prisma.livestock.findMany()` invocation in[39m
[31mC:\Users\DoBUY\Agritech-Backend\src\contollers\livestock.controller.ts:91:46[39m

[31m  88   ...(type && { type: String(type) }) [39m
[31m  89 };[39m
[31m  90 [39m
[31m→ 91 const livestock = await prisma.livestock.findMany({[39m
[31m       where: {[39m
[31m         isDeleted: false,[39m
[31m         ~~~~~~~~~[39m
[31m     ?   AND?: LivestockWhereInput | LivestockWhereInput[],[39m
[31m     ?   OR?: LivestockWhereInput[],[39m
[31m     ?   NOT?: LivestockWhereInput | LivestockWhereInput[],[39m
[31m     ?   id?: StringFilter | String,[39m
[31m     ?   tagId?: StringFilter | String,[39m
[31m     ?   type?: StringFilter | String,[39m
[31m     ?   breed?: StringNullableFilter | String | Null,[39m
[31m     ?   birthDate?: DateTimeNullableFilter | DateTime | Null,[39m
[31m     ?   healthStatus?: EnumHealthStatusFilter | HealthStatus,[39m
[31m     ?   weight?: FloatNullableFilter | Float | Null,[39m
[31m     ?   gender?: StringFilter | String,[39m
[31m     ?   livestockSource?: StringNullableFilter | String | Null,[39m
[31m     ?   livestockPurpose?: StringNullableFilter | String | Null,[39m
[31m     ?   addedById?: StringFilter | String,[39m
[31m     ?   updatedById?: StringNullableFilter | String | Null,[39m
[31m     ?   createdAt?: DateTimeFilter | DateTime,[39m
[31m     ?   updatedAt?: DateTimeFilter | DateTime,[39m
[31m     ?   addedBy?: UserScalarRelationFilter | UserWhereInput,[39m
[31m     ?   updatedBy?: UserNullableScalarRelationFilter | UserWhereInput | Null,[39m
[31m     ?   vaccinationRecords?: VaccinationListRelationFilter[39m
[31m       },[39m
[31m       skip: 0,[39m
[31m       take: 10,[39m
[31m       include: {[39m
[31m         addedBy: true[39m
[31m       },[39m
[31m       orderBy: {[39m
[31m         createdAt: "desc"[39m
[31m       }[39m
[31m     })[39m

[31mUnknown argument `isDeleted`. Available options are marked with ?.[39m
2025-07-06 06:28:19 [31merror[39m [31mDatabase validation error: [39m
[31mInvalid `prisma.livestock.findMany()` invocation in[39m
[31mC:\Users\DoBUY\Agritech-Backend\src\contollers\livestock.controller.ts:91:46[39m

[31m  88   ...(type && { type: String(type) }) [39m
[31m  89 };[39m
[31m  90 [39m
[31m→ 91 const livestock = await prisma.livestock.findMany({[39m
[31m       where: {[39m
[31m         isDeleted: false,[39m
[31m         ~~~~~~~~~[39m
[31m     ?   AND?: LivestockWhereInput | LivestockWhereInput[],[39m
[31m     ?   OR?: LivestockWhereInput[],[39m
[31m     ?   NOT?: LivestockWhereInput | LivestockWhereInput[],[39m
[31m     ?   id?: StringFilter | String,[39m
[31m     ?   tagId?: StringFilter | String,[39m
[31m     ?   type?: StringFilter | String,[39m
[31m     ?   breed?: StringNullableFilter | String | Null,[39m
[31m     ?   birthDate?: DateTimeNullableFilter | DateTime | Null,[39m
[31m     ?   healthStatus?: EnumHealthStatusFilter | HealthStatus,[39m
[31m     ?   weight?: FloatNullableFilter | Float | Null,[39m
[31m     ?   gender?: StringFilter | String,[39m
[31m     ?   livestockSource?: StringNullableFilter | String | Null,[39m
[31m     ?   livestockPurpose?: StringNullableFilter | String | Null,[39m
[31m     ?   addedById?: StringFilter | String,[39m
[31m     ?   updatedById?: StringNullableFilter | String | Null,[39m
[31m     ?   createdAt?: DateTimeFilter | DateTime,[39m
[31m     ?   updatedAt?: DateTimeFilter | DateTime,[39m
[31m     ?   addedBy?: UserScalarRelationFilter | UserWhereInput,[39m
[31m     ?   updatedBy?: UserNullableScalarRelationFilter | UserWhereInput | Null,[39m
[31m     ?   vaccinationRecords?: VaccinationListRelationFilter[39m
[31m       },[39m
[31m       skip: 0,[39m
[31m       take: 10,[39m
[31m       include: {[39m
[31m         addedBy: true[39m
[31m       },[39m
[31m       orderBy: {[39m
[31m         createdAt: "desc"[39m
[31m       }[39m
[31m     })[39m

[31mUnknown argument `isDeleted`. Available options are marked with ?. [39m
[31mInvalid `prisma.livestock.findMany()` invocation in[39m
[31mC:\Users\DoBUY\Agritech-Backend\src\contollers\livestock.controller.ts:91:46[39m

[31m  88   ...(type && { type: String(type) }) [39m
[31m  89 };[39m
[31m  90 [39m
[31m→ 91 const livestock = await prisma.livestock.findMany({[39m
[31m       where: {[39m
[31m         isDeleted: false,[39m
[31m         ~~~~~~~~~[39m
[31m     ?   AND?: LivestockWhereInput | LivestockWhereInput[],[39m
[31m     ?   OR?: LivestockWhereInput[],[39m
[31m     ?   NOT?: LivestockWhereInput | LivestockWhereInput[],[39m
[31m     ?   id?: StringFilter | String,[39m
[31m     ?   tagId?: StringFilter | String,[39m
[31m     ?   type?: StringFilter | String,[39m
[31m     ?   breed?: StringNullableFilter | String | Null,[39m
[31m     ?   birthDate?: DateTimeNullableFilter | DateTime | Null,[39m
[31m     ?   healthStatus?: EnumHealthStatusFilter | HealthStatus,[39m
[31m     ?   weight?: FloatNullableFilter | Float | Null,[39m
[31m     ?   gender?: StringFilter | String,[39m
[31m     ?   livestockSource?: StringNullableFilter | String | Null,[39m
[31m     ?   livestockPurpose?: StringNullableFilter | String | Null,[39m
[31m     ?   addedById?: StringFilter | String,[39m
[31m     ?   updatedById?: StringNullableFilter | String | Null,[39m
[31m     ?   createdAt?: DateTimeFilter | DateTime,[39m
[31m     ?   updatedAt?: DateTimeFilter | DateTime,[39m
[31m     ?   addedBy?: UserScalarRelationFilter | UserWhereInput,[39m
[31m     ?   updatedBy?: UserNullableScalarRelationFilter | UserWhereInput | Null,[39m
[31m     ?   vaccinationRecords?: VaccinationListRelationFilter[39m
[31m       },[39m
[31m       skip: 0,[39m
[31m       take: 10,[39m
[31m       include: {[39m
[31m         addedBy: true[39m
[31m       },[39m
[31m       orderBy: {[39m
[31m         createdAt: "desc"[39m
[31m       }[39m
[31m     })[39m

[31mUnknown argument `isDeleted`. Available options are marked with ?.[39m
2025-07-06 09:48:27 [31merror[39m [31mDatabase validation error: [39m
[31mInvalid `prisma.sickness.create()` invocation in[39m
[31mC:\Users\DoBUY\Agritech-Backend\src\contollers\sickness.controllers.ts:25:23[39m

[31m  22 [39m
[31m  23 // Create sickness record and update livestock status in a transaction[39m
[31m  24 const [sickness] = await prisma.$transaction([[39m
[31m→ 25   prisma.sickness.create({[39m
[31m         data: {[39m
[31m           livestockId: "cmcop7ll30001t1ncj7c9hsa7",[39m
[31m           dateOfObservation: new Date("Invalid Date"),[39m
[31m                              ~~~~~~~~~~~~~~~~~~~~~~~~[39m
[31m           observedSymptoms: "Lethargy, loss of appetite",[39m
[31m           suspectedCause: "Possible infection",[39m
[31m           notes: "Isolated from herd",[39m
[31m           recordedById: "cmcnjxm6s0000t1p8rcay1eoq"[39m
[31m         },[39m
[31m         include: {[39m
[31m           livestock: true,[39m
[31m           recordedBy: {[39m
[31m             select: {[39m
[31m               id: true,[39m
[31m               fullName: true,[39m
[31m               email: true,[39m
[31m               role: true,[39m
[31m               isVerified: true,[39m
[31m               avatar: true,[39m
[31m               location: true,[39m
[31m               createdAt: true,[39m
[31m               updatedAt: true[39m
[31m             }[39m
[31m           }[39m
[31m         }[39m
[31m       })[39m

[31mInvalid value for argument `dateOfObservation`: Provided Date object is invalid. Expected Date. [39m
[31mInvalid `prisma.sickness.create()` invocation in[39m
[31mC:\Users\DoBUY\Agritech-Backend\src\contollers\sickness.controllers.ts:25:23[39m

[31m  22 [39m
[31m  23 // Create sickness record and update livestock status in a transaction[39m
[31m  24 const [sickness] = await prisma.$transaction([[39m
[31m→ 25   prisma.sickness.create({[39m
[31m         data: {[39m
[31m           livestockId: "cmcop7ll30001t1ncj7c9hsa7",[39m
[31m           dateOfObservation: new Date("Invalid Date"),[39m
[31m                              ~~~~~~~~~~~~~~~~~~~~~~~~[39m
[31m           observedSymptoms: "Lethargy, loss of appetite",[39m
[31m           suspectedCause: "Possible infection",[39m
[31m           notes: "Isolated from herd",[39m
[31m           recordedById: "cmcnjxm6s0000t1p8rcay1eoq"[39m
[31m         },[39m
[31m         include: {[39m
[31m           livestock: true,[39m
[31m           recordedBy: {[39m
[31m             select: {[39m
[31m               id: true,[39m
[31m               fullName: true,[39m
[31m               email: true,[39m
[31m               role: true,[39m
[31m               isVerified: true,[39m
[31m               avatar: true,[39m
[31m               location: true,[39m
[31m               createdAt: true,[39m
[31m               updatedAt: true[39m
[31m             }[39m
[31m           }[39m
[31m         }[39m
[31m       })[39m

[31mInvalid value for argument `dateOfObservation`: Provided Date object is invalid. Expected Date.[39m
2025-07-06 10:59:47 [31merror[39m [31mExpected ',' or '}' after property value in JSON at position 191 (line 7 column 31) Expected ',' or '}' after property value in JSON at position 191 (line 7 column 31)[39m
2025-07-06 11:12:23 [31merror[39m [31mSickness record not found Sickness record not found[39m
2025-07-06 11:12:48 [31merror[39m [31mSickness record not found Sickness record not found[39m
2025-07-06 11:12:49 [31merror[39m [31mSickness record not found Sickness record not found[39m
2025-07-06 11:12:50 [31merror[39m [31mSickness record not found Sickness record not found[39m
2025-07-06 11:12:51 [31merror[39m [31mSickness record not found Sickness record not found[39m
2025-07-06 11:13:03 [31merror[39m [31mSickness record not found Sickness record not found[39m
2025-07-06 11:14:25 [31merror[39m [31mSickness record not found Sickness record not found[39m
2025-07-06 11:16:37 [31merror[39m [31mSickness record not found Sickness record not found[39m
2025-07-06 11:17:24 [31merror[39m [31mSickness record not found Sickness record not found[39m
2025-07-06 12:20:51 [31merror[39m [31mSickness record not found Sickness record not found[39m
2025-07-06 12:25:45 [31merror[39m [31mTreatment record not found Treatment record not found[39m
2025-07-06 12:37:00 [31merror[39m [31mTreatment record not found Treatment record not found[39m
2025-07-07 02:26:49 [31merror[39m [31mInternal Server Error Invalid offtake type[39m
2025-07-07 02:27:08 [31merror[39m [31mInternal Server Error Invalid offtake type[39m
2025-07-07 02:28:44 [31merror[39m [31mInternal Server Error Invalid offtake type[39m
2025-07-07 02:29:24 [31merror[39m [31mInternal Server Error Invalid offtake type[39m
2025-07-07 16:33:02 [31merror[39m [31mExpected ':' after property name in JSON at position 48 (line 3 column 16) Expected ':' after property name in JSON at position 48 (line 3 column 16)[39m
2025-07-07 16:35:36 [31merror[39m [31mUser not found User not found[39m
2025-07-07 16:43:03 [31merror[39m [31mInternal Server Error The first argument must be of type string or an instance of Buffer, ArrayBuffer, or Array or an Array-like Object. Received undefined[39m
2025-07-07 16:43:22 [31merror[39m [31mInternal Server Error The first argument must be of type string or an instance of Buffer, ArrayBuffer, or Array or an Array-like Object. Received undefined[39m
2025-07-07 16:43:24 [31merror[39m [31mInternal Server Error The first argument must be of type string or an instance of Buffer, ArrayBuffer, or Array or an Array-like Object. Received undefined[39m
2025-07-07 16:43:26 [31merror[39m [31mInternal Server Error The first argument must be of type string or an instance of Buffer, ArrayBuffer, or Array or an Array-like Object. Received undefined[39m
2025-07-11 08:54:04 [31merror[39m [31mInvalid credentials Invalid credentials[39m
2025-07-11 23:40:57 [31merror[39m [31mUser not found User not found[39m
2025-07-14 14:05:52 [31merror[39m [31mPrisma error: [39m
[31mInvalid `prisma.task.findMany()` invocation:[39m


[31mThe table `public.Task` does not exist in the current database. [39m
[31mInvalid `prisma.task.findMany()` invocation:[39m


[31mThe table `public.Task` does not exist in the current database.[39m
2025-07-14 16:14:48 [31merror[39m [31mUser not found User not found[39m
2025-07-14 16:15:40 [31merror[39m [31mUser not found User not found[39m
2025-07-14 16:18:07 [31merror[39m [31mUser not found User not found[39m
2025-07-14 16:29:49 [31merror[39m [31mUser not found User not found[39m
2025-07-14 16:47:08 [31merror[39m [31mUser not found User not found[39m
2025-07-14 16:48:05 [31merror[39m [31mUser not found User not found[39m
2025-07-14 16:48:35 [31merror[39m [31mUser not found User not found[39m
2025-07-14 16:50:03 [31merror[39m [31mUser not found User not found[39m
2025-07-14 16:55:30 [31merror[39m [31mUser not found User not found[39m
2025-07-14 17:01:17 [31merror[39m [31mUser not found User not found[39m
2025-07-14 17:01:36 [31merror[39m [31mUser not found User not found[39m
2025-07-14 17:05:46 [31merror[39m [31mUser not found User not found[39m
2025-07-14 17:08:16 [31merror[39m [31mUser not found User not found[39m
2025-07-14 17:30:46 [31merror[39m [31mUser not found User not found[39m
2025-07-14 17:31:27 [31merror[39m [31mUser not found User not found[39m
2025-07-14 17:34:21 [31merror[39m [31mUser not found User not found[39m
2025-07-14 17:35:14 [31merror[39m [31mUser not found User not found[39m
2025-07-14 18:05:30 [31merror[39m [31mUser not found User not found[39m
2025-07-14 18:06:22 [31merror[39m [31mUser not found User not found[39m
2025-07-14 18:09:03 [31merror[39m [31mUser not found User not found[39m
2025-07-14 18:10:38 [31merror[39m [31mUser not found User not found[39m
2025-07-14 18:40:51 [31merror[39m [31mUser not found User not found[39m
2025-07-14 18:45:41 [31merror[39m [31mUser not found User not found[39m
2025-07-14 18:46:08 [31merror[39m [31mTask not found Task not found[39m
2025-07-14 18:54:45 [31merror[39m [31mUser not found User not found[39m
2025-07-14 20:21:34 [31merror[39m [31mUser not found User not found[39m
2025-07-14 20:21:59 [31merror[39m [31mUser not found User not found[39m
2025-07-14 20:22:22 [31merror[39m [31mUser not found User not found[39m
2025-07-15 16:30:44 [31merror[39m [31mInternal Server Error [39m
[31mInvalid `prisma.user.findFirst()` invocation:[39m


[31mCan't reach database server at `dpg-d1nsbeidbo4c73f0jpm0-a.oregon-postgres.render.com:5432`[39m

[31mPlease make sure your database server is running at `dpg-d1nsbeidbo4c73f0jpm0-a.oregon-postgres.render.com:5432`.[39m
2025-07-15 16:31:22 [31merror[39m [31mInternal Server Error [39m
[31mInvalid `prisma.user.findFirst()` invocation:[39m


[31mCan't reach database server at `dpg-d1nsbeidbo4c73f0jpm0-a.oregon-postgres.render.com:5432`[39m

[31mPlease make sure your database server is running at `dpg-d1nsbeidbo4c73f0jpm0-a.oregon-postgres.render.com:5432`.[39m
2025-07-18 12:42:48 [31merror[39m [31mLivestock not found Livestock not found[39m
2025-07-18 12:49:14 [31merror[39m [31mExpected double-quoted property name in JSON at position 48 (line 4 column 1) Expected double-quoted property name in JSON at position 48 (line 4 column 1)[39m
2025-07-20 07:32:24 [31merror[39m [31mLivestock not found Livestock not found[39m
2025-07-21 23:37:32 [31merror[39m [31mDeletion reason is required for farm keepers Deletion reason is required for farm keepers[39m
2025-07-21 23:38:13 [31merror[39m [31mDeletion reason is required for farm keepers Deletion reason is required for farm keepers[39m
2025-07-21 23:38:26 [31merror[39m [31mDeletion reason is required for farm keepers Deletion reason is required for farm keepers[39m
2025-07-22 06:47:04 [31merror[39m [31mLivestock not found Livestock not found[39m
2025-07-22 06:47:36 [31merror[39m [31mDeletion reason is required for farm keepers Deletion reason is required for farm keepers[39m
2025-07-22 17:55:23 [31merror[39m [31mPrisma error: [39m
[31mInvalid `prisma.user.findFirst()` invocation:[39m


[31mCan't reach database server at `dpg-d1nsbeidbo4c73f0jpm0-a.oregon-postgres.render.com:5432`[39m

[31mPlease make sure your database server is running at `dpg-d1nsbeidbo4c73f0jpm0-a.oregon-postgres.render.com:5432`. [39m
[31mInvalid `prisma.user.findFirst()` invocation:[39m


[31mCan't reach database server at `dpg-d1nsbeidbo4c73f0jpm0-a.oregon-postgres.render.com:5432`[39m

[31mPlease make sure your database server is running at `dpg-d1nsbeidbo4c73f0jpm0-a.oregon-postgres.render.com:5432`.[39m
2025-07-22 17:55:33 [31merror[39m [31mPrisma error: [39m
[31mInvalid `prisma.user.findFirst()` invocation:[39m


[31mCan't reach database server at `dpg-d1nsbeidbo4c73f0jpm0-a.oregon-postgres.render.com:5432`[39m

[31mPlease make sure your database server is running at `dpg-d1nsbeidbo4c73f0jpm0-a.oregon-postgres.render.com:5432`. [39m
[31mInvalid `prisma.user.findFirst()` invocation:[39m


[31mCan't reach database server at `dpg-d1nsbeidbo4c73f0jpm0-a.oregon-postgres.render.com:5432`[39m

[31mPlease make sure your database server is running at `dpg-d1nsbeidbo4c73f0jpm0-a.oregon-postgres.render.com:5432`.[39m
2025-07-22 17:55:40 [31merror[39m [31mPrisma error: [39m
[31mInvalid `prisma.user.findFirst()` invocation:[39m


[31mCan't reach database server at `dpg-d1nsbeidbo4c73f0jpm0-a.oregon-postgres.render.com:5432`[39m

[31mPlease make sure your database server is running at `dpg-d1nsbeidbo4c73f0jpm0-a.oregon-postgres.render.com:5432`. [39m
[31mInvalid `prisma.user.findFirst()` invocation:[39m


[31mCan't reach database server at `dpg-d1nsbeidbo4c73f0jpm0-a.oregon-postgres.render.com:5432`[39m

[31mPlease make sure your database server is running at `dpg-d1nsbeidbo4c73f0jpm0-a.oregon-postgres.render.com:5432`.[39m
2025-07-22 17:55:57 [31merror[39m [31mPrisma error: [39m
[31mInvalid `prisma.user.findFirst()` invocation:[39m


[31mCan't reach database server at `dpg-d1nsbeidbo4c73f0jpm0-a.oregon-postgres.render.com:5432`[39m

[31mPlease make sure your database server is running at `dpg-d1nsbeidbo4c73f0jpm0-a.oregon-postgres.render.com:5432`. [39m
[31mInvalid `prisma.user.findFirst()` invocation:[39m


[31mCan't reach database server at `dpg-d1nsbeidbo4c73f0jpm0-a.oregon-postgres.render.com:5432`[39m

[31mPlease make sure your database server is running at `dpg-d1nsbeidbo4c73f0jpm0-a.oregon-postgres.render.com:5432`.[39m
2025-07-24 05:07:13 [31merror[39m [31mTask not found or you are not assigned to it Task not found or you are not assigned to it[39m
2025-07-24 12:04:09 [31merror[39m [31mInternal Server Error [39m
[31mInvalid `prisma.user.findFirst()` invocation:[39m


[31mCan't reach database server at `dpg-d1nsbeidbo4c73f0jpm0-a.oregon-postgres.render.com:5432`[39m

[31mPlease make sure your database server is running at `dpg-d1nsbeidbo4c73f0jpm0-a.oregon-postgres.render.com:5432`.[39m
2025-07-24 13:05:32 [31merror[39m [31mDatabase validation error: [39m
[31mInvalid `prisma.inventory.create()` invocation:[39m

[31m{[39m
[31m  data: {[39m
[31m    type: "FEED",[39m
[31m    name: "Premium Cattle Feed",[39m
[31m    currentQuantity: "100",[39m
[31m                     ~~~~~[39m
[31m    purchasePrice: "2.50",[39m
[31m    reorderPoint: "20",[39m
[31m    supplier: "AgroSupplies",[39m
[31m    notes: "Initial stock",[39m
[31m    mediaUrls: [[39m
[31m      "/uploads/1753358732336-cattle feed.jpeg"[39m
[31m    ],[39m
[31m    records: {[39m
[31m      create: {[39m
[31m        recordType: "NEW",[39m
[31m        quantity: "100",[39m
[31m        pricePerUnit: "2.50",[39m
[31m        totalCost: "250.00",[39m
[31m        date: "2025-01-02",[39m
[31m        notes: "Initial stock",[39m
[31m        mediaUrls: [[39m
[31m          "/uploads/1753358732336-cattle feed.jpeg"[39m
[31m        ],[39m
[31m        recordedById: "cmcnjxm6s0000t1p8rcay1eoq"[39m
[31m      }[39m
[31m    }[39m
[31m  },[39m
[31m  include: {[39m
[31m    records: {[39m
[31m      orderBy: {[39m
[31m        createdAt: "desc"[39m
[31m      },[39m
[31m      take: 1[39m
[31m    }[39m
[31m  }[39m
[31m}[39m

[31mArgument `currentQuantity`: Invalid value provided. Expected Float, provided String. [39m
[31mInvalid `prisma.inventory.create()` invocation:[39m

[31m{[39m
[31m  data: {[39m
[31m    type: "FEED",[39m
[31m    name: "Premium Cattle Feed",[39m
[31m    currentQuantity: "100",[39m
[31m                     ~~~~~[39m
[31m    purchasePrice: "2.50",[39m
[31m    reorderPoint: "20",[39m
[31m    supplier: "AgroSupplies",[39m
[31m    notes: "Initial stock",[39m
[31m    mediaUrls: [[39m
[31m      "/uploads/1753358732336-cattle feed.jpeg"[39m
[31m    ],[39m
[31m    records: {[39m
[31m      create: {[39m
[31m        recordType: "NEW",[39m
[31m        quantity: "100",[39m
[31m        pricePerUnit: "2.50",[39m
[31m        totalCost: "250.00",[39m
[31m        date: "2025-01-02",[39m
[31m        notes: "Initial stock",[39m
[31m        mediaUrls: [[39m
[31m          "/uploads/1753358732336-cattle feed.jpeg"[39m
[31m        ],[39m
[31m        recordedById: "cmcnjxm6s0000t1p8rcay1eoq"[39m
[31m      }[39m
[31m    }[39m
[31m  },[39m
[31m  include: {[39m
[31m    records: {[39m
[31m      orderBy: {[39m
[31m        createdAt: "desc"[39m
[31m      },[39m
[31m      take: 1[39m
[31m    }[39m
[31m  }[39m
[31m}[39m

[31mArgument `currentQuantity`: Invalid value provided. Expected Float, provided String.[39m
2025-07-24 13:05:40 [31merror[39m [31mDatabase validation error: [39m
[31mInvalid `prisma.inventory.create()` invocation:[39m

[31m{[39m
[31m  data: {[39m
[31m    type: "FEED",[39m
[31m    name: "Premium Cattle Feed",[39m
[31m    currentQuantity: "100",[39m
[31m                     ~~~~~[39m
[31m    purchasePrice: "2.50",[39m
[31m    reorderPoint: "20",[39m
[31m    supplier: "AgroSupplies",[39m
[31m    notes: "Initial stock",[39m
[31m    mediaUrls: [[39m
[31m      "/uploads/1753358740686-cattle feed.jpeg"[39m
[31m    ],[39m
[31m    records: {[39m
[31m      create: {[39m
[31m        recordType: "NEW",[39m
[31m        quantity: "100",[39m
[31m        pricePerUnit: "2.50",[39m
[31m        totalCost: "250.00",[39m
[31m        date: "2025-01-02",[39m
[31m        notes: "Initial stock",[39m
[31m        mediaUrls: [[39m
[31m          "/uploads/1753358740686-cattle feed.jpeg"[39m
[31m        ],[39m
[31m        recordedById: "cmcnjxm6s0000t1p8rcay1eoq"[39m
[31m      }[39m
[31m    }[39m
[31m  },[39m
[31m  include: {[39m
[31m    records: {[39m
[31m      orderBy: {[39m
[31m        createdAt: "desc"[39m
[31m      },[39m
[31m      take: 1[39m
[31m    }[39m
[31m  }[39m
[31m}[39m

[31mArgument `currentQuantity`: Invalid value provided. Expected Float, provided String. [39m
[31mInvalid `prisma.inventory.create()` invocation:[39m

[31m{[39m
[31m  data: {[39m
[31m    type: "FEED",[39m
[31m    name: "Premium Cattle Feed",[39m
[31m    currentQuantity: "100",[39m
[31m                     ~~~~~[39m
[31m    purchasePrice: "2.50",[39m
[31m    reorderPoint: "20",[39m
[31m    supplier: "AgroSupplies",[39m
[31m    notes: "Initial stock",[39m
[31m    mediaUrls: [[39m
[31m      "/uploads/1753358740686-cattle feed.jpeg"[39m
[31m    ],[39m
[31m    records: {[39m
[31m      create: {[39m
[31m        recordType: "NEW",[39m
[31m        quantity: "100",[39m
[31m        pricePerUnit: "2.50",[39m
[31m        totalCost: "250.00",[39m
[31m        date: "2025-01-02",[39m
[31m        notes: "Initial stock",[39m
[31m        mediaUrls: [[39m
[31m          "/uploads/1753358740686-cattle feed.jpeg"[39m
[31m        ],[39m
[31m        recordedById: "cmcnjxm6s0000t1p8rcay1eoq"[39m
[31m      }[39m
[31m    }[39m
[31m  },[39m
[31m  include: {[39m
[31m    records: {[39m
[31m      orderBy: {[39m
[31m        createdAt: "desc"[39m
[31m      },[39m
[31m      take: 1[39m
[31m    }[39m
[31m  }[39m
[31m}[39m

[31mArgument `currentQuantity`: Invalid value provided. Expected Float, provided String.[39m
2025-07-24 13:10:27 [31merror[39m [31mDatabase validation error: [39m
[31mInvalid `prisma.inventory.create()` invocation:[39m

[31m{[39m
[31m  data: {[39m
[31m    type: "FEED",[39m
[31m    name: "Premium Cattle Feed",[39m
[31m    currentQuantity: "100",[39m
[31m                     ~~~~~[39m
[31m    purchasePrice: "2.50",[39m
[31m    reorderPoint: "20",[39m
[31m    supplier: "AgroSupplies",[39m
[31m    notes: "Initial stock",[39m
[31m    mediaUrls: [[39m
[31m      "/uploads/1753359027588-cattle feed.jpeg"[39m
[31m    ],[39m
[31m    records: {[39m
[31m      create: {[39m
[31m        recordType: "NEW",[39m
[31m        quantity: "100",[39m
[31m        pricePerUnit: "2.50",[39m
[31m        totalCost: "250.00",[39m
[31m        date: "2025-01-02",[39m
[31m        notes: "Initial stock",[39m
[31m        mediaUrls: [[39m
[31m          "/uploads/1753359027588-cattle feed.jpeg"[39m
[31m        ],[39m
[31m        recordedById: "cmcnjxm6s0000t1p8rcay1eoq"[39m
[31m      }[39m
[31m    }[39m
[31m  },[39m
[31m  include: {[39m
[31m    records: {[39m
[31m      orderBy: {[39m
[31m        createdAt: "desc"[39m
[31m      },[39m
[31m      take: 1[39m
[31m    }[39m
[31m  }[39m
[31m}[39m

[31mArgument `currentQuantity`: Invalid value provided. Expected Float, provided String. [39m
[31mInvalid `prisma.inventory.create()` invocation:[39m

[31m{[39m
[31m  data: {[39m
[31m    type: "FEED",[39m
[31m    name: "Premium Cattle Feed",[39m
[31m    currentQuantity: "100",[39m
[31m                     ~~~~~[39m
[31m    purchasePrice: "2.50",[39m
[31m    reorderPoint: "20",[39m
[31m    supplier: "AgroSupplies",[39m
[31m    notes: "Initial stock",[39m
[31m    mediaUrls: [[39m
[31m      "/uploads/1753359027588-cattle feed.jpeg"[39m
[31m    ],[39m
[31m    records: {[39m
[31m      create: {[39m
[31m        recordType: "NEW",[39m
[31m        quantity: "100",[39m
[31m        pricePerUnit: "2.50",[39m
[31m        totalCost: "250.00",[39m
[31m        date: "2025-01-02",[39m
[31m        notes: "Initial stock",[39m
[31m        mediaUrls: [[39m
[31m          "/uploads/1753359027588-cattle feed.jpeg"[39m
[31m        ],[39m
[31m        recordedById: "cmcnjxm6s0000t1p8rcay1eoq"[39m
[31m      }[39m
[31m    }[39m
[31m  },[39m
[31m  include: {[39m
[31m    records: {[39m
[31m      orderBy: {[39m
[31m        createdAt: "desc"[39m
[31m      },[39m
[31m      take: 1[39m
[31m    }[39m
[31m  }[39m
[31m}[39m

[31mArgument `currentQuantity`: Invalid value provided. Expected Float, provided String.[39m
2025-07-24 13:11:01 [31merror[39m [31mDatabase validation error: [39m
[31mInvalid `prisma.inventory.create()` invocation:[39m

[31m{[39m
[31m  data: {[39m
[31m    type: "FEED",[39m
[31m    name: "Premium Cattle Feed",[39m
[31m    currentQuantity: "100",[39m
[31m                     ~~~~~[39m
[31m    purchasePrice: "2.50",[39m
[31m    reorderPoint: "20",[39m
[31m    supplier: "AgroSupplies",[39m
[31m    notes: "Initial stock",[39m
[31m    mediaUrls: [[39m
[31m      "/uploads/1753359061377-cattle feed.jpeg"[39m
[31m    ],[39m
[31m    records: {[39m
[31m      create: {[39m
[31m        recordType: "NEW",[39m
[31m        quantity: "100",[39m
[31m        pricePerUnit: "2.50",[39m
[31m        totalCost: "250.00",[39m
[31m        date: "2025-01-02",[39m
[31m        notes: "Initial stock",[39m
[31m        mediaUrls: [[39m
[31m          "/uploads/1753359061377-cattle feed.jpeg"[39m
[31m        ],[39m
[31m        recordedById: "cmcnjxm6s0000t1p8rcay1eoq"[39m
[31m      }[39m
[31m    }[39m
[31m  },[39m
[31m  include: {[39m
[31m    records: {[39m
[31m      orderBy: {[39m
[31m        createdAt: "desc"[39m
[31m      },[39m
[31m      take: 1[39m
[31m    }[39m
[31m  }[39m
[31m}[39m

[31mArgument `currentQuantity`: Invalid value provided. Expected Float, provided String. [39m
[31mInvalid `prisma.inventory.create()` invocation:[39m

[31m{[39m
[31m  data: {[39m
[31m    type: "FEED",[39m
[31m    name: "Premium Cattle Feed",[39m
[31m    currentQuantity: "100",[39m
[31m                     ~~~~~[39m
[31m    purchasePrice: "2.50",[39m
[31m    reorderPoint: "20",[39m
[31m    supplier: "AgroSupplies",[39m
[31m    notes: "Initial stock",[39m
[31m    mediaUrls: [[39m
[31m      "/uploads/1753359061377-cattle feed.jpeg"[39m
[31m    ],[39m
[31m    records: {[39m
[31m      create: {[39m
[31m        recordType: "NEW",[39m
[31m        quantity: "100",[39m
[31m        pricePerUnit: "2.50",[39m
[31m        totalCost: "250.00",[39m
[31m        date: "2025-01-02",[39m
[31m        notes: "Initial stock",[39m
[31m        mediaUrls: [[39m
[31m          "/uploads/1753359061377-cattle feed.jpeg"[39m
[31m        ],[39m
[31m        recordedById: "cmcnjxm6s0000t1p8rcay1eoq"[39m
[31m      }[39m
[31m    }[39m
[31m  },[39m
[31m  include: {[39m
[31m    records: {[39m
[31m      orderBy: {[39m
[31m        createdAt: "desc"[39m
[31m      },[39m
[31m      take: 1[39m
[31m    }[39m
[31m  }[39m
[31m}[39m

[31mArgument `currentQuantity`: Invalid value provided. Expected Float, provided String.[39m
2025-07-24 13:13:53 [31merror[39m [31mDatabase validation error: [39m
[31mInvalid `prisma.inventory.create()` invocation:[39m

[31m{[39m
[31m  data: {[39m
[31m    type: "FEED",[39m
[31m    name: "Premium Cattle Feed",[39m
[31m    currentQuantity: 100,[39m
[31m    purchasePrice: 2.5,[39m
[31m    reorderPoint: 20,[39m
[31m    supplier: "AgroSupplies",[39m
[31m    notes: "Initial stock",[39m
[31m    mediaUrls: [[39m
[31m      "/uploads/1753359233831-cattle feed.jpeg"[39m
[31m    ],[39m
[31m    records: {[39m
[31m      create: {[39m
[31m        recordType: "NEW",[39m
[31m        quantity: 100,[39m
[31m        pricePerUnit: 2.5,[39m
[31m        totalCost: 250,[39m
[31m        date: new Date("Invalid Date"),[39m
[31m              ~~~~~~~~~~~~~~~~~~~~~~~~[39m
[31m        notes: "Initial stock",[39m
[31m        mediaUrls: [[39m
[31m          "/uploads/1753359233831-cattle feed.jpeg"[39m
[31m        ],[39m
[31m        recordedById: "cmcnjxm6s0000t1p8rcay1eoq"[39m
[31m      }[39m
[31m    }[39m
[31m  },[39m
[31m  include: {[39m
[31m    records: {[39m
[31m      orderBy: {[39m
[31m        createdAt: "desc"[39m
[31m      },[39m
[31m      take: 1[39m
[31m    }[39m
[31m  }[39m
[31m}[39m

[31mInvalid value for argument `date`: Provided Date object is invalid. Expected Date. [39m
[31mInvalid `prisma.inventory.create()` invocation:[39m

[31m{[39m
[31m  data: {[39m
[31m    type: "FEED",[39m
[31m    name: "Premium Cattle Feed",[39m
[31m    currentQuantity: 100,[39m
[31m    purchasePrice: 2.5,[39m
[31m    reorderPoint: 20,[39m
[31m    supplier: "AgroSupplies",[39m
[31m    notes: "Initial stock",[39m
[31m    mediaUrls: [[39m
[31m      "/uploads/1753359233831-cattle feed.jpeg"[39m
[31m    ],[39m
[31m    records: {[39m
[31m      create: {[39m
[31m        recordType: "NEW",[39m
[31m        quantity: 100,[39m
[31m        pricePerUnit: 2.5,[39m
[31m        totalCost: 250,[39m
[31m        date: new Date("Invalid Date"),[39m
[31m              ~~~~~~~~~~~~~~~~~~~~~~~~[39m
[31m        notes: "Initial stock",[39m
[31m        mediaUrls: [[39m
[31m          "/uploads/1753359233831-cattle feed.jpeg"[39m
[31m        ],[39m
[31m        recordedById: "cmcnjxm6s0000t1p8rcay1eoq"[39m
[31m      }[39m
[31m    }[39m
[31m  },[39m
[31m  include: {[39m
[31m    records: {[39m
[31m      orderBy: {[39m
[31m        createdAt: "desc"[39m
[31m      },[39m
[31m      take: 1[39m
[31m    }[39m
[31m  }[39m
[31m}[39m

[31mInvalid value for argument `date`: Provided Date object is invalid. Expected Date.[39m
2025-07-24 13:15:38 [31merror[39m [31mDatabase validation error: [39m
[31mInvalid `prisma.inventory.create()` invocation:[39m

[31m{[39m
[31m  data: {[39m
[31m    type: "FEED",[39m
[31m    name: "Premium Cattle Feed",[39m
[31m    currentQuantity: "100",[39m
[31m                     ~~~~~[39m
[31m    purchasePrice: "2.50",[39m
[31m    reorderPoint: "20",[39m
[31m    supplier: "AgroSupplies",[39m
[31m    notes: "Initial stock",[39m
[31m    mediaUrls: [[39m
[31m      "/uploads/1753359338588-cattle feed.jpeg"[39m
[31m    ],[39m
[31m    records: {[39m
[31m      create: {[39m
[31m        recordType: "NEW",[39m
[31m        quantity: "100",[39m
[31m        pricePerUnit: "2.50",[39m
[31m        totalCost: "250.00",[39m
[31m        date: "2025-01-02",[39m
[31m        notes: "Initial stock",[39m
[31m        mediaUrls: [[39m
[31m          "/uploads/1753359338588-cattle feed.jpeg"[39m
[31m        ],[39m
[31m        recordedById: "cmcnjxm6s0000t1p8rcay1eoq"[39m
[31m      }[39m
[31m    }[39m
[31m  },[39m
[31m  include: {[39m
[31m    records: {[39m
[31m      orderBy: {[39m
[31m        createdAt: "desc"[39m
[31m      },[39m
[31m      take: 1[39m
[31m    }[39m
[31m  }[39m
[31m}[39m

[31mArgument `currentQuantity`: Invalid value provided. Expected Float, provided String. [39m
[31mInvalid `prisma.inventory.create()` invocation:[39m

[31m{[39m
[31m  data: {[39m
[31m    type: "FEED",[39m
[31m    name: "Premium Cattle Feed",[39m
[31m    currentQuantity: "100",[39m
[31m                     ~~~~~[39m
[31m    purchasePrice: "2.50",[39m
[31m    reorderPoint: "20",[39m
[31m    supplier: "AgroSupplies",[39m
[31m    notes: "Initial stock",[39m
[31m    mediaUrls: [[39m
[31m      "/uploads/1753359338588-cattle feed.jpeg"[39m
[31m    ],[39m
[31m    records: {[39m
[31m      create: {[39m
[31m        recordType: "NEW",[39m
[31m        quantity: "100",[39m
[31m        pricePerUnit: "2.50",[39m
[31m        totalCost: "250.00",[39m
[31m        date: "2025-01-02",[39m
[31m        notes: "Initial stock",[39m
[31m        mediaUrls: [[39m
[31m          "/uploads/1753359338588-cattle feed.jpeg"[39m
[31m        ],[39m
[31m        recordedById: "cmcnjxm6s0000t1p8rcay1eoq"[39m
[31m      }[39m
[31m    }[39m
[31m  },[39m
[31m  include: {[39m
[31m    records: {[39m
[31m      orderBy: {[39m
[31m        createdAt: "desc"[39m
[31m      },[39m
[31m      take: 1[39m
[31m    }[39m
[31m  }[39m
[31m}[39m

[31mArgument `currentQuantity`: Invalid value provided. Expected Float, provided String.[39m
2025-07-24 13:17:17 [31merror[39m [31mDatabase validation error: [39m
[31mInvalid `prisma.inventory.create()` invocation:[39m

[31m{[39m
[31m  data: {[39m
[31m    type: "FEED",[39m
[31m    name: "Premium Cattle Feed",[39m
[31m    currentQuantity: "100.00",[39m
[31m                     ~~~~~~~~[39m
[31m    purchasePrice: "2.50",[39m
[31m    reorderPoint: "20",[39m
[31m    supplier: "AgroSupplies",[39m
[31m    notes: "Initial stock",[39m
[31m    mediaUrls: [[39m
[31m      "/uploads/1753359437727-cattle feed.jpeg"[39m
[31m    ],[39m
[31m    records: {[39m
[31m      create: {[39m
[31m        recordType: "NEW",[39m
[31m        quantity: "100.00",[39m
[31m        pricePerUnit: "2.50",[39m
[31m        totalCost: "250.00",[39m
[31m        date: "2025-01-02",[39m
[31m        notes: "Initial stock",[39m
[31m        mediaUrls: [[39m
[31m          "/uploads/1753359437727-cattle feed.jpeg"[39m
[31m        ],[39m
[31m        recordedById: "cmcnjxm6s0000t1p8rcay1eoq"[39m
[31m      }[39m
[31m    }[39m
[31m  },[39m
[31m  include: {[39m
[31m    records: {[39m
[31m      orderBy: {[39m
[31m        createdAt: "desc"[39m
[31m      },[39m
[31m      take: 1[39m
[31m    }[39m
[31m  }[39m
[31m}[39m

[31mArgument `currentQuantity`: Invalid value provided. Expected Float, provided String. [39m
[31mInvalid `prisma.inventory.create()` invocation:[39m

[31m{[39m
[31m  data: {[39m
[31m    type: "FEED",[39m
[31m    name: "Premium Cattle Feed",[39m
[31m    currentQuantity: "100.00",[39m
[31m                     ~~~~~~~~[39m
[31m    purchasePrice: "2.50",[39m
[31m    reorderPoint: "20",[39m
[31m    supplier: "AgroSupplies",[39m
[31m    notes: "Initial stock",[39m
[31m    mediaUrls: [[39m
[31m      "/uploads/1753359437727-cattle feed.jpeg"[39m
[31m    ],[39m
[31m    records: {[39m
[31m      create: {[39m
[31m        recordType: "NEW",[39m
[31m        quantity: "100.00",[39m
[31m        pricePerUnit: "2.50",[39m
[31m        totalCost: "250.00",[39m
[31m        date: "2025-01-02",[39m
[31m        notes: "Initial stock",[39m
[31m        mediaUrls: [[39m
[31m          "/uploads/1753359437727-cattle feed.jpeg"[39m
[31m        ],[39m
[31m        recordedById: "cmcnjxm6s0000t1p8rcay1eoq"[39m
[31m      }[39m
[31m    }[39m
[31m  },[39m
[31m  include: {[39m
[31m    records: {[39m
[31m      orderBy: {[39m
[31m        createdAt: "desc"[39m
[31m      },[39m
[31m      take: 1[39m
[31m    }[39m
[31m  }[39m
[31m}[39m

[31mArgument `currentQuantity`: Invalid value provided. Expected Float, provided String.[39m
2025-07-24 13:18:58 [31merror[39m [31mDatabase validation error: [39m
[31mInvalid `prisma.inventory.create()` invocation:[39m

[31m{[39m
[31m  data: {[39m
[31m    type: "FEED",[39m
[31m    name: "Premium Cattle Feed",[39m
[31m    currentQuantity: "100.00",[39m
[31m                     ~~~~~~~~[39m
[31m    purchasePrice: "2.50",[39m
[31m    reorderPoint: "20",[39m
[31m    supplier: "AgroSupplies",[39m
[31m    notes: "Initial stock",[39m
[31m    mediaUrls: [[39m
[31m      "/uploads/1753359538812-cattle feed.jpeg"[39m
[31m    ],[39m
[31m    records: {[39m
[31m      create: {[39m
[31m        recordType: "NEW",[39m
[31m        quantity: "100.00",[39m
[31m        pricePerUnit: "2.50",[39m
[31m        totalCost: "250.00",[39m
[31m        date: "2025-01-02",[39m
[31m        notes: "Initial stock",[39m
[31m        mediaUrls: [[39m
[31m          "/uploads/1753359538812-cattle feed.jpeg"[39m
[31m        ],[39m
[31m        recordedById: "cmcnjxm6s0000t1p8rcay1eoq"[39m
[31m      }[39m
[31m    }[39m
[31m  },[39m
[31m  include: {[39m
[31m    records: {[39m
[31m      orderBy: {[39m
[31m        createdAt: "desc"[39m
[31m      },[39m
[31m      take: 1[39m
[31m    }[39m
[31m  }[39m
[31m}[39m

[31mArgument `currentQuantity`: Invalid value provided. Expected Float, provided String. [39m
[31mInvalid `prisma.inventory.create()` invocation:[39m

[31m{[39m
[31m  data: {[39m
[31m    type: "FEED",[39m
[31m    name: "Premium Cattle Feed",[39m
[31m    currentQuantity: "100.00",[39m
[31m                     ~~~~~~~~[39m
[31m    purchasePrice: "2.50",[39m
[31m    reorderPoint: "20",[39m
[31m    supplier: "AgroSupplies",[39m
[31m    notes: "Initial stock",[39m
[31m    mediaUrls: [[39m
[31m      "/uploads/1753359538812-cattle feed.jpeg"[39m
[31m    ],[39m
[31m    records: {[39m
[31m      create: {[39m
[31m        recordType: "NEW",[39m
[31m        quantity: "100.00",[39m
[31m        pricePerUnit: "2.50",[39m
[31m        totalCost: "250.00",[39m
[31m        date: "2025-01-02",[39m
[31m        notes: "Initial stock",[39m
[31m        mediaUrls: [[39m
[31m          "/uploads/1753359538812-cattle feed.jpeg"[39m
[31m        ],[39m
[31m        recordedById: "cmcnjxm6s0000t1p8rcay1eoq"[39m
[31m      }[39m
[31m    }[39m
[31m  },[39m
[31m  include: {[39m
[31m    records: {[39m
[31m      orderBy: {[39m
[31m        createdAt: "desc"[39m
[31m      },[39m
[31m      take: 1[39m
[31m    }[39m
[31m  }[39m
[31m}[39m

[31mArgument `currentQuantity`: Invalid value provided. Expected Float, provided String.[39m
2025-07-24 13:19:16 [31merror[39m [31mDatabase validation error: [39m
[31mInvalid `prisma.inventory.create()` invocation:[39m

[31m{[39m
[31m  data: {[39m
[31m    type: "FEED",[39m
[31m    name: "Premium Cattle Feed",[39m
[31m    currentQuantity: "100.00",[39m
[31m                     ~~~~~~~~[39m
[31m    purchasePrice: "2.50",[39m
[31m    reorderPoint: "20",[39m
[31m    supplier: "AgroSupplies",[39m
[31m    notes: "Initial stock",[39m
[31m    mediaUrls: [[39m
[31m      "/uploads/1753359556070-cattle feed.jpeg"[39m
[31m    ],[39m
[31m    records: {[39m
[31m      create: {[39m
[31m        recordType: "NEW",[39m
[31m        quantity: "100.00",[39m
[31m        pricePerUnit: "2.50",[39m
[31m        totalCost: "250.00",[39m
[31m        date: "2025-01-02",[39m
[31m        notes: "Initial stock",[39m
[31m        mediaUrls: [[39m
[31m          "/uploads/1753359556070-cattle feed.jpeg"[39m
[31m        ],[39m
[31m        recordedById: "cmcnjxm6s0000t1p8rcay1eoq"[39m
[31m      }[39m
[31m    }[39m
[31m  },[39m
[31m  include: {[39m
[31m    records: {[39m
[31m      orderBy: {[39m
[31m        createdAt: "desc"[39m
[31m      },[39m
[31m      take: 1[39m
[31m    }[39m
[31m  }[39m
[31m}[39m

[31mArgument `currentQuantity`: Invalid value provided. Expected Float, provided String. [39m
[31mInvalid `prisma.inventory.create()` invocation:[39m

[31m{[39m
[31m  data: {[39m
[31m    type: "FEED",[39m
[31m    name: "Premium Cattle Feed",[39m
[31m    currentQuantity: "100.00",[39m
[31m                     ~~~~~~~~[39m
[31m    purchasePrice: "2.50",[39m
[31m    reorderPoint: "20",[39m
[31m    supplier: "AgroSupplies",[39m
[31m    notes: "Initial stock",[39m
[31m    mediaUrls: [[39m
[31m      "/uploads/1753359556070-cattle feed.jpeg"[39m
[31m    ],[39m
[31m    records: {[39m
[31m      create: {[39m
[31m        recordType: "NEW",[39m
[31m        quantity: "100.00",[39m
[31m        pricePerUnit: "2.50",[39m
[31m        totalCost: "250.00",[39m
[31m        date: "2025-01-02",[39m
[31m        notes: "Initial stock",[39m
[31m        mediaUrls: [[39m
[31m          "/uploads/1753359556070-cattle feed.jpeg"[39m
[31m        ],[39m
[31m        recordedById: "cmcnjxm6s0000t1p8rcay1eoq"[39m
[31m      }[39m
[31m    }[39m
[31m  },[39m
[31m  include: {[39m
[31m    records: {[39m
[31m      orderBy: {[39m
[31m        createdAt: "desc"[39m
[31m      },[39m
[31m      take: 1[39m
[31m    }[39m
[31m  }[39m
[31m}[39m

[31mArgument `currentQuantity`: Invalid value provided. Expected Float, provided String.[39m
2025-07-24 13:19:17 [31merror[39m [31mDatabase validation error: [39m
[31mInvalid `prisma.inventory.create()` invocation:[39m

[31m{[39m
[31m  data: {[39m
[31m    type: "FEED",[39m
[31m    name: "Premium Cattle Feed",[39m
[31m    currentQuantity: "100.00",[39m
[31m                     ~~~~~~~~[39m
[31m    purchasePrice: "2.50",[39m
[31m    reorderPoint: "20",[39m
[31m    supplier: "AgroSupplies",[39m
[31m    notes: "Initial stock",[39m
[31m    mediaUrls: [[39m
[31m      "/uploads/1753359557872-cattle feed.jpeg"[39m
[31m    ],[39m
[31m    records: {[39m
[31m      create: {[39m
[31m        recordType: "NEW",[39m
[31m        quantity: "100.00",[39m
[31m        pricePerUnit: "2.50",[39m
[31m        totalCost: "250.00",[39m
[31m        date: "2025-01-02",[39m
[31m        notes: "Initial stock",[39m
[31m        mediaUrls: [[39m
[31m          "/uploads/1753359557872-cattle feed.jpeg"[39m
[31m        ],[39m
[31m        recordedById: "cmcnjxm6s0000t1p8rcay1eoq"[39m
[31m      }[39m
[31m    }[39m
[31m  },[39m
[31m  include: {[39m
[31m    records: {[39m
[31m      orderBy: {[39m
[31m        createdAt: "desc"[39m
[31m      },[39m
[31m      take: 1[39m
[31m    }[39m
[31m  }[39m
[31m}[39m

[31mArgument `currentQuantity`: Invalid value provided. Expected Float, provided String. [39m
[31mInvalid `prisma.inventory.create()` invocation:[39m

[31m{[39m
[31m  data: {[39m
[31m    type: "FEED",[39m
[31m    name: "Premium Cattle Feed",[39m
[31m    currentQuantity: "100.00",[39m
[31m                     ~~~~~~~~[39m
[31m    purchasePrice: "2.50",[39m
[31m    reorderPoint: "20",[39m
[31m    supplier: "AgroSupplies",[39m
[31m    notes: "Initial stock",[39m
[31m    mediaUrls: [[39m
[31m      "/uploads/1753359557872-cattle feed.jpeg"[39m
[31m    ],[39m
[31m    records: {[39m
[31m      create: {[39m
[31m        recordType: "NEW",[39m
[31m        quantity: "100.00",[39m
[31m        pricePerUnit: "2.50",[39m
[31m        totalCost: "250.00",[39m
[31m        date: "2025-01-02",[39m
[31m        notes: "Initial stock",[39m
[31m        mediaUrls: [[39m
[31m          "/uploads/1753359557872-cattle feed.jpeg"[39m
[31m        ],[39m
[31m        recordedById: "cmcnjxm6s0000t1p8rcay1eoq"[39m
[31m      }[39m
[31m    }[39m
[31m  },[39m
[31m  include: {[39m
[31m    records: {[39m
[31m      orderBy: {[39m
[31m        createdAt: "desc"[39m
[31m      },[39m
[31m      take: 1[39m
[31m    }[39m
[31m  }[39m
[31m}[39m

[31mArgument `currentQuantity`: Invalid value provided. Expected Float, provided String.[39m
2025-07-24 13:20:56 [31merror[39m [31mDatabase validation error: [39m
[31mInvalid `prisma.inventory.create()` invocation:[39m

[31m{[39m
[31m  data: {[39m
[31m    type: "FEED",[39m
[31m    name: "Premium Cattle Feed",[39m
[31m    currentQuantity: "100.0",[39m
[31m                     ~~~~~~~[39m
[31m    purchasePrice: "2.50",[39m
[31m    reorderPoint: "20",[39m
[31m    supplier: "AgroSupplies",[39m
[31m    notes: "Initial stock",[39m
[31m    mediaUrls: [[39m
[31m      "/uploads/1753359656821-cattle feed.jpeg"[39m
[31m    ],[39m
[31m    records: {[39m
[31m      create: {[39m
[31m        recordType: "NEW",[39m
[31m        quantity: "100.0",[39m
[31m        pricePerUnit: "2.50",[39m
[31m        totalCost: "250.00",[39m
[31m        date: "2025-01-02",[39m
[31m        notes: "Initial stock",[39m
[31m        mediaUrls: [[39m
[31m          "/uploads/1753359656821-cattle feed.jpeg"[39m
[31m        ],[39m
[31m        recordedById: "cmcnjxm6s0000t1p8rcay1eoq"[39m
[31m      }[39m
[31m    }[39m
[31m  },[39m
[31m  include: {[39m
[31m    records: {[39m
[31m      orderBy: {[39m
[31m        createdAt: "desc"[39m
[31m      },[39m
[31m      take: 1[39m
[31m    }[39m
[31m  }[39m
[31m}[39m

[31mArgument `currentQuantity`: Invalid value provided. Expected Float, provided String. [39m
[31mInvalid `prisma.inventory.create()` invocation:[39m

[31m{[39m
[31m  data: {[39m
[31m    type: "FEED",[39m
[31m    name: "Premium Cattle Feed",[39m
[31m    currentQuantity: "100.0",[39m
[31m                     ~~~~~~~[39m
[31m    purchasePrice: "2.50",[39m
[31m    reorderPoint: "20",[39m
[31m    supplier: "AgroSupplies",[39m
[31m    notes: "Initial stock",[39m
[31m    mediaUrls: [[39m
[31m      "/uploads/1753359656821-cattle feed.jpeg"[39m
[31m    ],[39m
[31m    records: {[39m
[31m      create: {[39m
[31m        recordType: "NEW",[39m
[31m        quantity: "100.0",[39m
[31m        pricePerUnit: "2.50",[39m
[31m        totalCost: "250.00",[39m
[31m        date: "2025-01-02",[39m
[31m        notes: "Initial stock",[39m
[31m        mediaUrls: [[39m
[31m          "/uploads/1753359656821-cattle feed.jpeg"[39m
[31m        ],[39m
[31m        recordedById: "cmcnjxm6s0000t1p8rcay1eoq"[39m
[31m      }[39m
[31m    }[39m
[31m  },[39m
[31m  include: {[39m
[31m    records: {[39m
[31m      orderBy: {[39m
[31m        createdAt: "desc"[39m
[31m      },[39m
[31m      take: 1[39m
[31m    }[39m
[31m  }[39m
[31m}[39m

[31mArgument `currentQuantity`: Invalid value provided. Expected Float, provided String.[39m
2025-07-24 13:21:13 [31merror[39m [31mDatabase validation error: [39m
[31mInvalid `prisma.inventory.create()` invocation:[39m

[31m{[39m
[31m  data: {[39m
[31m    type: "FEED",[39m
[31m    name: "Premium Cattle Feed",[39m
[31m    currentQuantity: "100",[39m
[31m                     ~~~~~[39m
[31m    purchasePrice: "2.50",[39m
[31m    reorderPoint: "20",[39m
[31m    supplier: "AgroSupplies",[39m
[31m    notes: "Initial stock",[39m
[31m    mediaUrls: [[39m
[31m      "/uploads/1753359673278-cattle feed.jpeg"[39m
[31m    ],[39m
[31m    records: {[39m
[31m      create: {[39m
[31m        recordType: "NEW",[39m
[31m        quantity: "100",[39m
[31m        pricePerUnit: "2.50",[39m
[31m        totalCost: "250.00",[39m
[31m        date: "2025-01-02",[39m
[31m        notes: "Initial stock",[39m
[31m        mediaUrls: [[39m
[31m          "/uploads/1753359673278-cattle feed.jpeg"[39m
[31m        ],[39m
[31m        recordedById: "cmcnjxm6s0000t1p8rcay1eoq"[39m
[31m      }[39m
[31m    }[39m
[31m  },[39m
[31m  include: {[39m
[31m    records: {[39m
[31m      orderBy: {[39m
[31m        createdAt: "desc"[39m
[31m      },[39m
[31m      take: 1[39m
[31m    }[39m
[31m  }[39m
[31m}[39m

[31mArgument `currentQuantity`: Invalid value provided. Expected Float, provided String. [39m
[31mInvalid `prisma.inventory.create()` invocation:[39m

[31m{[39m
[31m  data: {[39m
[31m    type: "FEED",[39m
[31m    name: "Premium Cattle Feed",[39m
[31m    currentQuantity: "100",[39m
[31m                     ~~~~~[39m
[31m    purchasePrice: "2.50",[39m
[31m    reorderPoint: "20",[39m
[31m    supplier: "AgroSupplies",[39m
[31m    notes: "Initial stock",[39m
[31m    mediaUrls: [[39m
[31m      "/uploads/1753359673278-cattle feed.jpeg"[39m
[31m    ],[39m
[31m    records: {[39m
[31m      create: {[39m
[31m        recordType: "NEW",[39m
[31m        quantity: "100",[39m
[31m        pricePerUnit: "2.50",[39m
[31m        totalCost: "250.00",[39m
[31m        date: "2025-01-02",[39m
[31m        notes: "Initial stock",[39m
[31m        mediaUrls: [[39m
[31m          "/uploads/1753359673278-cattle feed.jpeg"[39m
[31m        ],[39m
[31m        recordedById: "cmcnjxm6s0000t1p8rcay1eoq"[39m
[31m      }[39m
[31m    }[39m
[31m  },[39m
[31m  include: {[39m
[31m    records: {[39m
[31m      orderBy: {[39m
[31m        createdAt: "desc"[39m
[31m      },[39m
[31m      take: 1[39m
[31m    }[39m
[31m  }[39m
[31m}[39m

[31mArgument `currentQuantity`: Invalid value provided. Expected Float, provided String.[39m
2025-07-24 13:22:36 [31merror[39m [31mDatabase validation error: [39m
[31mInvalid `prisma.inventory.create()` invocation:[39m

[31m{[39m
[31m  data: {[39m
[31m    type: "FEED",[39m
[31m    name: "Premium Cattle Feed",[39m
[31m    currentQuantity: 100,[39m
[31m    purchasePrice: 2.5,[39m
[31m    reorderPoint: 20,[39m
[31m    supplier: "AgroSupplies",[39m
[31m    notes: "Initial stock",[39m
[31m    mediaUrls: [[39m
[31m      "/uploads/1753359756291-cattle feed.jpeg"[39m
[31m    ],[39m
[31m    records: {[39m
[31m      create: {[39m
[31m        recordType: "NEW",[39m
[31m        quantity: 100,[39m
[31m        pricePerUnit: 2.5,[39m
[31m        totalCost: 250,[39m
[31m        date: new Date("Invalid Date"),[39m
[31m              ~~~~~~~~~~~~~~~~~~~~~~~~[39m
[31m        notes: "Initial stock",[39m
[31m        mediaUrls: [[39m
[31m          "/uploads/1753359756291-cattle feed.jpeg"[39m
[31m        ],[39m
[31m        recordedById: "cmcnjxm6s0000t1p8rcay1eoq"[39m
[31m      }[39m
[31m    }[39m
[31m  },[39m
[31m  include: {[39m
[31m    records: {[39m
[31m      orderBy: {[39m
[31m        createdAt: "desc"[39m
[31m      },[39m
[31m      take: 1[39m
[31m    }[39m
[31m  }[39m
[31m}[39m

[31mInvalid value for argument `date`: Provided Date object is invalid. Expected Date. [39m
[31mInvalid `prisma.inventory.create()` invocation:[39m

[31m{[39m
[31m  data: {[39m
[31m    type: "FEED",[39m
[31m    name: "Premium Cattle Feed",[39m
[31m    currentQuantity: 100,[39m
[31m    purchasePrice: 2.5,[39m
[31m    reorderPoint: 20,[39m
[31m    supplier: "AgroSupplies",[39m
[31m    notes: "Initial stock",[39m
[31m    mediaUrls: [[39m
[31m      "/uploads/1753359756291-cattle feed.jpeg"[39m
[31m    ],[39m
[31m    records: {[39m
[31m      create: {[39m
[31m        recordType: "NEW",[39m
[31m        quantity: 100,[39m
[31m        pricePerUnit: 2.5,[39m
[31m        totalCost: 250,[39m
[31m        date: new Date("Invalid Date"),[39m
[31m              ~~~~~~~~~~~~~~~~~~~~~~~~[39m
[31m        notes: "Initial stock",[39m
[31m        mediaUrls: [[39m
[31m          "/uploads/1753359756291-cattle feed.jpeg"[39m
[31m        ],[39m
[31m        recordedById: "cmcnjxm6s0000t1p8rcay1eoq"[39m
[31m      }[39m
[31m    }[39m
[31m  },[39m
[31m  include: {[39m
[31m    records: {[39m
[31m      orderBy: {[39m
[31m        createdAt: "desc"[39m
[31m      },[39m
[31m      take: 1[39m
[31m    }[39m
[31m  }[39m
[31m}[39m

[31mInvalid value for argument `date`: Provided Date object is invalid. Expected Date.[39m
2025-07-24 13:25:56 [31merror[39m [31mDatabase validation error: [39m
[31mInvalid `prisma.inventory.create()` invocation:[39m

[31m{[39m
[31m  data: {[39m
[31m    type: "FEED",[39m
[31m    name: "Premium Cattle Feed",[39m
[31m    currentQuantity: 100,[39m
[31m    purchasePrice: 2.5,[39m
[31m    reorderPoint: 20,[39m
[31m    supplier: "AgroSupplies",[39m
[31m    notes: "Initial stock",[39m
[31m    mediaUrls: [[39m
[31m      "/uploads/1753359956020-cattle feed.jpeg"[39m
[31m    ],[39m
[31m    records: {[39m
[31m      create: {[39m
[31m        recordType: "NEW",[39m
[31m        quantity: 100,[39m
[31m        pricePerUnit: 2.5,[39m
[31m        totalCost: 250,[39m
[31m        date: "2025-01-02",[39m
[31m              ~~~~~~~~~~~~[39m
[31m        notes: "Initial stock",[39m
[31m        mediaUrls: [[39m
[31m          "/uploads/1753359956020-cattle feed.jpeg"[39m
[31m        ],[39m
[31m        recordedById: "cmcnjxm6s0000t1p8rcay1eoq"[39m
[31m      }[39m
[31m    }[39m
[31m  },[39m
[31m  include: {[39m
[31m    records: {[39m
[31m      orderBy: {[39m
[31m        createdAt: "desc"[39m
[31m      },[39m
[31m      take: 1[39m
[31m    }[39m
[31m  }[39m
[31m}[39m

[31mInvalid value for argument `date`: premature end of input. Expected ISO-8601 DateTime. [39m
[31mInvalid `prisma.inventory.create()` invocation:[39m

[31m{[39m
[31m  data: {[39m
[31m    type: "FEED",[39m
[31m    name: "Premium Cattle Feed",[39m
[31m    currentQuantity: 100,[39m
[31m    purchasePrice: 2.5,[39m
[31m    reorderPoint: 20,[39m
[31m    supplier: "AgroSupplies",[39m
[31m    notes: "Initial stock",[39m
[31m    mediaUrls: [[39m
[31m      "/uploads/1753359956020-cattle feed.jpeg"[39m
[31m    ],[39m
[31m    records: {[39m
[31m      create: {[39m
[31m        recordType: "NEW",[39m
[31m        quantity: 100,[39m
[31m        pricePerUnit: 2.5,[39m
[31m        totalCost: 250,[39m
[31m        date: "2025-01-02",[39m
[31m              ~~~~~~~~~~~~[39m
[31m        notes: "Initial stock",[39m
[31m        mediaUrls: [[39m
[31m          "/uploads/1753359956020-cattle feed.jpeg"[39m
[31m        ],[39m
[31m        recordedById: "cmcnjxm6s0000t1p8rcay1eoq"[39m
[31m      }[39m
[31m    }[39m
[31m  },[39m
[31m  include: {[39m
[31m    records: {[39m
[31m      orderBy: {[39m
[31m        createdAt: "desc"[39m
[31m      },[39m
[31m      take: 1[39m
[31m    }[39m
[31m  }[39m
[31m}[39m

[31mInvalid value for argument `date`: premature end of input. Expected ISO-8601 DateTime.[39m
2025-07-24 13:27:04 [31merror[39m [31mDatabase validation error: [39m
[31mInvalid `prisma.inventory.update()` invocation:[39m

[31m{[39m
[31m  where: {[39m
[31m    id: undefined[39m
[31m  },[39m
[31m  data: {[39m
[31m    currentQuantity: {[39m
[31m      increment: NaN[39m
[31m    },[39m
[31m    reorderPoint: 20,[39m
[31m    records: {[39m
[31m      create: {[39m
[31m        recordType: "ITEM",[39m
[31m        quantity: NaN,[39m
[31m        pricePerUnit: 2.5,[39m
[31m        totalCost: 250,[39m
[31m        date: new Date("Invalid Date"),[39m
[31m              ~~~~~~~~~~~~~~~~~~~~~~~~[39m
[31m        notes: "Initial stock",[39m
[31m        mediaUrls: [[39m
[31m          "/uploads/1753360021200-cattle feed.jpeg"[39m
[31m        ],[39m
[31m        recordedById: "cmcnjxm6s0000t1p8rcay1eoq"[39m
[31m      }[39m
[31m    }[39m
[31m  },[39m
[31m  include: {[39m
[31m    records: {[39m
[31m      orderBy: {[39m
[31m        createdAt: "desc"[39m
[31m      },[39m
[31m      take: 1[39m
[31m    }[39m
[31m  }[39m
[31m}[39m

[31mInvalid value for argument `date`: Provided Date object is invalid. Expected Date. [39m
[31mInvalid `prisma.inventory.update()` invocation:[39m

[31m{[39m
[31m  where: {[39m
[31m    id: undefined[39m
[31m  },[39m
[31m  data: {[39m
[31m    currentQuantity: {[39m
[31m      increment: NaN[39m
[31m    },[39m
[31m    reorderPoint: 20,[39m
[31m    records: {[39m
[31m      create: {[39m
[31m        recordType: "ITEM",[39m
[31m        quantity: NaN,[39m
[31m        pricePerUnit: 2.5,[39m
[31m        totalCost: 250,[39m
[31m        date: new Date("Invalid Date"),[39m
[31m              ~~~~~~~~~~~~~~~~~~~~~~~~[39m
[31m        notes: "Initial stock",[39m
[31m        mediaUrls: [[39m
[31m          "/uploads/1753360021200-cattle feed.jpeg"[39m
[31m        ],[39m
[31m        recordedById: "cmcnjxm6s0000t1p8rcay1eoq"[39m
[31m      }[39m
[31m    }[39m
[31m  },[39m
[31m  include: {[39m
[31m    records: {[39m
[31m      orderBy: {[39m
[31m        createdAt: "desc"[39m
[31m      },[39m
[31m      take: 1[39m
[31m    }[39m
[31m  }[39m
[31m}[39m

[31mInvalid value for argument `date`: Provided Date object is invalid. Expected Date.[39m
2025-07-24 13:32:01 [31merror[39m [31mDatabase validation error: [39m
[31mInvalid `prisma.inventory.update()` invocation:[39m

[31m{[39m
[31m  where: {[39m
[31m    id: undefined[39m
[31m  },[39m
[31m  data: {[39m
[31m    currentQuantity: {[39m
[31m      increment: NaN[39m
[31m    },[39m
[31m    reorderPoint: 20,[39m
[31m    records: {[39m
[31m      create: {[39m
[31m        recordType: "ITEM",[39m
[31m        quantity: NaN,[39m
[31m        pricePerUnit: 45.5,[39m
[31m        totalCost: 650,[39m
[31m        date: new Date("Invalid Date"),[39m
[31m              ~~~~~~~~~~~~~~~~~~~~~~~~[39m
[31m        notes: "Initial stock",[39m
[31m        mediaUrls: [[39m
[31m          "/uploads/1753360319758-cattle feed.jpeg"[39m
[31m        ],[39m
[31m        recordedById: "cmcnjxm6s0000t1p8rcay1eoq"[39m
[31m      }[39m
[31m    }[39m
[31m  },[39m
[31m  include: {[39m
[31m    records: {[39m
[31m      orderBy: {[39m
[31m        createdAt: "desc"[39m
[31m      },[39m
[31m      take: 1[39m
[31m    }[39m
[31m  }[39m
[31m}[39m

[31mInvalid value for argument `date`: Provided Date object is invalid. Expected Date. [39m
[31mInvalid `prisma.inventory.update()` invocation:[39m

[31m{[39m
[31m  where: {[39m
[31m    id: undefined[39m
[31m  },[39m
[31m  data: {[39m
[31m    currentQuantity: {[39m
[31m      increment: NaN[39m
[31m    },[39m
[31m    reorderPoint: 20,[39m
[31m    records: {[39m
[31m      create: {[39m
[31m        recordType: "ITEM",[39m
[31m        quantity: NaN,[39m
[31m        pricePerUnit: 45.5,[39m
[31m        totalCost: 650,[39m
[31m        date: new Date("Invalid Date"),[39m
[31m              ~~~~~~~~~~~~~~~~~~~~~~~~[39m
[31m        notes: "Initial stock",[39m
[31m        mediaUrls: [[39m
[31m          "/uploads/1753360319758-cattle feed.jpeg"[39m
[31m        ],[39m
[31m        recordedById: "cmcnjxm6s0000t1p8rcay1eoq"[39m
[31m      }[39m
[31m    }[39m
[31m  },[39m
[31m  include: {[39m
[31m    records: {[39m
[31m      orderBy: {[39m
[31m        createdAt: "desc"[39m
[31m      },[39m
[31m      take: 1[39m
[31m    }[39m
[31m  }[39m
[31m}[39m

[31mInvalid value for argument `date`: Provided Date object is invalid. Expected Date.[39m
2025-07-24 14:30:02 [31merror[39m [31mInternal Server Error Unexpected field[39m
2025-07-24 14:30:09 [31merror[39m [31mInternal Server Error Unexpected field[39m
2025-07-24 14:30:48 [31merror[39m [31mInternal Server Error Unexpected field[39m
2025-07-24 14:30:50 [31merror[39m [31mInternal Server Error Unexpected field[39m
2025-07-24 14:31:38 [31merror[39m [31mInternal Server Error Unexpected field[39m
2025-07-24 14:46:24 [31merror[39m [31mDatabase validation error: [39m
[31mInvalid `prisma.inventory.create()` invocation:[39m

[31m{[39m
[31m  data: {[39m
[31m    type: "MEDICINE",[39m
[31m    name: "Premium Cattle Feed",[39m
[31m    currentQuantity: "300",[39m
[31m                     ~~~~~[39m
[31m    purchasePrice: "45.50",[39m
[31m    reorderPoint: "20",[39m
[31m    supplier: "AgroSupplies LTD",[39m
[31m    notes: "Initial stock",[39m
[31m    mediaUrls: [[39m
[31m      "/uploads/1753364784821-cattle feed.jpeg"[39m
[31m    ],[39m
[31m    records: {[39m
[31m      create: {[39m
[31m        recordType: "NEW",[39m
[31m        quantity: "300",[39m
[31m        pricePerUnit: "45.50",[39m
[31m        totalCost: 13650,[39m
[31m        date: new Date("2025-06-04T00:00:00.000Z"),[39m
[31m        notes: "Initial stock",[39m
[31m        mediaUrls: [[39m
[31m          "/uploads/1753364784821-cattle feed.jpeg"[39m
[31m        ],[39m
[31m        recordedById: "cmcnjxm6s0000t1p8rcay1eoq"[39m
[31m      }[39m
[31m    }[39m
[31m  },[39m
[31m  include: {[39m
[31m    records: true[39m
[31m  }[39m
[31m}[39m

[31mArgument `currentQuantity`: Invalid value provided. Expected Float, provided String. [39m
[31mInvalid `prisma.inventory.create()` invocation:[39m

[31m{[39m
[31m  data: {[39m
[31m    type: "MEDICINE",[39m
[31m    name: "Premium Cattle Feed",[39m
[31m    currentQuantity: "300",[39m
[31m                     ~~~~~[39m
[31m    purchasePrice: "45.50",[39m
[31m    reorderPoint: "20",[39m
[31m    supplier: "AgroSupplies LTD",[39m
[31m    notes: "Initial stock",[39m
[31m    mediaUrls: [[39m
[31m      "/uploads/1753364784821-cattle feed.jpeg"[39m
[31m    ],[39m
[31m    records: {[39m
[31m      create: {[39m
[31m        recordType: "NEW",[39m
[31m        quantity: "300",[39m
[31m        pricePerUnit: "45.50",[39m
[31m        totalCost: 13650,[39m
[31m        date: new Date("2025-06-04T00:00:00.000Z"),[39m
[31m        notes: "Initial stock",[39m
[31m        mediaUrls: [[39m
[31m          "/uploads/1753364784821-cattle feed.jpeg"[39m
[31m        ],[39m
[31m        recordedById: "cmcnjxm6s0000t1p8rcay1eoq"[39m
[31m      }[39m
[31m    }[39m
[31m  },[39m
[31m  include: {[39m
[31m    records: true[39m
[31m  }[39m
[31m}[39m

[31mArgument `currentQuantity`: Invalid value provided. Expected Float, provided String.[39m
2025-07-24 14:46:55 [31merror[39m [31mDatabase validation error: [39m
[31mInvalid `prisma.inventory.create()` invocation:[39m

[31m{[39m
[31m  data: {[39m
[31m    type: "MEDICINE",[39m
[31m    name: "Premium Cattle Feed",[39m
[31m    currentQuantity: "300",[39m
[31m                     ~~~~~[39m
[31m    purchasePrice: "45.50",[39m
[31m    reorderPoint: "20",[39m
[31m    supplier: "AgroSupplies LTD",[39m
[31m    notes: "Initial stock",[39m
[31m    mediaUrls: [[39m
[31m      "/uploads/1753364815895-cattle feed.jpeg"[39m
[31m    ],[39m
[31m    records: {[39m
[31m      create: {[39m
[31m        recordType: "NEW",[39m
[31m        quantity: "300",[39m
[31m        pricePerUnit: "45.50",[39m
[31m        totalCost: 13650,[39m
[31m        date: new Date("2025-06-04T00:00:00.000Z"),[39m
[31m        notes: "Initial stock",[39m
[31m        mediaUrls: [[39m
[31m          "/uploads/1753364815895-cattle feed.jpeg"[39m
[31m        ],[39m
[31m        recordedById: "cmcnjxm6s0000t1p8rcay1eoq"[39m
[31m      }[39m
[31m    }[39m
[31m  },[39m
[31m  include: {[39m
[31m    records: true[39m
[31m  }[39m
[31m}[39m

[31mArgument `currentQuantity`: Invalid value provided. Expected Float, provided String. [39m
[31mInvalid `prisma.inventory.create()` invocation:[39m

[31m{[39m
[31m  data: {[39m
[31m    type: "MEDICINE",[39m
[31m    name: "Premium Cattle Feed",[39m
[31m    currentQuantity: "300",[39m
[31m                     ~~~~~[39m
[31m    purchasePrice: "45.50",[39m
[31m    reorderPoint: "20",[39m
[31m    supplier: "AgroSupplies LTD",[39m
[31m    notes: "Initial stock",[39m
[31m    mediaUrls: [[39m
[31m      "/uploads/1753364815895-cattle feed.jpeg"[39m
[31m    ],[39m
[31m    records: {[39m
[31m      create: {[39m
[31m        recordType: "NEW",[39m
[31m        quantity: "300",[39m
[31m        pricePerUnit: "45.50",[39m
[31m        totalCost: 13650,[39m
[31m        date: new Date("2025-06-04T00:00:00.000Z"),[39m
[31m        notes: "Initial stock",[39m
[31m        mediaUrls: [[39m
[31m          "/uploads/1753364815895-cattle feed.jpeg"[39m
[31m        ],[39m
[31m        recordedById: "cmcnjxm6s0000t1p8rcay1eoq"[39m
[31m      }[39m
[31m    }[39m
[31m  },[39m
[31m  include: {[39m
[31m    records: true[39m
[31m  }[39m
[31m}[39m

[31mArgument `currentQuantity`: Invalid value provided. Expected Float, provided String.[39m
2025-07-24 14:47:35 [31merror[39m [31mDatabase validation error: [39m
[31mInvalid `prisma.inventory.create()` invocation:[39m

[31m{[39m
[31m  data: {[39m
[31m    type: "MEDICINE",[39m
[31m    name: "Premium Cattle Feed",[39m
[31m    currentQuantity: "300",[39m
[31m                     ~~~~~[39m
[31m    purchasePrice: "45.50",[39m
[31m    reorderPoint: "20",[39m
[31m    supplier: "AgroSupplies LTD",[39m
[31m    notes: "Initial stock",[39m
[31m    mediaUrls: [[39m
[31m      "/uploads/1753364855275-cattle feed.jpeg"[39m
[31m    ],[39m
[31m    records: {[39m
[31m      create: {[39m
[31m        recordType: "NEW",[39m
[31m        quantity: "300",[39m
[31m        pricePerUnit: "45.50",[39m
[31m        totalCost: 13650,[39m
[31m        date: new Date("2025-06-04T00:00:00.000Z"),[39m
[31m        notes: "Initial stock",[39m
[31m        mediaUrls: [[39m
[31m          "/uploads/1753364855275-cattle feed.jpeg"[39m
[31m        ],[39m
[31m        recordedById: "cmcnjxm6s0000t1p8rcay1eoq"[39m
[31m      }[39m
[31m    }[39m
[31m  },[39m
[31m  include: {[39m
[31m    records: true[39m
[31m  }[39m
[31m}[39m

[31mArgument `currentQuantity`: Invalid value provided. Expected Float, provided String. [39m
[31mInvalid `prisma.inventory.create()` invocation:[39m

[31m{[39m
[31m  data: {[39m
[31m    type: "MEDICINE",[39m
[31m    name: "Premium Cattle Feed",[39m
[31m    currentQuantity: "300",[39m
[31m                     ~~~~~[39m
[31m    purchasePrice: "45.50",[39m
[31m    reorderPoint: "20",[39m
[31m    supplier: "AgroSupplies LTD",[39m
[31m    notes: "Initial stock",[39m
[31m    mediaUrls: [[39m
[31m      "/uploads/1753364855275-cattle feed.jpeg"[39m
[31m    ],[39m
[31m    records: {[39m
[31m      create: {[39m
[31m        recordType: "NEW",[39m
[31m        quantity: "300",[39m
[31m        pricePerUnit: "45.50",[39m
[31m        totalCost: 13650,[39m
[31m        date: new Date("2025-06-04T00:00:00.000Z"),[39m
[31m        notes: "Initial stock",[39m
[31m        mediaUrls: [[39m
[31m          "/uploads/1753364855275-cattle feed.jpeg"[39m
[31m        ],[39m
[31m        recordedById: "cmcnjxm6s0000t1p8rcay1eoq"[39m
[31m      }[39m
[31m    }[39m
[31m  },[39m
[31m  include: {[39m
[31m    records: true[39m
[31m  }[39m
[31m}[39m

[31mArgument `currentQuantity`: Invalid value provided. Expected Float, provided String.[39m
2025-07-24 14:49:31 [31merror[39m [31mDatabase validation error: [39m
[31mInvalid `prisma.inventory.create()` invocation:[39m

[31m{[39m
[31m  data: {[39m
[31m    type: "MEDICINE",[39m
[31m    name: "Premium Cattle Feed",[39m
[31m    currentQuantity: "300",[39m
[31m                     ~~~~~[39m
[31m    purchasePrice: "45.50",[39m
[31m    reorderPoint: 20,[39m
[31m    supplier: "AgroSupplies LTD",[39m
[31m    notes: "Initial stock",[39m
[31m    mediaUrls: [[39m
[31m      "/uploads/1753364971674-cattle feed.jpeg"[39m
[31m    ],[39m
[31m    records: {[39m
[31m      create: {[39m
[31m        recordType: "NEW",[39m
[31m        quantity: "300",[39m
[31m        pricePerUnit: "45.50",[39m
[31m        totalCost: 13650,[39m
[31m        date: new Date("2025-06-04T00:00:00.000Z"),[39m
[31m        notes: "Initial stock",[39m
[31m        mediaUrls: [[39m
[31m          "/uploads/1753364971674-cattle feed.jpeg"[39m
[31m        ],[39m
[31m        recordedById: "cmcnjxm6s0000t1p8rcay1eoq"[39m
[31m      }[39m
[31m    }[39m
[31m  },[39m
[31m  include: {[39m
[31m    records: true[39m
[31m  }[39m
[31m}[39m

[31mArgument `currentQuantity`: Invalid value provided. Expected Float, provided String. [39m
[31mInvalid `prisma.inventory.create()` invocation:[39m

[31m{[39m
[31m  data: {[39m
[31m    type: "MEDICINE",[39m
[31m    name: "Premium Cattle Feed",[39m
[31m    currentQuantity: "300",[39m
[31m                     ~~~~~[39m
[31m    purchasePrice: "45.50",[39m
[31m    reorderPoint: 20,[39m
[31m    supplier: "AgroSupplies LTD",[39m
[31m    notes: "Initial stock",[39m
[31m    mediaUrls: [[39m
[31m      "/uploads/1753364971674-cattle feed.jpeg"[39m
[31m    ],[39m
[31m    records: {[39m
[31m      create: {[39m
[31m        recordType: "NEW",[39m
[31m        quantity: "300",[39m
[31m        pricePerUnit: "45.50",[39m
[31m        totalCost: 13650,[39m
[31m        date: new Date("2025-06-04T00:00:00.000Z"),[39m
[31m        notes: "Initial stock",[39m
[31m        mediaUrls: [[39m
[31m          "/uploads/1753364971674-cattle feed.jpeg"[39m
[31m        ],[39m
[31m        recordedById: "cmcnjxm6s0000t1p8rcay1eoq"[39m
[31m      }[39m
[31m    }[39m
[31m  },[39m
[31m  include: {[39m
[31m    records: true[39m
[31m  }[39m
[31m}[39m

[31mArgument `currentQuantity`: Invalid value provided. Expected Float, provided String.[39m
2025-07-24 14:49:41 [31merror[39m [31mDatabase validation error: [39m
[31mInvalid `prisma.inventory.create()` invocation:[39m

[31m{[39m
[31m  data: {[39m
[31m    type: "MEDICINE",[39m
[31m    name: "Premium Cattle Feed",[39m
[31m    currentQuantity: "300",[39m
[31m                     ~~~~~[39m
[31m    purchasePrice: "45.50",[39m
[31m    reorderPoint: 20,[39m
[31m    supplier: "AgroSupplies LTD",[39m
[31m    notes: "Initial stock",[39m
[31m    mediaUrls: [[39m
[31m      "/uploads/1753364981178-cattle feed.jpeg"[39m
[31m    ],[39m
[31m    records: {[39m
[31m      create: {[39m
[31m        recordType: "NEW",[39m
[31m        quantity: "300",[39m
[31m        pricePerUnit: "45.50",[39m
[31m        totalCost: 13650,[39m
[31m        date: new Date("2025-06-04T00:00:00.000Z"),[39m
[31m        notes: "Initial stock",[39m
[31m        mediaUrls: [[39m
[31m          "/uploads/1753364981178-cattle feed.jpeg"[39m
[31m        ],[39m
[31m        recordedById: "cmcnjxm6s0000t1p8rcay1eoq"[39m
[31m      }[39m
[31m    }[39m
[31m  },[39m
[31m  include: {[39m
[31m    records: true[39m
[31m  }[39m
[31m}[39m

[31mArgument `currentQuantity`: Invalid value provided. Expected Float, provided String. [39m
[31mInvalid `prisma.inventory.create()` invocation:[39m

[31m{[39m
[31m  data: {[39m
[31m    type: "MEDICINE",[39m
[31m    name: "Premium Cattle Feed",[39m
[31m    currentQuantity: "300",[39m
[31m                     ~~~~~[39m
[31m    purchasePrice: "45.50",[39m
[31m    reorderPoint: 20,[39m
[31m    supplier: "AgroSupplies LTD",[39m
[31m    notes: "Initial stock",[39m
[31m    mediaUrls: [[39m
[31m      "/uploads/1753364981178-cattle feed.jpeg"[39m
[31m    ],[39m
[31m    records: {[39m
[31m      create: {[39m
[31m        recordType: "NEW",[39m
[31m        quantity: "300",[39m
[31m        pricePerUnit: "45.50",[39m
[31m        totalCost: 13650,[39m
[31m        date: new Date("2025-06-04T00:00:00.000Z"),[39m
[31m        notes: "Initial stock",[39m
[31m        mediaUrls: [[39m
[31m          "/uploads/1753364981178-cattle feed.jpeg"[39m
[31m        ],[39m
[31m        recordedById: "cmcnjxm6s0000t1p8rcay1eoq"[39m
[31m      }[39m
[31m    }[39m
[31m  },[39m
[31m  include: {[39m
[31m    records: true[39m
[31m  }[39m
[31m}[39m

[31mArgument `currentQuantity`: Invalid value provided. Expected Float, provided String.[39m
2025-07-24 14:49:47 [31merror[39m [31mDatabase validation error: [39m
[31mInvalid `prisma.inventory.create()` invocation:[39m

[31m{[39m
[31m  data: {[39m
[31m    type: "MEDICINE",[39m
[31m    name: "Premium Cattle Feed",[39m
[31m    currentQuantity: "300",[39m
[31m                     ~~~~~[39m
[31m    purchasePrice: "45.50",[39m
[31m    reorderPoint: 20,[39m
[31m    supplier: "AgroSupplies LTD",[39m
[31m    notes: "Initial stock",[39m
[31m    mediaUrls: [[39m
[31m      "/uploads/1753364987036-cattle feed.jpeg"[39m
[31m    ],[39m
[31m    records: {[39m
[31m      create: {[39m
[31m        recordType: "NEW",[39m
[31m        quantity: "300",[39m
[31m        pricePerUnit: "45.50",[39m
[31m        totalCost: 13650,[39m
[31m        date: new Date("2025-06-04T00:00:00.000Z"),[39m
[31m        notes: "Initial stock",[39m
[31m        mediaUrls: [[39m
[31m          "/uploads/1753364987036-cattle feed.jpeg"[39m
[31m        ],[39m
[31m        recordedById: "cmcnjxm6s0000t1p8rcay1eoq"[39m
[31m      }[39m
[31m    }[39m
[31m  },[39m
[31m  include: {[39m
[31m    records: true[39m
[31m  }[39m
[31m}[39m

[31mArgument `currentQuantity`: Invalid value provided. Expected Float, provided String. [39m
[31mInvalid `prisma.inventory.create()` invocation:[39m

[31m{[39m
[31m  data: {[39m
[31m    type: "MEDICINE",[39m
[31m    name: "Premium Cattle Feed",[39m
[31m    currentQuantity: "300",[39m
[31m                     ~~~~~[39m
[31m    purchasePrice: "45.50",[39m
[31m    reorderPoint: 20,[39m
[31m    supplier: "AgroSupplies LTD",[39m
[31m    notes: "Initial stock",[39m
[31m    mediaUrls: [[39m
[31m      "/uploads/1753364987036-cattle feed.jpeg"[39m
[31m    ],[39m
[31m    records: {[39m
[31m      create: {[39m
[31m        recordType: "NEW",[39m
[31m        quantity: "300",[39m
[31m        pricePerUnit: "45.50",[39m
[31m        totalCost: 13650,[39m
[31m        date: new Date("2025-06-04T00:00:00.000Z"),[39m
[31m        notes: "Initial stock",[39m
[31m        mediaUrls: [[39m
[31m          "/uploads/1753364987036-cattle feed.jpeg"[39m
[31m        ],[39m
[31m        recordedById: "cmcnjxm6s0000t1p8rcay1eoq"[39m
[31m      }[39m
[31m    }[39m
[31m  },[39m
[31m  include: {[39m
[31m    records: true[39m
[31m  }[39m
[31m}[39m

[31mArgument `currentQuantity`: Invalid value provided. Expected Float, provided String.[39m
2025-07-24 14:49:49 [31merror[39m [31mDatabase validation error: [39m
[31mInvalid `prisma.inventory.create()` invocation:[39m

[31m{[39m
[31m  data: {[39m
[31m    type: "MEDICINE",[39m
[31m    name: "Premium Cattle Feed",[39m
[31m    currentQuantity: "300",[39m
[31m                     ~~~~~[39m
[31m    purchasePrice: "45.50",[39m
[31m    reorderPoint: 20,[39m
[31m    supplier: "AgroSupplies LTD",[39m
[31m    notes: "Initial stock",[39m
[31m    mediaUrls: [[39m
[31m      "/uploads/1753364989069-cattle feed.jpeg"[39m
[31m    ],[39m
[31m    records: {[39m
[31m      create: {[39m
[31m        recordType: "NEW",[39m
[31m        quantity: "300",[39m
[31m        pricePerUnit: "45.50",[39m
[31m        totalCost: 13650,[39m
[31m        date: new Date("2025-06-04T00:00:00.000Z"),[39m
[31m        notes: "Initial stock",[39m
[31m        mediaUrls: [[39m
[31m          "/uploads/1753364989069-cattle feed.jpeg"[39m
[31m        ],[39m
[31m        recordedById: "cmcnjxm6s0000t1p8rcay1eoq"[39m
[31m      }[39m
[31m    }[39m
[31m  },[39m
[31m  include: {[39m
[31m    records: true[39m
[31m  }[39m
[31m}[39m

[31mArgument `currentQuantity`: Invalid value provided. Expected Float, provided String. [39m
[31mInvalid `prisma.inventory.create()` invocation:[39m

[31m{[39m
[31m  data: {[39m
[31m    type: "MEDICINE",[39m
[31m    name: "Premium Cattle Feed",[39m
[31m    currentQuantity: "300",[39m
[31m                     ~~~~~[39m
[31m    purchasePrice: "45.50",[39m
[31m    reorderPoint: 20,[39m
[31m    supplier: "AgroSupplies LTD",[39m
[31m    notes: "Initial stock",[39m
[31m    mediaUrls: [[39m
[31m      "/uploads/1753364989069-cattle feed.jpeg"[39m
[31m    ],[39m
[31m    records: {[39m
[31m      create: {[39m
[31m        recordType: "NEW",[39m
[31m        quantity: "300",[39m
[31m        pricePerUnit: "45.50",[39m
[31m        totalCost: 13650,[39m
[31m        date: new Date("2025-06-04T00:00:00.000Z"),[39m
[31m        notes: "Initial stock",[39m
[31m        mediaUrls: [[39m
[31m          "/uploads/1753364989069-cattle feed.jpeg"[39m
[31m        ],[39m
[31m        recordedById: "cmcnjxm6s0000t1p8rcay1eoq"[39m
[31m      }[39m
[31m    }[39m
[31m  },[39m
[31m  include: {[39m
[31m    records: true[39m
[31m  }[39m
[31m}[39m

[31mArgument `currentQuantity`: Invalid value provided. Expected Float, provided String.[39m
2025-07-24 14:49:50 [31merror[39m [31mDatabase validation error: [39m
[31mInvalid `prisma.inventory.create()` invocation:[39m

[31m{[39m
[31m  data: {[39m
[31m    type: "MEDICINE",[39m
[31m    name: "Premium Cattle Feed",[39m
[31m    currentQuantity: "300",[39m
[31m                     ~~~~~[39m
[31m    purchasePrice: "45.50",[39m
[31m    reorderPoint: 20,[39m
[31m    supplier: "AgroSupplies LTD",[39m
[31m    notes: "Initial stock",[39m
[31m    mediaUrls: [[39m
[31m      "/uploads/1753364990475-cattle feed.jpeg"[39m
[31m    ],[39m
[31m    records: {[39m
[31m      create: {[39m
[31m        recordType: "NEW",[39m
[31m        quantity: "300",[39m
[31m        pricePerUnit: "45.50",[39m
[31m        totalCost: 13650,[39m
[31m        date: new Date("2025-06-04T00:00:00.000Z"),[39m
[31m        notes: "Initial stock",[39m
[31m        mediaUrls: [[39m
[31m          "/uploads/1753364990475-cattle feed.jpeg"[39m
[31m        ],[39m
[31m        recordedById: "cmcnjxm6s0000t1p8rcay1eoq"[39m
[31m      }[39m
[31m    }[39m
[31m  },[39m
[31m  include: {[39m
[31m    records: true[39m
[31m  }[39m
[31m}[39m

[31mArgument `currentQuantity`: Invalid value provided. Expected Float, provided String. [39m
[31mInvalid `prisma.inventory.create()` invocation:[39m

[31m{[39m
[31m  data: {[39m
[31m    type: "MEDICINE",[39m
[31m    name: "Premium Cattle Feed",[39m
[31m    currentQuantity: "300",[39m
[31m                     ~~~~~[39m
[31m    purchasePrice: "45.50",[39m
[31m    reorderPoint: 20,[39m
[31m    supplier: "AgroSupplies LTD",[39m
[31m    notes: "Initial stock",[39m
[31m    mediaUrls: [[39m
[31m      "/uploads/1753364990475-cattle feed.jpeg"[39m
[31m    ],[39m
[31m    records: {[39m
[31m      create: {[39m
[31m        recordType: "NEW",[39m
[31m        quantity: "300",[39m
[31m        pricePerUnit: "45.50",[39m
[31m        totalCost: 13650,[39m
[31m        date: new Date("2025-06-04T00:00:00.000Z"),[39m
[31m        notes: "Initial stock",[39m
[31m        mediaUrls: [[39m
[31m          "/uploads/1753364990475-cattle feed.jpeg"[39m
[31m        ],[39m
[31m        recordedById: "cmcnjxm6s0000t1p8rcay1eoq"[39m
[31m      }[39m
[31m    }[39m
[31m  },[39m
[31m  include: {[39m
[31m    records: true[39m
[31m  }[39m
[31m}[39m

[31mArgument `currentQuantity`: Invalid value provided. Expected Float, provided String.[39m
2025-07-24 14:50:11 [31merror[39m [31mDatabase validation error: [39m
[31mInvalid `prisma.inventory.create()` invocation:[39m

[31m{[39m
[31m  data: {[39m
[31m    type: "MEDICINE",[39m
[31m    name: "Premium Cattle Feed",[39m
[31m    currentQuantity: "300",[39m
[31m                     ~~~~~[39m
[31m    purchasePrice: "45.50",[39m
[31m    reorderPoint: "20",[39m
[31m    supplier: "AgroSupplies LTD",[39m
[31m    notes: "Initial stock",[39m
[31m    mediaUrls: [[39m
[31m      "/uploads/1753365011508-cattle feed.jpeg"[39m
[31m    ],[39m
[31m    records: {[39m
[31m      create: {[39m
[31m        recordType: "NEW",[39m
[31m        quantity: "300",[39m
[31m        pricePerUnit: "45.50",[39m
[31m        totalCost: 13650,[39m
[31m        date: new Date("2025-06-04T00:00:00.000Z"),[39m
[31m        notes: "Initial stock",[39m
[31m        mediaUrls: [[39m
[31m          "/uploads/1753365011508-cattle feed.jpeg"[39m
[31m        ],[39m
[31m        recordedById: "cmcnjxm6s0000t1p8rcay1eoq"[39m
[31m      }[39m
[31m    }[39m
[31m  },[39m
[31m  include: {[39m
[31m    records: true[39m
[31m  }[39m
[31m}[39m

[31mArgument `currentQuantity`: Invalid value provided. Expected Float, provided String. [39m
[31mInvalid `prisma.inventory.create()` invocation:[39m

[31m{[39m
[31m  data: {[39m
[31m    type: "MEDICINE",[39m
[31m    name: "Premium Cattle Feed",[39m
[31m    currentQuantity: "300",[39m
[31m                     ~~~~~[39m
[31m    purchasePrice: "45.50",[39m
[31m    reorderPoint: "20",[39m
[31m    supplier: "AgroSupplies LTD",[39m
[31m    notes: "Initial stock",[39m
[31m    mediaUrls: [[39m
[31m      "/uploads/1753365011508-cattle feed.jpeg"[39m
[31m    ],[39m
[31m    records: {[39m
[31m      create: {[39m
[31m        recordType: "NEW",[39m
[31m        quantity: "300",[39m
[31m        pricePerUnit: "45.50",[39m
[31m        totalCost: 13650,[39m
[31m        date: new Date("2025-06-04T00:00:00.000Z"),[39m
[31m        notes: "Initial stock",[39m
[31m        mediaUrls: [[39m
[31m          "/uploads/1753365011508-cattle feed.jpeg"[39m
[31m        ],[39m
[31m        recordedById: "cmcnjxm6s0000t1p8rcay1eoq"[39m
[31m      }[39m
[31m    }[39m
[31m  },[39m
[31m  include: {[39m
[31m    records: true[39m
[31m  }[39m
[31m}[39m

[31mArgument `currentQuantity`: Invalid value provided. Expected Float, provided String.[39m
2025-07-24 14:50:57 [31merror[39m [31mDatabase validation error: [39m
[31mInvalid `prisma.inventory.create()` invocation:[39m

[31m{[39m
[31m  data: {[39m
[31m    type: "MEDICINE",[39m
[31m    name: "Premium Cattle Feed",[39m
[31m    currentQuantity: "300",[39m
[31m                     ~~~~~[39m
[31m    purchasePrice: "45.50",[39m
[31m    reorderPoint: "20",[39m
[31m    supplier: "AgroSupplies LTD",[39m
[31m    notes: "Initial stock",[39m
[31m    mediaUrls: [[39m
[31m      "/uploads/1753365057664-cattle feed.jpeg"[39m
[31m    ],[39m
[31m    records: {[39m
[31m      create: {[39m
[31m        recordType: "NEW",[39m
[31m        quantity: "300",[39m
[31m        pricePerUnit: "45.50",[39m
[31m        totalCost: 13650,[39m
[31m        date: new Date("2025-06-04T00:00:00.000Z"),[39m
[31m        notes: "Initial stock",[39m
[31m        mediaUrls: [[39m
[31m          "/uploads/1753365057664-cattle feed.jpeg"[39m
[31m        ],[39m
[31m        recordedById: "cmcnjxm6s0000t1p8rcay1eoq"[39m
[31m      }[39m
[31m    }[39m
[31m  },[39m
[31m  include: {[39m
[31m    records: true[39m
[31m  }[39m
[31m}[39m

[31mArgument `currentQuantity`: Invalid value provided. Expected Float, provided String. [39m
[31mInvalid `prisma.inventory.create()` invocation:[39m

[31m{[39m
[31m  data: {[39m
[31m    type: "MEDICINE",[39m
[31m    name: "Premium Cattle Feed",[39m
[31m    currentQuantity: "300",[39m
[31m                     ~~~~~[39m
[31m    purchasePrice: "45.50",[39m
[31m    reorderPoint: "20",[39m
[31m    supplier: "AgroSupplies LTD",[39m
[31m    notes: "Initial stock",[39m
[31m    mediaUrls: [[39m
[31m      "/uploads/1753365057664-cattle feed.jpeg"[39m
[31m    ],[39m
[31m    records: {[39m
[31m      create: {[39m
[31m        recordType: "NEW",[39m
[31m        quantity: "300",[39m
[31m        pricePerUnit: "45.50",[39m
[31m        totalCost: 13650,[39m
[31m        date: new Date("2025-06-04T00:00:00.000Z"),[39m
[31m        notes: "Initial stock",[39m
[31m        mediaUrls: [[39m
[31m          "/uploads/1753365057664-cattle feed.jpeg"[39m
[31m        ],[39m
[31m        recordedById: "cmcnjxm6s0000t1p8rcay1eoq"[39m
[31m      }[39m
[31m    }[39m
[31m  },[39m
[31m  include: {[39m
[31m    records: true[39m
[31m  }[39m
[31m}[39m

[31mArgument `currentQuantity`: Invalid value provided. Expected Float, provided String.[39m
2025-07-24 14:59:10 [31merror[39m [31mDatabase validation error: [39m
[31mInvalid `prisma.inventory.update()` invocation:[39m

[31m{[39m
[31m  where: {[39m
[31m    id: undefined[39m
[31m  },[39m
[31m  data: {[39m
[31m    currentQuantity: {[39m
[31m      increment: undefined[39m
[31m    },[39m
[31m    ~~~~~~~~~~~~~~~~~~~~~~[39m
[31m    supplier: "AgroSupplies LTD",[39m
[31m    records: {[39m
[31m      create: {[39m
[31m        recordType: "NEW",[39m
[31m        quantity: undefined,[39m
[31m        pricePerUnit: "45.50",[39m
[31m        totalCost: NaN,[39m
[31m        date: new Date("2025-06-04T00:00:00.000Z"),[39m
[31m        notes: "Initial stock",[39m
[31m        mediaUrls: [[39m
[31m          "/uploads/1753365542228-cattle feed.jpeg"[39m
[31m        ],[39m
[31m        recordedById: "cmcnjxm6s0000t1p8rcay1eoq"[39m
[31m      }[39m
[31m    }[39m
[31m  },[39m
[31m  include: {[39m
[31m    records: true[39m
[31m  }[39m
[31m}[39m

[31mArgument `currentQuantity`: Invalid value provided. Expected Float, provided Object. [39m
[31mInvalid `prisma.inventory.update()` invocation:[39m

[31m{[39m
[31m  where: {[39m
[31m    id: undefined[39m
[31m  },[39m
[31m  data: {[39m
[31m    currentQuantity: {[39m
[31m      increment: undefined[39m
[31m    },[39m
[31m    ~~~~~~~~~~~~~~~~~~~~~~[39m
[31m    supplier: "AgroSupplies LTD",[39m
[31m    records: {[39m
[31m      create: {[39m
[31m        recordType: "NEW",[39m
[31m        quantity: undefined,[39m
[31m        pricePerUnit: "45.50",[39m
[31m        totalCost: NaN,[39m
[31m        date: new Date("2025-06-04T00:00:00.000Z"),[39m
[31m        notes: "Initial stock",[39m
[31m        mediaUrls: [[39m
[31m          "/uploads/1753365542228-cattle feed.jpeg"[39m
[31m        ],[39m
[31m        recordedById: "cmcnjxm6s0000t1p8rcay1eoq"[39m
[31m      }[39m
[31m    }[39m
[31m  },[39m
[31m  include: {[39m
[31m    records: true[39m
[31m  }[39m
[31m}[39m

[31mArgument `currentQuantity`: Invalid value provided. Expected Float, provided Object.[39m
2025-07-24 15:32:03 [31merror[39m [31mDatabase validation error: [39m
[31mInvalid `prisma.inventory.update()` invocation:[39m

[31m{[39m
[31m  where: {[39m
[31m    id: "MEDICINE"[39m
[31m  },[39m
[31m  data: {[39m
[31m    currentQuantity: {[39m
[31m      increment: "300"[39m
[31m                 ~~~~~[39m
[31m    },[39m
[31m    supplier: "AgroSupplies LTD",[39m
[31m    records: {[39m
[31m      create: {[39m
[31m        recordType: "ITEM",[39m
[31m        quantity: "300",[39m
[31m        pricePerUnit: "45.50",[39m
[31m        totalCost: 13650,[39m
[31m        date: new Date("2025-01-04T00:00:00.000Z"),[39m
[31m        notes: undefined,[39m
[31m        mediaUrls: [[39m
[31m          "/uploads/1753367523109-cattle feed.jpeg"[39m
[31m        ],[39m
[31m        recordedById: "cmcnjxm6s0000t1p8rcay1eoq"[39m
[31m      }[39m
[31m    }[39m
[31m  },[39m
[31m  include: {[39m
[31m    records: true[39m
[31m  }[39m
[31m}[39m

[31mArgument `increment`: Invalid value provided. Expected Float, provided String. [39m
[31mInvalid `prisma.inventory.update()` invocation:[39m

[31m{[39m
[31m  where: {[39m
[31m    id: "MEDICINE"[39m
[31m  },[39m
[31m  data: {[39m
[31m    currentQuantity: {[39m
[31m      increment: "300"[39m
[31m                 ~~~~~[39m
[31m    },[39m
[31m    supplier: "AgroSupplies LTD",[39m
[31m    records: {[39m
[31m      create: {[39m
[31m        recordType: "ITEM",[39m
[31m        quantity: "300",[39m
[31m        pricePerUnit: "45.50",[39m
[31m        totalCost: 13650,[39m
[31m        date: new Date("2025-01-04T00:00:00.000Z"),[39m
[31m        notes: undefined,[39m
[31m        mediaUrls: [[39m
[31m          "/uploads/1753367523109-cattle feed.jpeg"[39m
[31m        ],[39m
[31m        recordedById: "cmcnjxm6s0000t1p8rcay1eoq"[39m
[31m      }[39m
[31m    }[39m
[31m  },[39m
[31m  include: {[39m
[31m    records: true[39m
[31m  }[39m
[31m}[39m

[31mArgument `increment`: Invalid value provided. Expected Float, provided String.[39m
2025-07-24 15:32:24 [31merror[39m [31mDatabase validation error: [39m
[31mInvalid `prisma.inventory.update()` invocation:[39m

[31m{[39m
[31m  where: {[39m
[31m    id: "MEDICINE"[39m
[31m  },[39m
[31m  data: {[39m
[31m    currentQuantity: {[39m
[31m      increment: "300"[39m
[31m                 ~~~~~[39m
[31m    },[39m
[31m    supplier: "AgroSupplies LTD",[39m
[31m    records: {[39m
[31m      create: {[39m
[31m        recordType: "ITEM",[39m
[31m        quantity: "300",[39m
[31m        pricePerUnit: "45.50",[39m
[31m        totalCost: 13650,[39m
[31m        date: new Date("2025-01-04T00:00:00.000Z"),[39m
[31m        notes: undefined,[39m
[31m        mediaUrls: [[39m
[31m          "/uploads/1753367544307-cattle feed.jpeg"[39m
[31m        ],[39m
[31m        recordedById: "cmcnjxm6s0000t1p8rcay1eoq"[39m
[31m      }[39m
[31m    }[39m
[31m  },[39m
[31m  include: {[39m
[31m    records: true[39m
[31m  }[39m
[31m}[39m

[31mArgument `increment`: Invalid value provided. Expected Float, provided String. [39m
[31mInvalid `prisma.inventory.update()` invocation:[39m

[31m{[39m
[31m  where: {[39m
[31m    id: "MEDICINE"[39m
[31m  },[39m
[31m  data: {[39m
[31m    currentQuantity: {[39m
[31m      increment: "300"[39m
[31m                 ~~~~~[39m
[31m    },[39m
[31m    supplier: "AgroSupplies LTD",[39m
[31m    records: {[39m
[31m      create: {[39m
[31m        recordType: "ITEM",[39m
[31m        quantity: "300",[39m
[31m        pricePerUnit: "45.50",[39m
[31m        totalCost: 13650,[39m
[31m        date: new Date("2025-01-04T00:00:00.000Z"),[39m
[31m        notes: undefined,[39m
[31m        mediaUrls: [[39m
[31m          "/uploads/1753367544307-cattle feed.jpeg"[39m
[31m        ],[39m
[31m        recordedById: "cmcnjxm6s0000t1p8rcay1eoq"[39m
[31m      }[39m
[31m    }[39m
[31m  },[39m
[31m  include: {[39m
[31m    records: true[39m
[31m  }[39m
[31m}[39m

[31mArgument `increment`: Invalid value provided. Expected Float, provided String.[39m
2025-07-24 15:32:38 [31merror[39m [31mDatabase validation error: [39m
[31mInvalid `prisma.inventory.update()` invocation:[39m

[31m{[39m
[31m  where: {[39m
[31m    id: "MEDICINE"[39m
[31m  },[39m
[31m  data: {[39m
[31m    currentQuantity: {[39m
[31m      increment: "300"[39m
[31m                 ~~~~~[39m
[31m    },[39m
[31m    supplier: "AgroSupplies LTD",[39m
[31m    records: {[39m
[31m      create: {[39m
[31m        recordType: "ITEM",[39m
[31m        quantity: "300",[39m
[31m        pricePerUnit: "45.50",[39m
[31m        totalCost: 13650,[39m
[31m        date: new Date("2025-01-04T00:00:00.000Z"),[39m
[31m        notes: undefined,[39m
[31m        mediaUrls: [[39m
[31m          "/uploads/1753367558881-cattle feed.jpeg"[39m
[31m        ],[39m
[31m        recordedById: "cmcnjxm6s0000t1p8rcay1eoq"[39m
[31m      }[39m
[31m    }[39m
[31m  },[39m
[31m  include: {[39m
[31m    records: true[39m
[31m  }[39m
[31m}[39m

[31mArgument `increment`: Invalid value provided. Expected Float, provided String. [39m
[31mInvalid `prisma.inventory.update()` invocation:[39m

[31m{[39m
[31m  where: {[39m
[31m    id: "MEDICINE"[39m
[31m  },[39m
[31m  data: {[39m
[31m    currentQuantity: {[39m
[31m      increment: "300"[39m
[31m                 ~~~~~[39m
[31m    },[39m
[31m    supplier: "AgroSupplies LTD",[39m
[31m    records: {[39m
[31m      create: {[39m
[31m        recordType: "ITEM",[39m
[31m        quantity: "300",[39m
[31m        pricePerUnit: "45.50",[39m
[31m        totalCost: 13650,[39m
[31m        date: new Date("2025-01-04T00:00:00.000Z"),[39m
[31m        notes: undefined,[39m
[31m        mediaUrls: [[39m
[31m          "/uploads/1753367558881-cattle feed.jpeg"[39m
[31m        ],[39m
[31m        recordedById: "cmcnjxm6s0000t1p8rcay1eoq"[39m
[31m      }[39m
[31m    }[39m
[31m  },[39m
[31m  include: {[39m
[31m    records: true[39m
[31m  }[39m
[31m}[39m

[31mArgument `increment`: Invalid value provided. Expected Float, provided String.[39m
2025-07-24 15:33:13 [31merror[39m [31mDatabase validation error: [39m
[31mInvalid `prisma.inventory.update()` invocation:[39m

[31m{[39m
[31m  where: {[39m
[31m    id: "MEDICINE"[39m
[31m  },[39m
[31m  data: {[39m
[31m    currentQuantity: {[39m
[31m      increment: "300"[39m
[31m                 ~~~~~[39m
[31m    },[39m
[31m    supplier: "AgroSupplies LTD",[39m
[31m    records: {[39m
[31m      create: {[39m
[31m        recordType: "ITEM",[39m
[31m        quantity: "300",[39m
[31m        pricePerUnit: "45.50",[39m
[31m        totalCost: 13650,[39m
[31m        date: new Date("2025-01-04T00:00:00.000Z"),[39m
[31m        notes: "Initial stock",[39m
[31m        mediaUrls: [[39m
[31m          "/uploads/1753367593594-cattle feed.jpeg"[39m
[31m        ],[39m
[31m        recordedById: "cmcnjxm6s0000t1p8rcay1eoq"[39m
[31m      }[39m
[31m    }[39m
[31m  },[39m
[31m  include: {[39m
[31m    records: true[39m
[31m  }[39m
[31m}[39m

[31mArgument `increment`: Invalid value provided. Expected Float, provided String. [39m
[31mInvalid `prisma.inventory.update()` invocation:[39m

[31m{[39m
[31m  where: {[39m
[31m    id: "MEDICINE"[39m
[31m  },[39m
[31m  data: {[39m
[31m    currentQuantity: {[39m
[31m      increment: "300"[39m
[31m                 ~~~~~[39m
[31m    },[39m
[31m    supplier: "AgroSupplies LTD",[39m
[31m    records: {[39m
[31m      create: {[39m
[31m        recordType: "ITEM",[39m
[31m        quantity: "300",[39m
[31m        pricePerUnit: "45.50",[39m
[31m        totalCost: 13650,[39m
[31m        date: new Date("2025-01-04T00:00:00.000Z"),[39m
[31m        notes: "Initial stock",[39m
[31m        mediaUrls: [[39m
[31m          "/uploads/1753367593594-cattle feed.jpeg"[39m
[31m        ],[39m
[31m        recordedById: "cmcnjxm6s0000t1p8rcay1eoq"[39m
[31m      }[39m
[31m    }[39m
[31m  },[39m
[31m  include: {[39m
[31m    records: true[39m
[31m  }[39m
[31m}[39m

[31mArgument `increment`: Invalid value provided. Expected Float, provided String.[39m
2025-07-24 15:33:37 [31merror[39m [31mDatabase validation error: [39m
[31mInvalid `prisma.inventory.update()` invocation:[39m

[31m{[39m
[31m  where: {[39m
[31m    id: "inv123"[39m
[31m  },[39m
[31m  data: {[39m
[31m    currentQuantity: {[39m
[31m      increment: "300"[39m
[31m                 ~~~~~[39m
[31m    },[39m
[31m    supplier: "AgroSupplies LTD",[39m
[31m    records: {[39m
[31m      create: {[39m
[31m        recordType: "ITEM",[39m
[31m        quantity: "300",[39m
[31m        pricePerUnit: "45.50",[39m
[31m        totalCost: 13650,[39m
[31m        date: new Date("2025-01-04T00:00:00.000Z"),[39m
[31m        notes: "Initial stock",[39m
[31m        mediaUrls: [[39m
[31m          "/uploads/1753367617817-cattle feed.jpeg"[39m
[31m        ],[39m
[31m        recordedById: "cmcnjxm6s0000t1p8rcay1eoq"[39m
[31m      }[39m
[31m    }[39m
[31m  },[39m
[31m  include: {[39m
[31m    records: true[39m
[31m  }[39m
[31m}[39m

[31mArgument `increment`: Invalid value provided. Expected Float, provided String. [39m
[31mInvalid `prisma.inventory.update()` invocation:[39m

[31m{[39m
[31m  where: {[39m
[31m    id: "inv123"[39m
[31m  },[39m
[31m  data: {[39m
[31m    currentQuantity: {[39m
[31m      increment: "300"[39m
[31m                 ~~~~~[39m
[31m    },[39m
[31m    supplier: "AgroSupplies LTD",[39m
[31m    records: {[39m
[31m      create: {[39m
[31m        recordType: "ITEM",[39m
[31m        quantity: "300",[39m
[31m        pricePerUnit: "45.50",[39m
[31m        totalCost: 13650,[39m
[31m        date: new Date("2025-01-04T00:00:00.000Z"),[39m
[31m        notes: "Initial stock",[39m
[31m        mediaUrls: [[39m
[31m          "/uploads/1753367617817-cattle feed.jpeg"[39m
[31m        ],[39m
[31m        recordedById: "cmcnjxm6s0000t1p8rcay1eoq"[39m
[31m      }[39m
[31m    }[39m
[31m  },[39m
[31m  include: {[39m
[31m    records: true[39m
[31m  }[39m
[31m}[39m

[31mArgument `increment`: Invalid value provided. Expected Float, provided String.[39m
2025-07-24 15:34:11 [31merror[39m [31mDatabase validation error: [39m
[31mInvalid `prisma.inventory.update()` invocation:[39m

[31m{[39m
[31m  where: {[39m
[31m    id: "inv123"[39m
[31m  },[39m
[31m  data: {[39m
[31m    currentQuantity: {[39m
[31m      increment: "300"[39m
[31m                 ~~~~~[39m
[31m    },[39m
[31m    supplier: "AgroSupplies LTD",[39m
[31m    records: {[39m
[31m      create: {[39m
[31m        recordType: "ITEM",[39m
[31m        quantity: "300",[39m
[31m        pricePerUnit: "45.50",[39m
[31m        totalCost: 13650,[39m
[31m        date: new Date("2025-01-04T00:00:00.000Z"),[39m
[31m        notes: undefined,[39m
[31m        mediaUrls: [[39m
[31m          "/uploads/1753367651346-cattle feed.jpeg"[39m
[31m        ],[39m
[31m        recordedById: "cmcnjxm6s0000t1p8rcay1eoq"[39m
[31m      }[39m
[31m    }[39m
[31m  },[39m
[31m  include: {[39m
[31m    records: true[39m
[31m  }[39m
[31m}[39m

[31mArgument `increment`: Invalid value provided. Expected Float, provided String. [39m
[31mInvalid `prisma.inventory.update()` invocation:[39m

[31m{[39m
[31m  where: {[39m
[31m    id: "inv123"[39m
[31m  },[39m
[31m  data: {[39m
[31m    currentQuantity: {[39m
[31m      increment: "300"[39m
[31m                 ~~~~~[39m
[31m    },[39m
[31m    supplier: "AgroSupplies LTD",[39m
[31m    records: {[39m
[31m      create: {[39m
[31m        recordType: "ITEM",[39m
[31m        quantity: "300",[39m
[31m        pricePerUnit: "45.50",[39m
[31m        totalCost: 13650,[39m
[31m        date: new Date("2025-01-04T00:00:00.000Z"),[39m
[31m        notes: undefined,[39m
[31m        mediaUrls: [[39m
[31m          "/uploads/1753367651346-cattle feed.jpeg"[39m
[31m        ],[39m
[31m        recordedById: "cmcnjxm6s0000t1p8rcay1eoq"[39m
[31m      }[39m
[31m    }[39m
[31m  },[39m
[31m  include: {[39m
[31m    records: true[39m
[31m  }[39m
[31m}[39m

[31mArgument `increment`: Invalid value provided. Expected Float, provided String.[39m
2025-07-24 15:37:09 [31merror[39m [31mDatabase validation error: [39m
[31mInvalid `prisma.inventory.update()` invocation:[39m

[31m{[39m
[31m  where: {[39m
[31m    id: "inv123"[39m
[31m  },[39m
[31m  data: {[39m
[31m    currentQuantity: {[39m
[31m      increment: "300"[39m
[31m                 ~~~~~[39m
[31m    },[39m
[31m    supplier: "AgroSupplies LTD",[39m
[31m    records: {[39m
[31m      create: {[39m
[31m        recordType: "ITEM",[39m
[31m        quantity: 300,[39m
[31m        pricePerUnit: 45.5,[39m
[31m        totalCost: 13650,[39m
[31m        date: new Date("2025-01-04T00:00:00.000Z"),[39m
[31m        notes: undefined,[39m
[31m        mediaUrls: [[39m
[31m          "/uploads/1753367829053-cattle feed.jpeg"[39m
[31m        ],[39m
[31m        recordedById: "cmcnjxm6s0000t1p8rcay1eoq"[39m
[31m      }[39m
[31m    }[39m
[31m  },[39m
[31m  include: {[39m
[31m    records: true[39m
[31m  }[39m
[31m}[39m

[31mArgument `increment`: Invalid value provided. Expected Float, provided String. [39m
[31mInvalid `prisma.inventory.update()` invocation:[39m

[31m{[39m
[31m  where: {[39m
[31m    id: "inv123"[39m
[31m  },[39m
[31m  data: {[39m
[31m    currentQuantity: {[39m
[31m      increment: "300"[39m
[31m                 ~~~~~[39m
[31m    },[39m
[31m    supplier: "AgroSupplies LTD",[39m
[31m    records: {[39m
[31m      create: {[39m
[31m        recordType: "ITEM",[39m
[31m        quantity: 300,[39m
[31m        pricePerUnit: 45.5,[39m
[31m        totalCost: 13650,[39m
[31m        date: new Date("2025-01-04T00:00:00.000Z"),[39m
[31m        notes: undefined,[39m
[31m        mediaUrls: [[39m
[31m          "/uploads/1753367829053-cattle feed.jpeg"[39m
[31m        ],[39m
[31m        recordedById: "cmcnjxm6s0000t1p8rcay1eoq"[39m
[31m      }[39m
[31m    }[39m
[31m  },[39m
[31m  include: {[39m
[31m    records: true[39m
[31m  }[39m
[31m}[39m

[31mArgument `increment`: Invalid value provided. Expected Float, provided String.[39m
2025-07-24 15:40:13 [31merror[39m [31mDatabase validation error: [39m
[31mInvalid `prisma.inventory.update()` invocation:[39m

[31m{[39m
[31m  where: {[39m
[31m    id: "inv123"[39m
[31m  },[39m
[31m  data: {[39m
[31m    currentQuantity: {[39m
[31m      increment: "300"[39m
[31m                 ~~~~~[39m
[31m    },[39m
[31m    supplier: "AgroSupplies LTD",[39m
[31m    records: {[39m
[31m      create: {[39m
[31m        recordType: "ITEM",[39m
[31m        quantity: 300,[39m
[31m        pricePerUnit: 45.5,[39m
[31m        totalCost: 13650,[39m
[31m        date: new Date("2025-01-04T00:00:00.000Z"),[39m
[31m        notes: undefined,[39m
[31m        mediaUrls: [[39m
[31m          "/uploads/1753368013470-cattle feed.jpeg"[39m
[31m        ],[39m
[31m        recordedById: "cmcnjxm6s0000t1p8rcay1eoq"[39m
[31m      }[39m
[31m    }[39m
[31m  },[39m
[31m  include: {[39m
[31m    records: true[39m
[31m  }[39m
[31m}[39m

[31mArgument `increment`: Invalid value provided. Expected Float, provided String. [39m
[31mInvalid `prisma.inventory.update()` invocation:[39m

[31m{[39m
[31m  where: {[39m
[31m    id: "inv123"[39m
[31m  },[39m
[31m  data: {[39m
[31m    currentQuantity: {[39m
[31m      increment: "300"[39m
[31m                 ~~~~~[39m
[31m    },[39m
[31m    supplier: "AgroSupplies LTD",[39m
[31m    records: {[39m
[31m      create: {[39m
[31m        recordType: "ITEM",[39m
[31m        quantity: 300,[39m
[31m        pricePerUnit: 45.5,[39m
[31m        totalCost: 13650,[39m
[31m        date: new Date("2025-01-04T00:00:00.000Z"),[39m
[31m        notes: undefined,[39m
[31m        mediaUrls: [[39m
[31m          "/uploads/1753368013470-cattle feed.jpeg"[39m
[31m        ],[39m
[31m        recordedById: "cmcnjxm6s0000t1p8rcay1eoq"[39m
[31m      }[39m
[31m    }[39m
[31m  },[39m
[31m  include: {[39m
[31m    records: true[39m
[31m  }[39m
[31m}[39m

[31mArgument `increment`: Invalid value provided. Expected Float, provided String.[39m
2025-07-24 15:47:20 [31merror[39m [31mDatabase validation error: [39m
[31mInvalid `prisma.inventory.update()` invocation:[39m

[31m{[39m
[31m  where: {[39m
[31m    id: "inv123"[39m
[31m  },[39m
[31m  data: {[39m
[31m    currentQuantity: {[39m
[31m      increment: "50"[39m
[31m                 ~~~~[39m
[31m    },[39m
[31m    supplier: "AgroSupplies",[39m
[31m    records: {[39m
[31m      create: {[39m
[31m        recordType: "ITEM",[39m
[31m        quantity: 50,[39m
[31m        pricePerUnit: 2.75,[39m
[31m        totalCost: 137.5,[39m
[31m        date: new Date("2025-01-15T00:00:00.000Z"),[39m
[31m        notes: undefined,[39m
[31m        mediaUrls: [[39m
[31m          "/uploads/1753368440011-cattle feed.jpeg"[39m
[31m        ],[39m
[31m        recordedById: "cmcnjxm6s0000t1p8rcay1eoq"[39m
[31m      }[39m
[31m    }[39m
[31m  },[39m
[31m  include: {[39m
[31m    records: true[39m
[31m  }[39m
[31m}[39m

[31mArgument `increment`: Invalid value provided. Expected Float, provided String. [39m
[31mInvalid `prisma.inventory.update()` invocation:[39m

[31m{[39m
[31m  where: {[39m
[31m    id: "inv123"[39m
[31m  },[39m
[31m  data: {[39m
[31m    currentQuantity: {[39m
[31m      increment: "50"[39m
[31m                 ~~~~[39m
[31m    },[39m
[31m    supplier: "AgroSupplies",[39m
[31m    records: {[39m
[31m      create: {[39m
[31m        recordType: "ITEM",[39m
[31m        quantity: 50,[39m
[31m        pricePerUnit: 2.75,[39m
[31m        totalCost: 137.5,[39m
[31m        date: new Date("2025-01-15T00:00:00.000Z"),[39m
[31m        notes: undefined,[39m
[31m        mediaUrls: [[39m
[31m          "/uploads/1753368440011-cattle feed.jpeg"[39m
[31m        ],[39m
[31m        recordedById: "cmcnjxm6s0000t1p8rcay1eoq"[39m
[31m      }[39m
[31m    }[39m
[31m  },[39m
[31m  include: {[39m
[31m    records: true[39m
[31m  }[39m
[31m}[39m

[31mArgument `increment`: Invalid value provided. Expected Float, provided String.[39m
2025-07-24 15:56:52 [31merror[39m [31mDatabase validation error: [39m
[31mInvalid `prisma.inventory.update()` invocation:[39m

[31m{[39m
[31m  where: {[39m
[31m    id: "inv123"[39m
[31m  },[39m
[31m  data: {[39m
[31m    currentQuantity: {[39m
[31m      increment: "50"[39m
[31m                 ~~~~[39m
[31m    },[39m
[31m    supplier: "AgroSupplies",[39m
[31m    records: {[39m
[31m      create: {[39m
[31m        recordType: "ITEM",[39m
[31m        quantity: 50,[39m
[31m        pricePerUnit: 2.75,[39m
[31m        totalCost: 137.5,[39m
[31m        date: new Date("2025-01-15T00:00:00.000Z"),[39m
[31m        notes: undefined,[39m
[31m        mediaUrls: [[39m
[31m          "/uploads/1753369012801-cattle feed.jpeg"[39m
[31m        ],[39m
[31m        recordedById: "cmcnjxm6s0000t1p8rcay1eoq"[39m
[31m      }[39m
[31m    }[39m
[31m  },[39m
[31m  include: {[39m
[31m    records: true[39m
[31m  }[39m
[31m}[39m

[31mArgument `increment`: Invalid value provided. Expected Float, provided String. [39m
[31mInvalid `prisma.inventory.update()` invocation:[39m

[31m{[39m
[31m  where: {[39m
[31m    id: "inv123"[39m
[31m  },[39m
[31m  data: {[39m
[31m    currentQuantity: {[39m
[31m      increment: "50"[39m
[31m                 ~~~~[39m
[31m    },[39m
[31m    supplier: "AgroSupplies",[39m
[31m    records: {[39m
[31m      create: {[39m
[31m        recordType: "ITEM",[39m
[31m        quantity: 50,[39m
[31m        pricePerUnit: 2.75,[39m
[31m        totalCost: 137.5,[39m
[31m        date: new Date("2025-01-15T00:00:00.000Z"),[39m
[31m        notes: undefined,[39m
[31m        mediaUrls: [[39m
[31m          "/uploads/1753369012801-cattle feed.jpeg"[39m
[31m        ],[39m
[31m        recordedById: "cmcnjxm6s0000t1p8rcay1eoq"[39m
[31m      }[39m
[31m    }[39m
[31m  },[39m
[31m  include: {[39m
[31m    records: true[39m
[31m  }[39m
[31m}[39m

[31mArgument `increment`: Invalid value provided. Expected Float, provided String.[39m
2025-07-24 15:59:38 [31merror[39m [31mDatabase validation error: [39m
[31mInvalid `prisma.inventory.update()` invocation:[39m

[31m{[39m
[31m  where: {[39m
[31m    id: "inv123"[39m
[31m  },[39m
[31m  data: {[39m
[31m    currentQuantity: {[39m
[31m      increment: "50"[39m
[31m                 ~~~~[39m
[31m    },[39m
[31m    supplier: "AgroSupplies",[39m
[31m    records: {[39m
[31m      create: {[39m
[31m        recordType: "ITEM",[39m
[31m        quantity: 50,[39m
[31m        pricePerUnit: 2.75,[39m
[31m        totalCost: 137.5,[39m
[31m        date: new Date("2025-01-15T00:00:00.000Z"),[39m
[31m        notes: undefined,[39m
[31m        mediaUrls: [[39m
[31m          "/uploads/1753369178179-cattle feed.jpeg"[39m
[31m        ],[39m
[31m        recordedById: "cmcnjxm6s0000t1p8rcay1eoq"[39m
[31m      }[39m
[31m    }[39m
[31m  },[39m
[31m  include: {[39m
[31m    records: true[39m
[31m  }[39m
[31m}[39m

[31mArgument `increment`: Invalid value provided. Expected Float, provided String. [39m
[31mInvalid `prisma.inventory.update()` invocation:[39m

[31m{[39m
[31m  where: {[39m
[31m    id: "inv123"[39m
[31m  },[39m
[31m  data: {[39m
[31m    currentQuantity: {[39m
[31m      increment: "50"[39m
[31m                 ~~~~[39m
[31m    },[39m
[31m    supplier: "AgroSupplies",[39m
[31m    records: {[39m
[31m      create: {[39m
[31m        recordType: "ITEM",[39m
[31m        quantity: 50,[39m
[31m        pricePerUnit: 2.75,[39m
[31m        totalCost: 137.5,[39m
[31m        date: new Date("2025-01-15T00:00:00.000Z"),[39m
[31m        notes: undefined,[39m
[31m        mediaUrls: [[39m
[31m          "/uploads/1753369178179-cattle feed.jpeg"[39m
[31m        ],[39m
[31m        recordedById: "cmcnjxm6s0000t1p8rcay1eoq"[39m
[31m      }[39m
[31m    }[39m
[31m  },[39m
[31m  include: {[39m
[31m    records: true[39m
[31m  }[39m
[31m}[39m

[31mArgument `increment`: Invalid value provided. Expected Float, provided String.[39m
2025-07-24 16:00:20 [31merror[39m [31mDatabase validation error: [39m
[31mInvalid `prisma.inventory.update()` invocation:[39m

[31m{[39m
[31m  where: {[39m
[31m    id: "inv123"[39m
[31m  },[39m
[31m  data: {[39m
[31m    currentQuantity: {[39m
[31m      increment: "50"[39m
[31m                 ~~~~[39m
[31m    },[39m
[31m    supplier: "AgroSupplies",[39m
[31m    records: {[39m
[31m      create: {[39m
[31m        recordType: "ITEM",[39m
[31m        quantity: 50,[39m
[31m        pricePerUnit: 2.75,[39m
[31m        totalCost: 137.5,[39m
[31m        date: new Date("2025-01-15T00:00:00.000Z"),[39m
[31m        notes: undefined,[39m
[31m        mediaUrls: [[39m
[31m          "/uploads/1753369220739-cattle feed.jpeg"[39m
[31m        ],[39m
[31m        recordedById: "cmcnjxm6s0000t1p8rcay1eoq"[39m
[31m      }[39m
[31m    }[39m
[31m  },[39m
[31m  include: {[39m
[31m    records: true[39m
[31m  }[39m
[31m}[39m

[31mArgument `increment`: Invalid value provided. Expected Float, provided String. [39m
[31mInvalid `prisma.inventory.update()` invocation:[39m

[31m{[39m
[31m  where: {[39m
[31m    id: "inv123"[39m
[31m  },[39m
[31m  data: {[39m
[31m    currentQuantity: {[39m
[31m      increment: "50"[39m
[31m                 ~~~~[39m
[31m    },[39m
[31m    supplier: "AgroSupplies",[39m
[31m    records: {[39m
[31m      create: {[39m
[31m        recordType: "ITEM",[39m
[31m        quantity: 50,[39m
[31m        pricePerUnit: 2.75,[39m
[31m        totalCost: 137.5,[39m
[31m        date: new Date("2025-01-15T00:00:00.000Z"),[39m
[31m        notes: undefined,[39m
[31m        mediaUrls: [[39m
[31m          "/uploads/1753369220739-cattle feed.jpeg"[39m
[31m        ],[39m
[31m        recordedById: "cmcnjxm6s0000t1p8rcay1eoq"[39m
[31m      }[39m
[31m    }[39m
[31m  },[39m
[31m  include: {[39m
[31m    records: true[39m
[31m  }[39m
[31m}[39m

[31mArgument `increment`: Invalid value provided. Expected Float, provided String.[39m
2025-07-24 16:02:34 [31merror[39m [31mDatabase validation error: [39m
[31mInvalid `prisma.inventory.update()` invocation:[39m

[31m{[39m
[31m  where: {[39m
[31m    id: "inv123"[39m
[31m  },[39m
[31m  data: {[39m
[31m    currentQuantity: {[39m
[31m      increment: "50"[39m
[31m                 ~~~~[39m
[31m    },[39m
[31m    supplier: "AgroSupplies",[39m
[31m    records: {[39m
[31m      create: {[39m
[31m        recordType: "ITEM",[39m
[31m        quantity: 50,[39m
[31m        pricePerUnit: 2.75,[39m
[31m        totalCost: 137.5,[39m
[31m        date: new Date("2025-01-15T00:00:00.000Z"),[39m
[31m        notes: undefined,[39m
[31m        mediaUrls: [[39m
[31m          "/uploads/1753369354771-cattle feed.jpeg"[39m
[31m        ],[39m
[31m        recordedById: "cmcnjxm6s0000t1p8rcay1eoq"[39m
[31m      }[39m
[31m    }[39m
[31m  },[39m
[31m  include: {[39m
[31m    records: true[39m
[31m  }[39m
[31m}[39m

[31mArgument `increment`: Invalid value provided. Expected Float, provided String. [39m
[31mInvalid `prisma.inventory.update()` invocation:[39m

[31m{[39m
[31m  where: {[39m
[31m    id: "inv123"[39m
[31m  },[39m
[31m  data: {[39m
[31m    currentQuantity: {[39m
[31m      increment: "50"[39m
[31m                 ~~~~[39m
[31m    },[39m
[31m    supplier: "AgroSupplies",[39m
[31m    records: {[39m
[31m      create: {[39m
[31m        recordType: "ITEM",[39m
[31m        quantity: 50,[39m
[31m        pricePerUnit: 2.75,[39m
[31m        totalCost: 137.5,[39m
[31m        date: new Date("2025-01-15T00:00:00.000Z"),[39m
[31m        notes: undefined,[39m
[31m        mediaUrls: [[39m
[31m          "/uploads/1753369354771-cattle feed.jpeg"[39m
[31m        ],[39m
[31m        recordedById: "cmcnjxm6s0000t1p8rcay1eoq"[39m
[31m      }[39m
[31m    }[39m
[31m  },[39m
[31m  include: {[39m
[31m    records: true[39m
[31m  }[39m
[31m}[39m

[31mArgument `increment`: Invalid value provided. Expected Float, provided String.[39m
2025-07-24 16:07:20 [31merror[39m [31mPrisma error: [39m
[31mInvalid `prisma.inventory.update()` invocation:[39m


[31mAn operation failed because it depends on one or more records that were required but not found. No 'Inventory' record (needed to inline the relation on 'Inventory' record(s)) was found for a nested create on one-to-many relation 'InventoryToInventoryRecord'. [39m
[31mInvalid `prisma.inventory.update()` invocation:[39m


[31mAn operation failed because it depends on one or more records that were required but not found. No 'Inventory' record (needed to inline the relation on 'Inventory' record(s)) was found for a nested create on one-to-many relation 'InventoryToInventoryRecord'.[39m
2025-07-24 16:08:56 [31merror[39m [31mPrisma error: [39m
[31mInvalid `prisma.inventory.update()` invocation:[39m


[31mAn operation failed because it depends on one or more records that were required but not found. No 'Inventory' record (needed to inline the relation on 'Inventory' record(s)) was found for a nested create on one-to-many relation 'InventoryToInventoryRecord'. [39m
[31mInvalid `prisma.inventory.update()` invocation:[39m


[31mAn operation failed because it depends on one or more records that were required but not found. No 'Inventory' record (needed to inline the relation on 'Inventory' record(s)) was found for a nested create on one-to-many relation 'InventoryToInventoryRecord'.[39m
2025-07-24 16:10:00 [31merror[39m [31mPrisma error: [39m
[31mInvalid `prisma.inventory.update()` invocation:[39m


[31mAn operation failed because it depends on one or more records that were required but not found. No 'Inventory' record (needed to inline the relation on 'Inventory' record(s)) was found for a nested create on one-to-many relation 'InventoryToInventoryRecord'. [39m
[31mInvalid `prisma.inventory.update()` invocation:[39m


[31mAn operation failed because it depends on one or more records that were required but not found. No 'Inventory' record (needed to inline the relation on 'Inventory' record(s)) was found for a nested create on one-to-many relation 'InventoryToInventoryRecord'.[39m
2025-07-24 16:21:16 [31merror[39m [31mDatabase validation error: [39m
[31mInvalid `prisma.inventory.update()` invocation:[39m

[31m{[39m
[31m  where: {[39m
[31m    id: "cmdhj85ih0006t198bjhg51x2"[39m
[31m  },[39m
[31m  data: {[39m
[31m    currentQuantity: {[39m
[31m      decrement: undefined[39m
[31m    },[39m
[31m    ~~~~~~~~~~~~~~~~~~~~~~[39m
[31m    records: {[39m
[31m      create: {[39m
[31m        recordType: "USE",[39m
[31m        quantity: undefined,[39m
[31m        movementType: "FEEDING",[39m
[31m        date: new Date("2025-01-20T00:00:00.000Z"),[39m
[31m        relatedAnimals: "Cow001,Cow002",[39m
[31m        notes: undefined,[39m
[31m        mediaUrls: [[39m
[31m          "/uploads/1753370476707-cow445.jpeg"[39m
[31m        ],[39m
[31m        recordedById: "cmcnjxm6s0000t1p8rcay1eoq"[39m
[31m      }[39m
[31m    }[39m
[31m  },[39m
[31m  include: {[39m
[31m    records: true[39m
[31m  }[39m
[31m}[39m

[31mArgument `currentQuantity`: Invalid value provided. Expected Float, provided Object. [39m
[31mInvalid `prisma.inventory.update()` invocation:[39m

[31m{[39m
[31m  where: {[39m
[31m    id: "cmdhj85ih0006t198bjhg51x2"[39m
[31m  },[39m
[31m  data: {[39m
[31m    currentQuantity: {[39m
[31m      decrement: undefined[39m
[31m    },[39m
[31m    ~~~~~~~~~~~~~~~~~~~~~~[39m
[31m    records: {[39m
[31m      create: {[39m
[31m        recordType: "USE",[39m
[31m        quantity: undefined,[39m
[31m        movementType: "FEEDING",[39m
[31m        date: new Date("2025-01-20T00:00:00.000Z"),[39m
[31m        relatedAnimals: "Cow001,Cow002",[39m
[31m        notes: undefined,[39m
[31m        mediaUrls: [[39m
[31m          "/uploads/1753370476707-cow445.jpeg"[39m
[31m        ],[39m
[31m        recordedById: "cmcnjxm6s0000t1p8rcay1eoq"[39m
[31m      }[39m
[31m    }[39m
[31m  },[39m
[31m  include: {[39m
[31m    records: true[39m
[31m  }[39m
[31m}[39m

[31mArgument `currentQuantity`: Invalid value provided. Expected Float, provided Object.[39m
2025-09-15 09:36:35 [31merror[39m [31mInternal Server Error [39m
[31mInvalid `prisma.user.findFirst()` invocation:[39m


[31mServer has closed the connection.[39m
2025-09-15 09:39:14 [31merror[39m [31mUser not found User not found[39m
2025-10-07 14:49:32 [31merror[39m [31mPrisma error: [39m
[31mInvalid `prisma.livestock.findMany()` invocation in[39m
[31mC:\Users\DoBUY\Agritech-Backend\src\contollers\livestock.controller.ts:92:46[39m

[31m  89   ...(type && { type: String(type) }) [39m
[31m  90 };[39m
[31m  91 [39m
[31m→ 92 const livestock = await prisma.livestock.findMany([39m
[31mThe column `Livestock.isDeleted` does not exist in the current database. [39m
[31mInvalid `prisma.livestock.findMany()` invocation in[39m
[31mC:\Users\DoBUY\Agritech-Backend\src\contollers\livestock.controller.ts:92:46[39m

[31m  89   ...(type && { type: String(type) }) [39m
[31m  90 };[39m
[31m  91 [39m
[31m→ 92 const livestock = await prisma.livestock.findMany([39m
[31mThe column `Livestock.isDeleted` does not exist in the current database.[39m
2025-10-07 14:49:46 [31merror[39m [31mPrisma error: [39m
[31mInvalid `prisma.livestock.findMany()` invocation in[39m
[31mC:\Users\DoBUY\Agritech-Backend\src\contollers\livestock.controller.ts:92:46[39m

[31m  89   ...(type && { type: String(type) }) [39m
[31m  90 };[39m
[31m  91 [39m
[31m→ 92 const livestock = await prisma.livestock.findMany([39m
[31mThe column `Livestock.isDeleted` does not exist in the current database. [39m
[31mInvalid `prisma.livestock.findMany()` invocation in[39m
[31mC:\Users\DoBUY\Agritech-Backend\src\contollers\livestock.controller.ts:92:46[39m

[31m  89   ...(type && { type: String(type) }) [39m
[31m  90 };[39m
[31m  91 [39m
[31m→ 92 const livestock = await prisma.livestock.findMany([39m
[31mThe column `Livestock.isDeleted` does not exist in the current database.[39m
2025-10-07 14:50:03 [31merror[39m [31mPrisma error: [39m
[31mInvalid `prisma.livestock.count()` invocation in[39m
[31mC:\Users\DoBUY\Agritech-Backend\src\contollers\livestock.controller.ts:150:24[39m

[31m  147     isDeleted: false[39m
[31m  148   }[39m
[31m  149 }),[39m
[31m→ 150 prisma.livestock.count([39m
[31mThe column `Livestock.isDeleted` does not exist in the current database. [39m
[31mInvalid `prisma.livestock.count()` invocation in[39m
[31mC:\Users\DoBUY\Agritech-Backend\src\contollers\livestock.controller.ts:150:24[39m

[31m  147     isDeleted: false[39m
[31m  148   }[39m
[31m  149 }),[39m
[31m→ 150 prisma.livestock.count([39m
[31mThe column `Livestock.isDeleted` does not exist in the current database.[39m
2025-10-07 14:56:24 [31merror[39m [31mExpected double-quoted property name in JSON at position 290 (line 11 column 1) Expected double-quoted property name in JSON at position 290 (line 11 column 1)[39m
2025-10-07 14:56:38 [31merror[39m [31mPrisma error: [39m
[31mInvalid `prisma.livestock.create()` invocation in[39m
[31mC:\Users\DoBUY\Agritech-Backend\src\contollers\livestock.controller.ts:28:46[39m

[31m  25 [39m
[31m  26 const addedById = (req.user as any).id;[39m
[31m  27 [39m
[31m→ 28 const livestock = await prisma.livestock.create([39m
[31mThe column `isDeleted` does not exist in the current database. [39m
[31mInvalid `prisma.livestock.create()` invocation in[39m
[31mC:\Users\DoBUY\Agritech-Backend\src\contollers\livestock.controller.ts:28:46[39m

[31m  25 [39m
[31m  26 const addedById = (req.user as any).id;[39m
[31m  27 [39m
[31m→ 28 const livestock = await prisma.livestock.create([39m
[31mThe column `isDeleted` does not exist in the current database.[39m
2025-10-18 12:50:57 [31merror[39m [31mTask not found or you do not have permission to view it Task not found or you do not have permission to view it[39m
2025-10-18 12:51:04 [31merror[39m [31mTask not found or you do not have permission to view it Task not found or you do not have permission to view it[39m
2025-10-18 13:06:09 [31merror[39m [31mTask not found Task not found[39m
2025-10-26 15:40:34 [31merror[39m [31mUser not found User not found[39m
2025-10-27 13:17:44 [31merror[39m [31mInternal Server Error User already exists with this email[39m
2025-10-27 13:18:23 [31merror[39m [31mInternal Server Error User already exists with this email[39m
2025-10-27 13:20:45 [31merror[39m [31mError sending email: Invalid login: 535 Authentication failed[39m
2025-10-27 13:25:47 [31merror[39m [31mError sending email: Invalid login: 535 Authentication failed[39m
2025-10-27 13:31:44 [31merror[39m [31mInternal Server Error User already exists with this email and phone[39m
2025-10-27 13:32:10 [31merror[39m [31mInternal Server Error User already exists with this email and phone[39m
2025-10-27 13:36:14 [31merror[39m [31mInternal Server Error User already exists with this email and phone[39m
2025-10-27 13:43:23 [31merror[39m [31mUser already exists with this credentials User already exists with this credentials[39m
2025-10-27 15:04:48 [31merror[39m [31mVet account not found Vet account not found[39m
2025-10-27 15:05:08 [31merror[39m [31mVet account not found Vet account not found[39m
2025-10-27 15:05:26 [31merror[39m [31mInvalid credentials Invalid credentials[39m
2025-10-27 15:06:01 [31merror[39m [31mInvalid credentials Invalid credentials[39m
2025-10-27 15:06:40 [31merror[39m [31mInvalid credentials Invalid credentials[39m
2025-10-27 15:09:24 [31merror[39m [31mInvalid credentials Invalid credentials[39m
2025-10-27 15:10:04 [31merror[39m [31mInvalid credentials Invalid credentials[39m
2025-10-27 15:11:17 [31merror[39m [31mInvalid credentials Invalid credentials[39m
2025-10-27 15:12:14 [31merror[39m [31mInvalid credentials Invalid credentials[39m
2025-10-27 15:13:11 [31merror[39m [31mInvalid credentials Invalid credentials[39m
2025-10-27 15:23:49 [31merror[39m [31mInvalid credentials Invalid credentials[39m
2025-10-27 15:27:03 [31merror[39m [31mFarm keepers can only assign tasks to coworkers Farm keepers can only assign tasks to coworkers[39m
2025-10-27 16:24:28 [31merror[39m [31mDatabase validation error: [39m
[31mInvalid `prisma.task.create()` invocation in[39m
[31mC:\Users\DoBUY\Agritech-Backend\src\contollers\task.controller.ts:57:36[39m

[31m  54 }[39m
[31m  55 [39m
[31m  56 [39m
[31m→ 57 const task = await prisma.task.create({[39m
[31m       data: {[39m
[31m         name: "Fever Treatment",[39m
[31m         description: "Give two Malaria 2ml for the next one week untill the animal is 5 weeks old",[39m
[31m         priority: "HIGH",[39m
[31m         dueDate: new Date("Invalid Date"),[39m
[31m                  ~~~~~~~~~~~~~~~~~~~~~~~~[39m
[31m         status: "PENDING",[39m
[31m         assignedToId: "cmh93w4d20000t1tggcs12hvi",[39m
[31m         assignedById: "cmcnjxm6s0000t1p8rcay1eoq"[39m
[31m       },[39m
[31m       include: {[39m
[31m         assignedTo: {[39m
[31m           select: {[39m
[31m             id: true,[39m
[31m             fullName: true,[39m
[31m             email: true,[39m
[31m             phone: true,[39m
[31m             role: true,[39m
[31m             isVerified: true,[39m
[31m             avatar: true,[39m
[31m             location: true,[39m
[31m             createdAt: true,[39m
[31m             updatedAt: true,[39m
[31m             lastLogin: true[39m
[31m           }[39m
[31m         },[39m
[31m         assignedBy: {[39m
[31m           select: {[39m
[31m             id: true,[39m
[31m             fullName: true,[39m
[31m             email: true,[39m
[31m             phone: true,[39m
[31m             role: true,[39m
[31m             isVerified: true,[39m
[31m             avatar: true,[39m
[31m             location: true,[39m
[31m             createdAt: true,[39m
[31m             updatedAt: true,[39m
[31m             lastLogin: true[39m
[31m           }[39m
[31m         }[39m
[31m       }[39m
[31m     })[39m

[31mInvalid value for argument `dueDate`: Provided Date object is invalid. Expected Date. [39m
[31mInvalid `prisma.task.create()` invocation in[39m
[31mC:\Users\DoBUY\Agritech-Backend\src\contollers\task.controller.ts:57:36[39m

[31m  54 }[39m
[31m  55 [39m
[31m  56 [39m
[31m→ 57 const task = await prisma.task.create({[39m
[31m       data: {[39m
[31m         name: "Fever Treatment",[39m
[31m         description: "Give two Malaria 2ml for the next one week untill the animal is 5 weeks old",[39m
[31m         priority: "HIGH",[39m
[31m         dueDate: new Date("Invalid Date"),[39m
[31m                  ~~~~~~~~~~~~~~~~~~~~~~~~[39m
[31m         status: "PENDING",[39m
[31m         assignedToId: "cmh93w4d20000t1tggcs12hvi",[39m
[31m         assignedById: "cmcnjxm6s0000t1p8rcay1eoq"[39m
[31m       },[39m
[31m       include: {[39m
[31m         assignedTo: {[39m
[31m           select: {[39m
[31m             id: true,[39m
[31m             fullName: true,[39m
[31m             email: true,[39m
[31m             phone: true,[39m
[31m             role: true,[39m
[31m             isVerified: true,[39m
[31m             avatar: true,[39m
[31m             location: true,[39m
[31m             createdAt: true,[39m
[31m             updatedAt: true,[39m
[31m             lastLogin: true[39m
[31m           }[39m
[31m         },[39m
[31m         assignedBy: {[39m
[31m           select: {[39m
[31m             id: true,[39m
[31m             fullName: true,[39m
[31m             email: true,[39m
[31m             phone: true,[39m
[31m             role: true,[39m
[31m             isVerified: true,[39m
[31m             avatar: true,[39m
[31m             location: true,[39m
[31m             createdAt: true,[39m
[31m             updatedAt: true,[39m
[31m             lastLogin: true[39m
[31m           }[39m
[31m         }[39m
[31m       }[39m
[31m     })[39m

[31mInvalid value for argument `dueDate`: Provided Date object is invalid. Expected Date.[39m
2025-10-29 13:10:05 [31merror[39m [31mTask not found Task not found[39m
2025-10-29 13:10:34 [31merror[39m [31mTask not found Task not found[39m
2025-10-29 13:11:15 [31merror[39m [31mTask not found Task not found[39m
2025-10-29 14:44:29 [31merror[39m [31mUser not found User not found[39m
2025-10-29 14:46:32 [31merror[39m [31mUser not found User not found[39m
2025-10-29 14:47:06 [31merror[39m [31mUser not found User not found[39m
2025-10-30 01:59:55 [31merror[39m [31mInvalid credentials Invalid credentials[39m
2025-10-30 02:00:33 [31merror[39m [31mInvalid credentials Invalid credentials[39m
2025-11-02 07:29:02 [31merror[39m [31mVet account not found Vet account not found[39m
2025-11-02 07:29:21 [31merror[39m [31mVet account not found Vet account not found[39m
2025-11-02 08:42:11 [31merror[39m [31mVet account not found Vet account not found[39m
2025-11-02 08:42:35 [31merror[39m [31mInvalid credentials Invalid credentials[39m
2025-11-09 14:51:36 [31merror[39m [31mInvalid credentials Invalid credentials[39m
2025-11-09 14:51:52 [31merror[39m [31mInvalid credentials Invalid credentials[39m
2025-11-09 14:52:03 [31merror[39m [31mInvalid credentials Invalid credentials[39m
2025-11-09 14:53:15 [31merror[39m [31mInvalid credentials Invalid credentials[39m
2025-11-09 15:08:57 [31merror[39m [31mInvalid credentials Invalid credentials[39m
2025-11-10 16:10:43 [31merror[39m [31mUser not found User not found[39m
2025-11-10 16:11:05 [31merror[39m [31mUser not found User not found[39m
2025-11-11 12:16:48 [31merror[39m [31mInvalid credentials Invalid credentials[39m
2025-11-11 13:08:25 [31merror[39m [31mInvalid credentials Invalid credentials[39m
2025-11-16 20:42:39 [31merror[39m [31mLivestock not found Livestock not found[39m
2025-11-16 21:19:00 [31merror[39m [31mInvalid credentials Invalid credentials[39m
2025-11-17 13:07:45 [31merror[39m [31mInvalid credentials Invalid credentials[39m
2025-11-18 11:53:13 [31merror[39m [31mInvalid credentials Invalid credentials[39m
2025-11-18 12:00:01 [31merror[39m [31mInvalid credentials Invalid credentials[39m
2025-11-18 13:00:59 [31merror[39m [31mInvalid credentials Invalid credentials[39m
2025-11-18 14:59:54 [31merror[39m [31mPrisma error: [39m
[31mInvalid `prisma.notification.update()` invocation in[39m
[31mC:\Users\DoBUY\Agritech-Backend\src\contollers\notification.controller.ts:66:52[39m

[31m  63 const notificationId = req.params.notificationId;[39m
[31m  64 const { status } = req.body;[39m
[31m  65 [39m
[31m→ 66 const notification = await prisma.notification.update([39m
[31mAn operation failed because it depends on one or more records that were required but not found. No record was found for an update. [39m
[31mInvalid `prisma.notification.update()` invocation in[39m
[31mC:\Users\DoBUY\Agritech-Backend\src\contollers\notification.controller.ts:66:52[39m

[31m  63 const notificationId = req.params.notificationId;[39m
[31m  64 const { status } = req.body;[39m
[31m  65 [39m
[31m→ 66 const notification = await prisma.notification.update([39m
[31mAn operation failed because it depends on one or more records that were required but not found. No record was found for an update.[39m
2025-11-18 15:04:45 [31merror[39m [31mYou do not have permission to update this notification You do not have permission to update this notification[39m
2025-11-18 15:37:37 [31merror[39m [31mPrisma error: [39m
[31mInvalid `prisma.notification.update()` invocation in[39m
[31mC:\Users\DoBUY\Agritech-Backend\src\contollers\notification.controller.ts:66:52[39m

[31m  63 const notificationId = req.params.notificationId;[39m
[31m  64 const { status } = req.body;[39m
[31m  65 [39m
[31m→ 66 const notification = await prisma.notification.update([39m
[31mAn operation failed because it depends on one or more records that were required but not found. No record was found for an update. [39m
[31mInvalid `prisma.notification.update()` invocation in[39m
[31mC:\Users\DoBUY\Agritech-Backend\src\contollers\notification.controller.ts:66:52[39m

[31m  63 const notificationId = req.params.notificationId;[39m
[31m  64 const { status } = req.body;[39m
[31m  65 [39m
[31m→ 66 const notification = await prisma.notification.update([39m
[31mAn operation failed because it depends on one or more records that were required but not found. No record was found for an update.[39m
2025-11-18 15:38:15 [31merror[39m [31mPrisma error: [39m
[31mInvalid `prisma.notification.update()` invocation in[39m
[31mC:\Users\DoBUY\Agritech-Backend\src\contollers\notification.controller.ts:66:52[39m

[31m  63 const notificationId = req.params.notificationId;[39m
[31m  64 const { status } = req.body;[39m
[31m  65 [39m
[31m→ 66 const notification = await prisma.notification.update([39m
[31mAn operation failed because it depends on one or more records that were required but not found. No record was found for an update. [39m
[31mInvalid `prisma.notification.update()` invocation in[39m
[31mC:\Users\DoBUY\Agritech-Backend\src\contollers\notification.controller.ts:66:52[39m

[31m  63 const notificationId = req.params.notificationId;[39m
[31m  64 const { status } = req.body;[39m
[31m  65 [39m
[31m→ 66 const notification = await prisma.notification.update([39m
[31mAn operation failed because it depends on one or more records that were required but not found. No record was found for an update.[39m
2025-11-20 10:53:20 [31merror[39m [31mInvalid credentials Invalid credentials[39m
2025-11-20 14:23:09 [31merror[39m [31mExpected ',' or '}' after property value in JSON at position 356 (line 10 column 5) Expected ',' or '}' after property value in JSON at position 356 (line 10 column 5)[39m
2025-11-20 14:23:56 [31merror[39m [31mExpected ',' or '}' after property value in JSON at position 356 (line 10 column 5) Expected ',' or '}' after property value in JSON at position 356 (line 10 column 5)[39m
2025-11-20 14:33:40 [31merror[39m [31mExpected ',' or '}' after property value in JSON at position 356 (line 10 column 5) Expected ',' or '}' after property value in JSON at position 356 (line 10 column 5)[39m
2025-11-20 14:37:16 [31merror[39m [31mExpected ',' or '}' after property value in JSON at position 356 (line 10 column 5) Expected ',' or '}' after property value in JSON at position 356 (line 10 column 5)[39m
2025-11-20 15:53:46 [31merror[39m [31mInvalid credentials Invalid credentials[39m
2025-11-20 19:35:02 [31merror[39m [31mVet account not found Vet account not found[39m
2025-11-23 05:12:26 [31merror[39m [31mInvalid credentials Invalid credentials[39m
2025-11-23 15:15:33 [31merror[39m [31mInvalid credentials Invalid credentials[39m
2025-11-23 15:32:41 [31merror[39m [31mInvalid credentials Invalid credentials[39m
2025-11-23 20:47:23 [31merror[39m [31mError sending email: Invalid login: 535 Authentication failed[39m
2025-11-23 22:53:19 [31merror[39m [31mError sending email: Invalid login: 535 Authentication failed[39m
2025-11-23 22:54:06 [31merror[39m [31mError sending email: Invalid login: 535 Authentication failed[39m
2025-11-24 01:25:08 [31merror[39m [31mInvalid credentials Invalid credentials[39m
2025-11-24 01:25:14 [31merror[39m [31mInvalid credentials Invalid credentials[39m
2025-11-24 01:46:06 [31merror[39m [31mInvalid credentials Invalid credentials[39m
2025-11-24 01:59:38 [31merror[39m [31mInvalid credentials Invalid credentials[39m
2025-11-24 02:09:54 [31merror[39m [31mInvalid credentials Invalid credentials[39m
2025-11-24 10:26:53 [31merror[39m [31mInvalid credentials Invalid credentials[39m
2025-11-24 10:32:05 [31merror[39m [31mInvalid credentials Invalid credentials[39m
2025-11-24 10:48:12 [31merror[39m [31mInvalid credentials Invalid credentials[39m
2025-12-11 14:03:12 [31merror[39m [31mDatabase validation error: [39m
[31mInvalid `prisma.task.create()` invocation in[39m
[31mC:\Users\DoBUY\Agritech-Backend\src\contollers\task.controller.ts:70:36[39m

[31m  67   }[39m
[31m  68 }[39m
[31m  69 [39m
[31m→ 70 const task = await prisma.task.create({[39m
[31m       data: {[39m
[31m         name: "Live Stock Feeding ",[39m
[31m         description: "Please feed all livestock",[39m
[31m         priority: "LOW",[39m
[31m         dueDate: new Date("2025-12-30T23:00:00.000Z"),[39m
[31m         status: "PENDING",[39m
[31m         assignedToId: "cmi9quyd60006t1i4qm0ggd7b",[39m
[31m         assignedById: "cmi9quy0w0002t1i42v34y0q8",[39m
[31m         livestockId: null[39m
[31m       },[39m
[31m       include: {[39m
[31m         assignedTo: {[39m
[31m           select: {[39m
[31m             id: true,[39m
[31m             fullName: true,[39m
[31m             email: true,[39m
[31m             phone: true,[39m
[31m             companyName: true,[39m
[31m             role: true,[39m
[31m             isVerified: true,[39m
[31m             avatar: true,[39m
[31m             location: true,[39m
[31m             createdAt: true,[39m
[31m             updatedAt: true,[39m
[31m             lastLogin: true,[39m
[31m             companyId: true[39m
[31m           }[39m
[31m         },[39m
[31m         assignedBy: {[39m
[31m           select: {[39m
[31m             id: true,[39m
[31m             fullName: true,[39m
[31m             email: true,[39m
[31m             phone: true,[39m
[31m             companyName: true,[39m
[31m             role: true,[39m
[31m             isVerified: true,[39m
[31m             avatar: true,[39m
[31m             location: true,[39m
[31m             createdAt: true,[39m
[31m             updatedAt: true,[39m
[31m             lastLogin: true,[39m
[31m             companyId: true[39m
[31m           }[39m
[31m         },[39m
[31m         livestock: {[39m
[31m           select: {[39m
[31m             id: true,[39m
[31m             fullName: true,[39m
[31m             ~~~~~~~~[39m
[31m             email: true,[39m
[31m             phone: true,[39m
[31m             companyName: true,[39m
[31m             role: true,[39m
[31m             isVerified: true,[39m
[31m             avatar: true,[39m
[31m             location: true,[39m
[31m             createdAt: true,[39m
[31m             updatedAt: true,[39m
[31m             lastLogin: true,[39m
[31m             companyId: true,[39m
[31m     ?       tagId?: true,[39m
[31m     ?       type?: true,[39m
[31m     ?       breed?: true,[39m
[31m     ?       birthDate?: true,[39m
[31m     ?       healthStatus?: true,[39m
[31m     ?       weight?: true,[39m
[31m     ?       gender?: true,[39m
[31m     ?       livestockSource?: true,[39m
[31m     ?       livestockPurpose?: true,[39m
[31m     ?       isSick?: true,[39m
[31m     ?       isTreatment?: true,[39m
[31m     ?       isDeleted?: true,[39m
[31m     ?       deletionReason?: true,[39m
[31m     ?       deletedAt?: true,[39m
[31m     ?       deletedById?: true,[39m
[31m     ?       addedById?: true,[39m
[31m     ?       updatedById?: true,[39m
[31m     ?       company?: true,[39m
[31m     ?       deletedBy?: true,[39m
[31m     ?       sickness?: true,[39m
[31m     ?       treatments?: true,[39m
[31m     ?       addedBy?: true,[39m
[31m     ?       updatedBy?: true,[39m
[31m     ?       vaccinationRecords?: true,[39m
[31m     ?       OfftakeRecord?: true,[39m
[31m     ?       tasks?: true,[39m
[31m     ?       diagnoses?: true,[39m
[31m     ?       prescribedTreatments?: true,[39m
[31m     ?       followUps?: true,[39m
[31m     ?       _count?: true[39m
[31m           }[39m
[31m         }[39m
[31m       }[39m
[31m     })[39m

[31mUnknown field `fullName` for select statement on model `Livestock`. Available options are marked with ?. [39m
[31mInvalid `prisma.task.create()` invocation in[39m
[31mC:\Users\DoBUY\Agritech-Backend\src\contollers\task.controller.ts:70:36[39m

[31m  67   }[39m
[31m  68 }[39m
[31m  69 [39m
[31m→ 70 const task = await prisma.task.create({[39m
[31m       data: {[39m
[31m         name: "Live Stock Feeding ",[39m
[31m         description: "Please feed all livestock",[39m
[31m         priority: "LOW",[39m
[31m         dueDate: new Date("2025-12-30T23:00:00.000Z"),[39m
[31m         status: "PENDING",[39m
[31m         assignedToId: "cmi9quyd60006t1i4qm0ggd7b",[39m
[31m         assignedById: "cmi9quy0w0002t1i42v34y0q8",[39m
[31m         livestockId: null[39m
[31m       },[39m
[31m       include: {[39m
[31m         assignedTo: {[39m
[31m           select: {[39m
[31m             id: true,[39m
[31m             fullName: true,[39m
[31m             email: true,[39m
[31m             phone: true,[39m
[31m             companyName: true,[39m
[31m             role: true,[39m
[31m             isVerified: true,[39m
[31m             avatar: true,[39m
[31m             location: true,[39m
[31m             createdAt: true,[39m
[31m             updatedAt: true,[39m
[31m             lastLogin: true,[39m
[31m             companyId: true[39m
[31m           }[39m
[31m         },[39m
[31m         assignedBy: {[39m
[31m           select: {[39m
[31m             id: true,[39m
[31m             fullName: true,[39m
[31m             email: true,[39m
[31m             phone: true,[39m
[31m             companyName: true,[39m
[31m             role: true,[39m
[31m             isVerified: true,[39m
[31m             avatar: true,[39m
[31m             location: true,[39m
[31m             createdAt: true,[39m
[31m             updatedAt: true,[39m
[31m             lastLogin: true,[39m
[31m             companyId: true[39m
[31m           }[39m
[31m         },[39m
[31m         livestock: {[39m
[31m           select: {[39m
[31m             id: true,[39m
[31m             fullName: true,[39m
[31m             ~~~~~~~~[39m
[31m             email: true,[39m
[31m             phone: true,[39m
[31m             companyName: true,[39m
[31m             role: true,[39m
[31m             isVerified: true,[39m
[31m             avatar: true,[39m
[31m             location: true,[39m
[31m             createdAt: true,[39m
[31m             updatedAt: true,[39m
[31m             lastLogin: true,[39m
[31m             companyId: true,[39m
[31m     ?       tagId?: true,[39m
[31m     ?       type?: true,[39m
[31m     ?       breed?: true,[39m
[31m     ?       birthDate?: true,[39m
[31m     ?       healthStatus?: true,[39m
[31m     ?       weight?: true,[39m
[31m     ?       gender?: true,[39m
[31m     ?       livestockSource?: true,[39m
[31m     ?       livestockPurpose?: true,[39m
[31m     ?       isSick?: true,[39m
[31m     ?       isTreatment?: true,[39m
[31m     ?       isDeleted?: true,[39m
[31m     ?       deletionReason?: true,[39m
[31m     ?       deletedAt?: true,[39m
[31m     ?       deletedById?: true,[39m
[31m     ?       addedById?: true,[39m
[31m     ?       updatedById?: true,[39m
[31m     ?       company?: true,[39m
[31m     ?       deletedBy?: true,[39m
[31m     ?       sickness?: true,[39m
[31m     ?       treatments?: true,[39m
[31m     ?       addedBy?: true,[39m
[31m     ?       updatedBy?: true,[39m
[31m     ?       vaccinationRecords?: true,[39m
[31m     ?       OfftakeRecord?: true,[39m
[31m     ?       tasks?: true,[39m
[31m     ?       diagnoses?: true,[39m
[31m     ?       prescribedTreatments?: true,[39m
[31m     ?       followUps?: true,[39m
[31m     ?       _count?: true[39m
[31m           }[39m
[31m         }[39m
[31m       }[39m
[31m     })[39m

[31mUnknown field `fullName` for select statement on model `Livestock`. Available options are marked with ?.[39m
2025-12-11 18:35:31 [31merror[39m [31mDatabase validation error: [39m
[31mInvalid `prisma.task.create()` invocation in[39m
[31mC:\Users\DoBUY\Agritech-Backend\src\contollers\task.controller.ts:70:36[39m

[31m  67   }[39m
[31m  68 }[39m
[31m  69 [39m
[31m→ 70 const task = await prisma.task.create({[39m
[31m       data: {[39m
[31m         name: "Give vaccination",[39m
[31m         description: "Give two vacination 2ml for the next one week untill the animal is 5 weeks old",[39m
[31m         priority: "MEDIUM",[39m
[31m         dueDate: new Date("2025-10-10T23:00:00.000Z"),[39m
[31m         status: "PENDING",[39m
[31m         assignedToId: "cmi9quy750004t1i4vr2mozgl",[39m
[31m         assignedById: "cmi9quy0w0002t1i42v34y0q8",[39m
[31m         livestockId: null[39m
[31m       },[39m
[31m       include: {[39m
[31m         assignedTo: {[39m
[31m           select: {[39m
[31m             id: true,[39m
[31m             fullName: true,[39m
[31m             email: true,[39m
[31m             phone: true,[39m
[31m             companyName: true,[39m
[31m             role: true,[39m
[31m             isVerified: true,[39m
[31m             avatar: true,[39m
[31m             location: true,[39m
[31m             createdAt: true,[39m
[31m             updatedAt: true,[39m
[31m             lastLogin: true,[39m
[31m             companyId: true[39m
[31m           }[39m
[31m         },[39m
[31m         assignedBy: {[39m
[31m           select: {[39m
[31m             id: true,[39m
[31m             fullName: true,[39m
[31m             email: true,[39m
[31m             phone: true,[39m
[31m             companyName: true,[39m
[31m             role: true,[39m
[31m             isVerified: true,[39m
[31m             avatar: true,[39m
[31m             location: true,[39m
[31m             createdAt: true,[39m
[31m             updatedAt: true,[39m
[31m             lastLogin: true,[39m
[31m             companyId: true[39m
[31m           }[39m
[31m         },[39m
[31m         livestock: {[39m
[31m           select: {[39m
[31m             id: true,[39m
[31m             fullName: true,[39m
[31m             ~~~~~~~~[39m
[31m             email: true,[39m
[31m             phone: true,[39m
[31m             companyName: true,[39m
[31m             role: true,[39m
[31m             isVerified: true,[39m
[31m             avatar: true,[39m
[31m             location: true,[39m
[31m             createdAt: true,[39m
[31m             updatedAt: true,[39m
[31m             lastLogin: true,[39m
[31m             companyId: true,[39m
[31m     ?       tagId?: true,[39m
[31m     ?       type?: true,[39m
[31m     ?       breed?: true,[39m
[31m     ?       birthDate?: true,[39m
[31m     ?       healthStatus?: true,[39m
[31m     ?       weight?: true,[39m
[31m     ?       gender?: true,[39m
[31m     ?       livestockSource?: true,[39m
[31m     ?       livestockPurpose?: true,[39m
[31m     ?       isSick?: true,[39m
[31m     ?       isTreatment?: true,[39m
[31m     ?       isDeleted?: true,[39m
[31m     ?       deletionReason?: true,[39m
[31m     ?       deletedAt?: true,[39m
[31m     ?       deletedById?: true,[39m
[31m     ?       addedById?: true,[39m
[31m     ?       updatedById?: true,[39m
[31m     ?       company?: true,[39m
[31m     ?       deletedBy?: true,[39m
[31m     ?       sickness?: true,[39m
[31m     ?       treatments?: true,[39m
[31m     ?       addedBy?: true,[39m
[31m     ?       updatedBy?: true,[39m
[31m     ?       vaccinationRecords?: true,[39m
[31m     ?       OfftakeRecord?: true,[39m
[31m     ?       tasks?: true,[39m
[31m     ?       diagnoses?: true,[39m
[31m     ?       prescribedTreatments?: true,[39m
[31m     ?       followUps?: true,[39m
[31m     ?       _count?: true[39m
[31m           }[39m
[31m         }[39m
[31m       }[39m
[31m     })[39m

[31mUnknown field `fullName` for select statement on model `Livestock`. Available options are marked with ?. [39m
[31mInvalid `prisma.task.create()` invocation in[39m
[31mC:\Users\DoBUY\Agritech-Backend\src\contollers\task.controller.ts:70:36[39m

[31m  67   }[39m
[31m  68 }[39m
[31m  69 [39m
[31m→ 70 const task = await prisma.task.create({[39m
[31m       data: {[39m
[31m         name: "Give vaccination",[39m
[31m         description: "Give two vacination 2ml for the next one week untill the animal is 5 weeks old",[39m
[31m         priority: "MEDIUM",[39m
[31m         dueDate: new Date("2025-10-10T23:00:00.000Z"),[39m
[31m         status: "PENDING",[39m
[31m         assignedToId: "cmi9quy750004t1i4vr2mozgl",[39m
[31m         assignedById: "cmi9quy0w0002t1i42v34y0q8",[39m
[31m         livestockId: null[39m
[31m       },[39m
[31m       include: {[39m
[31m         assignedTo: {[39m
[31m           select: {[39m
[31m             id: true,[39m
[31m             fullName: true,[39m
[31m             email: true,[39m
[31m             phone: true,[39m
[31m             companyName: true,[39m
[31m             role: true,[39m
[31m             isVerified: true,[39m
[31m             avatar: true,[39m
[31m             location: true,[39m
[31m             createdAt: true,[39m
[31m             updatedAt: true,[39m
[31m             lastLogin: true,[39m
[31m             companyId: true[39m
[31m           }[39m
[31m         },[39m
[31m         assignedBy: {[39m
[31m           select: {[39m
[31m             id: true,[39m
[31m             fullName: true,[39m
[31m             email: true,[39m
[31m             phone: true,[39m
[31m             companyName: true,[39m
[31m             role: true,[39m
[31m             isVerified: true,[39m
[31m             avatar: true,[39m
[31m             location: true,[39m
[31m             createdAt: true,[39m
[31m             updatedAt: true,[39m
[31m             lastLogin: true,[39m
[31m             companyId: true[39m
[31m           }[39m
[31m         },[39m
[31m         livestock: {[39m
[31m           select: {[39m
[31m             id: true,[39m
[31m             fullName: true,[39m
[31m             ~~~~~~~~[39m
[31m             email: true,[39m
[31m             phone: true,[39m
[31m             companyName: true,[39m
[31m             role: true,[39m
[31m             isVerified: true,[39m
[31m             avatar: true,[39m
[31m             location: true,[39m
[31m             createdAt: true,[39m
[31m             updatedAt: true,[39m
[31m             lastLogin: true,[39m
[31m             companyId: true,[39m
[31m     ?       tagId?: true,[39m
[31m     ?       type?: true,[39m
[31m     ?       breed?: true,[39m
[31m     ?       birthDate?: true,[39m
[31m     ?       healthStatus?: true,[39m
[31m     ?       weight?: true,[39m
[31m     ?       gender?: true,[39m
[31m     ?       livestockSource?: true,[39m
[31m     ?       livestockPurpose?: true,[39m
[31m     ?       isSick?: true,[39m
[31m     ?       isTreatment?: true,[39m
[31m     ?       isDeleted?: true,[39m
[31m     ?       deletionReason?: true,[39m
[31m     ?       deletedAt?: true,[39m
[31m     ?       deletedById?: true,[39m
[31m     ?       addedById?: true,[39m
[31m     ?       updatedById?: true,[39m
[31m     ?       company?: true,[39m
[31m     ?       deletedBy?: true,[39m
[31m     ?       sickness?: true,[39m
[31m     ?       treatments?: true,[39m
[31m     ?       addedBy?: true,[39m
[31m     ?       updatedBy?: true,[39m
[31m     ?       vaccinationRecords?: true,[39m
[31m     ?       OfftakeRecord?: true,[39m
[31m     ?       tasks?: true,[39m
[31m     ?       diagnoses?: true,[39m
[31m     ?       prescribedTreatments?: true,[39m
[31m     ?       followUps?: true,[39m
[31m     ?       _count?: true[39m
[31m           }[39m
[31m         }[39m
[31m       }[39m
[31m     })[39m

[31mUnknown field `fullName` for select statement on model `Livestock`. Available options are marked with ?.[39m
2025-12-15 11:09:51 [31merror[39m [31mDatabase validation error: [39m
[31mInvalid `prisma.inventory.create()` invocation in[39m
[31mC:\Users\DoBUY\Agritech-Backend\src\contollers\inventory.controller.ts:33:50[39m

[31m  30   throw new BadRequestError('Invalid number format in input');[39m
[31m  31 }[39m
[31m  32 [39m
[31m→ 33 const inventory = await prisma.inventory.create({[39m
[31m       data: {[39m
[31m         type: "EQUIPMENT",[39m
[31m         name: "Poultry MEDICINE",[39m
[31m         company: {[39m
[31m           connect: {[39m
[31m             id: undefined,[39m
[31m     ?       name?: String,[39m
[31m     ?       AND?: CompanyWhereInput | CompanyWhereInput[],[39m
[31m     ?       OR?: CompanyWhereInput[],[39m
[31m     ?       NOT?: CompanyWhereInput | CompanyWhereInput[],[39m
[31m     ?       location?: StringNullableFilter | String | Null,[39m
[31m     ?       phone?: StringNullableFilter | String | Null,[39m
[31m     ?       isActive?: BoolFilter | Boolean,[39m
[31m     ?       createdAt?: DateTimeFilter | DateTime,[39m
[31m     ?       updatedAt?: DateTimeFilter | DateTime,[39m
[31m     ?       notes?: NoteListRelationFilter,[39m
[31m     ?       users?: UserListRelationFilter,[39m
[31m     ?       appointments?: AppointmentListRelationFilter,[39m
[31m     ?       farmVisits?: FarmVisitListRelationFilter,[39m
[31m     ?       livestock?: LivestockListRelationFilter,[39m
[31m     ?       tasks?: TaskListRelationFilter,[39m
[31m     ?       inventories?: InventoryListRelationFilter,[39m
[31m     ?       inventoryRecords?: InventoryRecordListRelationFilter,[39m
[31m     ?       financialTransactions?: FinancialTransactionListRelationFilter[39m
[31m           }[39m
[31m         },[39m
[31m         currentQuantity: 50,[39m
[31m         purchasePrice: 3000,[39m
[31m         reorderPoint: 10,[39m
[31m         supplier: "Agro Supplier Ltd",[39m
[31m         notes: "Initial stock",[39m
[31m         mediaUrls: [[39m
[31m           "/uploads/1765793390087-Michael.png"[39m
[31m         ],[39m
[31m         records: {[39m
[31m           create: {[39m
[31m             recordType: "NEW",[39m
[31m             quantity: 50,[39m
[31m             pricePerUnit: 3000,[39m
[31m             totalCost: 150000,[39m
[31m             date: new Date("2025-01-15T00:00:00.000Z"),[39m
[31m             notes: "Initial stock",[39m
[31m             mediaUrls: [[39m
[31m               "/uploads/1765793390087-Michael.png"[39m
[31m             ],[39m
[31m             recordedById: "cmi9quy0w0002t1i42v34y0q8"[39m
[31m           }[39m
[31m         }[39m
[31m       },[39m
[31m       include: {[39m
[31m         records: true[39m
[31m       }[39m
[31m     })[39m

[31mArgument `connect` of type CompanyWhereUniqueInput needs at least one of `id` or `name` arguments. Available options are marked with ?. [39m
[31mInvalid `prisma.inventory.create()` invocation in[39m
[31mC:\Users\DoBUY\Agritech-Backend\src\contollers\inventory.controller.ts:33:50[39m

[31m  30   throw new BadRequestError('Invalid number format in input');[39m
[31m  31 }[39m
[31m  32 [39m
[31m→ 33 const inventory = await prisma.inventory.create({[39m
[31m       data: {[39m
[31m         type: "EQUIPMENT",[39m
[31m         name: "Poultry MEDICINE",[39m
[31m         company: {[39m
[31m           connect: {[39m
[31m             id: undefined,[39m
[31m     ?       name?: String,[39m
[31m     ?       AND?: CompanyWhereInput | CompanyWhereInput[],[39m
[31m     ?       OR?: CompanyWhereInput[],[39m
[31m     ?       NOT?: CompanyWhereInput | CompanyWhereInput[],[39m
[31m     ?       location?: StringNullableFilter | String | Null,[39m
[31m     ?       phone?: StringNullableFilter | String | Null,[39m
[31m     ?       isActive?: BoolFilter | Boolean,[39m
[31m     ?       createdAt?: DateTimeFilter | DateTime,[39m
[31m     ?       updatedAt?: DateTimeFilter | DateTime,[39m
[31m     ?       notes?: NoteListRelationFilter,[39m
[31m     ?       users?: UserListRelationFilter,[39m
[31m     ?       appointments?: AppointmentListRelationFilter,[39m
[31m     ?       farmVisits?: FarmVisitListRelationFilter,[39m
[31m     ?       livestock?: LivestockListRelationFilter,[39m
[31m     ?       tasks?: TaskListRelationFilter,[39m
[31m     ?       inventories?: InventoryListRelationFilter,[39m
[31m     ?       inventoryRecords?: InventoryRecordListRelationFilter,[39m
[31m     ?       financialTransactions?: FinancialTransactionListRelationFilter[39m
[31m           }[39m
[31m         },[39m
[31m         currentQuantity: 50,[39m
[31m         purchasePrice: 3000,[39m
[31m         reorderPoint: 10,[39m
[31m         supplier: "Agro Supplier Ltd",[39m
[31m         notes: "Initial stock",[39m
[31m         mediaUrls: [[39m
[31m           "/uploads/1765793390087-Michael.png"[39m
[31m         ],[39m
[31m         records: {[39m
[31m           create: {[39m
[31m             recordType: "NEW",[39m
[31m             quantity: 50,[39m
[31m             pricePerUnit: 3000,[39m
[31m             totalCost: 150000,[39m
[31m             date: new Date("2025-01-15T00:00:00.000Z"),[39m
[31m             notes: "Initial stock",[39m
[31m             mediaUrls: [[39m
[31m               "/uploads/1765793390087-Michael.png"[39m
[31m             ],[39m
[31m             recordedById: "cmi9quy0w0002t1i42v34y0q8"[39m
[31m           }[39m
[31m         }[39m
[31m       },[39m
[31m       include: {[39m
[31m         records: true[39m
[31m       }[39m
[31m     })[39m

[31mArgument `connect` of type CompanyWhereUniqueInput needs at least one of `id` or `name` arguments. Available options are marked with ?.[39m
2025-12-16 02:09:56 [31merror[39m [31mYou do not have access to this farm You do not have access to this farm[39m
2025-12-16 02:11:14 [31merror[39m [31mYou do not have access to this farm You do not have access to this farm[39m
2025-12-16 02:15:30 [31merror[39m [31mYou do not have access to this farm You do not have access to this farm[39m
2025-12-16 02:16:16 [31merror[39m [31mOnly vets and admins can access farm details Only vets and admins can access farm details[39m
2025-12-16 02:16:37 [31merror[39m [31mOnly vets and admins can access farm details Only vets and admins can access farm details[39m
2025-12-16 02:22:22 [31merror[39m [31mYou do not have access to this farm You do not have access to this farm[39m
2025-12-16 02:25:23 [31merror[39m [31mYou do not have access to this farm You do not have access to this farm[39m
2025-12-16 02:29:13 [31merror[39m [31mYou do not have access to this farm You do not have access to this farm[39m
2025-12-16 02:31:36 [31merror[39m [31mYou do not have access to this farm You do not have access to this farm[39m
2025-12-16 02:34:50 [31merror[39m [31mYou do not have access to this farm You do not have access to this farm[39m
2025-12-16 02:35:01 [31merror[39m [31mYou do not have access to this farm You do not have access to this farm[39m
2025-12-16 02:36:05 [31merror[39m [31mYou do not have access to this farm You do not have access to this farm[39m
2025-12-16 02:36:12 [31merror[39m [31mYou do not have access to this farm You do not have access to this farm[39m
2025-12-16 02:38:19 [31merror[39m [31mYou do not have access to this farm You do not have access to this farm[39m
2025-12-16 02:39:41 [31merror[39m [31mYou do not have access to this farm You do not have access to this farm[39m
2025-12-16 11:25:50 [31merror[39m [31mYou do not have access to this farm You do not have access to this farm[39m
2025-12-16 11:26:53 [31merror[39m [31mYou do not have access to this farm You do not have access to this farm[39m
2025-12-16 11:33:26 [31merror[39m [31mYou do not have access to this farm You do not have access to this farm[39m
2025-12-16 11:34:29 [31merror[39m [31mFarm not found Farm not found[39m
2025-12-16 11:37:39 [31merror[39m [31mYou do not have access to this farm You do not have access to this farm[39m
2025-12-16 11:38:08 [31merror[39m [31mYou do not have access to this farm You do not have access to this farm[39m
2025-12-16 11:38:45 [31merror[39m [31mYou do not have access to this farm You do not have access to this farm[39m
2025-12-16 12:21:13 [31merror[39m [31mInvalid credentials Invalid credentials[39m
2025-12-16 12:28:39 [31merror[39m [31mInvalid credentials Invalid credentials[39m
2025-12-16 12:30:04 [31merror[39m [31mDatabase validation error: [39m
[31mInvalid `prisma.treatment.findMany()` invocation in[39m
[31mC:\Users\DoBUY\Agritech-Backend\src\contollers\livestock.controller.ts:526:24[39m

[31m  523 }),[39m
[31m  524 [39m
[31m  525 // Treatment records (including those not linked to sickness)[39m
[31m→ 526 prisma.treatment.findMany({[39m
[31m        where: {[39m
[31m          livestockId: "cmizyklv20001t18wche6ivor"[39m
[31m        },[39m
[31m        include: {[39m
[31m          recordedBy: {[39m
[31m            select: {[39m
[31m              id: true,[39m
[31m              fullName: true,[39m
[31m              role: true[39m
[31m            }[39m
[31m          },[39m
[31m          sickness: {[39m
[31m            select: {[39m
[31m            ~~~~~~[39m
[31m              id: true,[39m
[31m              dateOfObservation: true,[39m
[31m              observedSymptoms: true[39m
[31m            },[39m
[31m            include: {[39m
[31m            ~~~~~~~[39m
[31m              recordedBy: {[39m
[31m                select: {[39m
[31m                  id: true,[39m
[31m                  fullName: true,[39m
[31m                  role: true[39m
[31m                }[39m
[31m              }[39m
[31m            }[39m
[31m          }[39m
[31m        },[39m
[31m        orderBy: {[39m
[31m          dateOfTreatment: "desc"[39m
[31m        }[39m
[31m      })[39m

[31mPlease either use `include` or `select`, but not both at the same time. [39m
[31mInvalid `prisma.treatment.findMany()` invocation in[39m
[31mC:\Users\DoBUY\Agritech-Backend\src\contollers\livestock.controller.ts:526:24[39m

[31m  523 }),[39m
[31m  524 [39m
[31m  525 // Treatment records (including those not linked to sickness)[39m
[31m→ 526 prisma.treatment.findMany({[39m
[31m        where: {[39m
[31m          livestockId: "cmizyklv20001t18wche6ivor"[39m
[31m        },[39m
[31m        include: {[39m
[31m          recordedBy: {[39m
[31m            select: {[39m
[31m              id: true,[39m
[31m              fullName: true,[39m
[31m              role: true[39m
[31m            }[39m
[31m          },[39m
[31m          sickness: {[39m
[31m            select: {[39m
[31m            ~~~~~~[39m
[31m              id: true,[39m
[31m              dateOfObservation: true,[39m
[31m              observedSymptoms: true[39m
[31m            },[39m
[31m            include: {[39m
[31m            ~~~~~~~[39m
[31m              recordedBy: {[39m
[31m                select: {[39m
[31m                  id: true,[39m
[31m                  fullName: true,[39m
[31m                  role: true[39m
[31m                }[39m
[31m              }[39m
[31m            }[39m
[31m          }[39m
[31m        },[39m
[31m        orderBy: {[39m
[31m          dateOfTreatment: "desc"[39m
[31m        }[39m
[31m      })[39m

[31mPlease either use `include` or `select`, but not both at the same time.[39m
2025-12-16 12:35:51 [31merror[39m [31mYou do not have access to this farm You do not have access to this farm[39m
2025-12-16 12:43:06 [31merror[39m [31mExpected ',' or '}' after property value in JSON at position 55 (line 3 column 5) Expected ',' or '}' after property value in JSON at position 55 (line 3 column 5)[39m
2025-12-16 13:05:38 [31merror[39m [31mYou do not have access to this farm You do not have access to this farm[39m
2025-12-16 13:05:47 [31merror[39m [31mYou do not have access to this farm You do not have access to this farm[39m
2025-12-16 13:06:38 [31merror[39m [31mYou do not have access to this farm You do not have access to this farm[39m
2025-12-16 13:07:02 [31merror[39m [31mYou do not have access to this farm You do not have access to this farm[39m
2025-12-16 13:07:09 [31merror[39m [31mYou do not have access to this farm You do not have access to this farm[39m
2025-12-16 13:07:16 [31merror[39m [31mYou do not have access to this farm You do not have access to this farm[39m
2025-12-16 13:08:05 [31merror[39m [31mYou do not have access to this farm You do not have access to this farm[39m
2025-12-16 13:08:21 [31merror[39m [31mYou do not have access to this farm You do not have access to this farm[39m
2025-12-16 13:11:25 [31merror[39m [31mYou do not have access to this farm You do not have access to this farm[39m
2025-12-16 13:11:29 [31merror[39m [31mYou do not have access to this farm You do not have access to this farm[39m
2025-12-16 13:24:08 [31merror[39m [31mYou do not have access to this farm You do not have access to this farm[39m
2025-12-16 13:24:12 [31merror[39m [31mYou do not have access to this farm You do not have access to this farm[39m
2025-12-16 13:24:17 [31merror[39m [31mYou do not have access to this farm You do not have access to this farm[39m
2025-12-16 13:35:41 [31merror[39m [31mInvalid credentials Invalid credentials[39m
2025-12-16 14:02:46 [31merror[39m [31mFarm not found Farm not found[39m
2025-12-16 14:15:07 [31merror[39m [31mFarm not found Farm not found[39m
2025-12-16 14:16:57 [31merror[39m [31mFarm not found Farm not found[39m
2025-12-16 14:21:20 [31merror[39m [31mInvalid credentials Invalid credentials[39m
2025-12-16 20:52:09 [31merror[39m [31mLivestock not found Livestock not found[39m
2025-12-16 20:52:09 [31merror[39m [31mLivestock not found Livestock not found[39m
2025-12-16 20:52:16 [31merror[39m [31mLivestock not found Livestock not found[39m
2025-12-16 20:52:16 [31merror[39m [31mLivestock not found Livestock not found[39m
2025-12-16 20:52:23 [31merror[39m [31mLivestock not found Livestock not found[39m
2025-12-16 20:52:24 [31merror[39m [31mLivestock not found Livestock not found[39m
2025-12-16 20:55:20 [31merror[39m [31mInternal Server Error [39m
[31mInvalid `prisma.inventory.create()` invocation in[39m
[31mC:\Users\DoBUY\Agritech-Backend\src\contollers\inventory.controller.ts:33:50[39m

[31m  30   throw new BadRequestError('Invalid number format in input');[39m
[31m  31 }[39m
[31m  32 [39m
[31m→ 33 const inventory = await prisma.inventory.create([39m
[31mCould not convert argument value Object {"$type": String("DateTime"), "value": String("+011111-01-10T23:00:00.000Z")} to ArgumentValue.[39m
2025-12-17 13:44:03 [31merror[39m [31mDatabase validation error: [39m
[31mInvalid `prisma.financialTransaction.count()` invocation in[39m
[31mC:\Users\DoBUY\Agritech-Backend\src\contollers\finance.controller.ts:136:35[39m

[31m  133     }[39m
[31m  134   }[39m
[31m  135 }),[39m
[31m→ 136 prisma.financialTransaction.count({[39m
[31m        select: {[39m
[31m          _count: {[39m
[31m            select: {[39m
[31m              _all: true[39m
[31m            }[39m
[31m          }[39m
[31m        },[39m
[31m        where: {[39m
[31m          companyId: "cmj8izq2l0000t1l8yjb6du93",[39m
[31m          isDeleted: false,[39m
[31m          ~~~~~~~~~[39m
[31m      ?   AND?: FinancialTransactionWhereInput | FinancialTransactionWhereInput[],[39m
[31m      ?   OR?: FinancialTransactionWhereInput[],[39m
[31m      ?   NOT?: FinancialTransactionWhereInput | FinancialTransactionWhereInput[],[39m
[31m      ?   id?: StringFilter | String,[39m
[31m      ?   type?: EnumFinancialTransactionTypeFilter | FinancialTransactionType,[39m
[31m      ?   referenceNumber?: StringFilter | String,[39m
[31m      ?   title?: StringFilter | String,[39m
[31m      ?   amount?: FloatFilter | Float,[39m
[31m      ?   paymentMethod?: StringFilter | String,[39m
[31m      ?   date?: DateTimeFilter | DateTime,[39m
[31m      ?   description?: StringNullableFilter | String | Null,[39m
[31m      ?   partyName?: StringFilter | String,[39m
[31m      ?   mediaUrls?: StringNullableListFilter,[39m
[31m      ?   recordedById?: StringFilter | String,[39m
[31m      ?   createdAt?: DateTimeFilter | DateTime,[39m
[31m      ?   company?: CompanyNullableScalarRelationFilter | CompanyWhereInput | Null,[39m
[31m      ?   recordedBy?: UserScalarRelationFilter | UserWhereInput[39m
[31m        }[39m
[31m      })[39m

[31mUnknown argument `isDeleted`. Available options are marked with ?. [39m
[31mInvalid `prisma.financialTransaction.count()` invocation in[39m
[31mC:\Users\DoBUY\Agritech-Backend\src\contollers\finance.controller.ts:136:35[39m

[31m  133     }[39m
[31m  134   }[39m
[31m  135 }),[39m
[31m→ 136 prisma.financialTransaction.count({[39m
[31m        select: {[39m
[31m          _count: {[39m
[31m            select: {[39m
[31m              _all: true[39m
[31m            }[39m
[31m          }[39m
[31m        },[39m
[31m        where: {[39m
[31m          companyId: "cmj8izq2l0000t1l8yjb6du93",[39m
[31m          isDeleted: false,[39m
[31m          ~~~~~~~~~[39m
[31m      ?   AND?: FinancialTransactionWhereInput | FinancialTransactionWhereInput[],[39m
[31m      ?   OR?: FinancialTransactionWhereInput[],[39m
[31m      ?   NOT?: FinancialTransactionWhereInput | FinancialTransactionWhereInput[],[39m
[31m      ?   id?: StringFilter | String,[39m
[31m      ?   type?: EnumFinancialTransactionTypeFilter | FinancialTransactionType,[39m
[31m      ?   referenceNumber?: StringFilter | String,[39m
[31m      ?   title?: StringFilter | String,[39m
[31m      ?   amount?: FloatFilter | Float,[39m
[31m      ?   paymentMethod?: StringFilter | String,[39m
[31m      ?   date?: DateTimeFilter | DateTime,[39m
[31m      ?   description?: StringNullableFilter | String | Null,[39m
[31m      ?   partyName?: StringFilter | String,[39m
[31m      ?   mediaUrls?: StringNullableListFilter,[39m
[31m      ?   recordedById?: StringFilter | String,[39m
[31m      ?   createdAt?: DateTimeFilter | DateTime,[39m
[31m      ?   company?: CompanyNullableScalarRelationFilter | CompanyWhereInput | Null,[39m
[31m      ?   recordedBy?: UserScalarRelationFilter | UserWhereInput[39m
[31m        }[39m
[31m      })[39m

[31mUnknown argument `isDeleted`. Available options are marked with ?.[39m
2025-12-17 13:44:04 [31merror[39m [31mDatabase validation error: [39m
[31mInvalid `prisma.financialTransaction.count()` invocation in[39m
[31mC:\Users\DoBUY\Agritech-Backend\src\contollers\finance.controller.ts:136:35[39m

[31m  133     }[39m
[31m  134   }[39m
[31m  135 }),[39m
[31m→ 136 prisma.financialTransaction.count({[39m
[31m        select: {[39m
[31m          _count: {[39m
[31m            select: {[39m
[31m              _all: true[39m
[31m            }[39m
[31m          }[39m
[31m        },[39m
[31m        where: {[39m
[31m          companyId: "cmj8izq2l0000t1l8yjb6du93",[39m
[31m          isDeleted: false,[39m
[31m          ~~~~~~~~~[39m
[31m      ?   AND?: FinancialTransactionWhereInput | FinancialTransactionWhereInput[],[39m
[31m      ?   OR?: FinancialTransactionWhereInput[],[39m
[31m      ?   NOT?: FinancialTransactionWhereInput | FinancialTransactionWhereInput[],[39m
[31m      ?   id?: StringFilter | String,[39m
[31m      ?   type?: EnumFinancialTransactionTypeFilter | FinancialTransactionType,[39m
[31m      ?   referenceNumber?: StringFilter | String,[39m
[31m      ?   title?: StringFilter | String,[39m
[31m      ?   amount?: FloatFilter | Float,[39m
[31m      ?   paymentMethod?: StringFilter | String,[39m
[31m      ?   date?: DateTimeFilter | DateTime,[39m
[31m      ?   description?: StringNullableFilter | String | Null,[39m
[31m      ?   partyName?: StringFilter | String,[39m
[31m      ?   mediaUrls?: StringNullableListFilter,[39m
[31m      ?   recordedById?: StringFilter | String,[39m
[31m      ?   createdAt?: DateTimeFilter | DateTime,[39m
[31m      ?   company?: CompanyNullableScalarRelationFilter | CompanyWhereInput | Null,[39m
[31m      ?   recordedBy?: UserScalarRelationFilter | UserWhereInput[39m
[31m        }[39m
[31m      })[39m

[31mUnknown argument `isDeleted`. Available options are marked with ?. [39m
[31mInvalid `prisma.financialTransaction.count()` invocation in[39m
[31mC:\Users\DoBUY\Agritech-Backend\src\contollers\finance.controller.ts:136:35[39m

[31m  133     }[39m
[31m  134   }[39m
[31m  135 }),[39m
[31m→ 136 prisma.financialTransaction.count({[39m
[31m        select: {[39m
[31m          _count: {[39m
[31m            select: {[39m
[31m              _all: true[39m
[31m            }[39m
[31m          }[39m
[31m        },[39m
[31m        where: {[39m
[31m          companyId: "cmj8izq2l0000t1l8yjb6du93",[39m
[31m          isDeleted: false,[39m
[31m          ~~~~~~~~~[39m
[31m      ?   AND?: FinancialTransactionWhereInput | FinancialTransactionWhereInput[],[39m
[31m      ?   OR?: FinancialTransactionWhereInput[],[39m
[31m      ?   NOT?: FinancialTransactionWhereInput | FinancialTransactionWhereInput[],[39m
[31m      ?   id?: StringFilter | String,[39m
[31m      ?   type?: EnumFinancialTransactionTypeFilter | FinancialTransactionType,[39m
[31m      ?   referenceNumber?: StringFilter | String,[39m
[31m      ?   title?: StringFilter | String,[39m
[31m      ?   amount?: FloatFilter | Float,[39m
[31m      ?   paymentMethod?: StringFilter | String,[39m
[31m      ?   date?: DateTimeFilter | DateTime,[39m
[31m      ?   description?: StringNullableFilter | String | Null,[39m
[31m      ?   partyName?: StringFilter | String,[39m
[31m      ?   mediaUrls?: StringNullableListFilter,[39m
[31m      ?   recordedById?: StringFilter | String,[39m
[31m      ?   createdAt?: DateTimeFilter | DateTime,[39m
[31m      ?   company?: CompanyNullableScalarRelationFilter | CompanyWhereInput | Null,[39m
[31m      ?   recordedBy?: UserScalarRelationFilter | UserWhereInput[39m
[31m        }[39m
[31m      })[39m

[31mUnknown argument `isDeleted`. Available options are marked with ?.[39m
2025-12-17 13:44:17 [31merror[39m [31mDatabase validation error: [39m
[31mInvalid `prisma.financialTransaction.count()` invocation in[39m
[31mC:\Users\DoBUY\Agritech-Backend\src\contollers\finance.controller.ts:136:35[39m

[31m  133     }[39m
[31m  134   }[39m
[31m  135 }),[39m
[31m→ 136 prisma.financialTransaction.count({[39m
[31m        select: {[39m
[31m          _count: {[39m
[31m            select: {[39m
[31m              _all: true[39m
[31m            }[39m
[31m          }[39m
[31m        },[39m
[31m        where: {[39m
[31m          companyId: "cmj8izq2l0000t1l8yjb6du93",[39m
[31m          isDeleted: false,[39m
[31m          ~~~~~~~~~[39m
[31m      ?   AND?: FinancialTransactionWhereInput | FinancialTransactionWhereInput[],[39m
[31m      ?   OR?: FinancialTransactionWhereInput[],[39m
[31m      ?   NOT?: FinancialTransactionWhereInput | FinancialTransactionWhereInput[],[39m
[31m      ?   id?: StringFilter | String,[39m
[31m      ?   type?: EnumFinancialTransactionTypeFilter | FinancialTransactionType,[39m
[31m      ?   referenceNumber?: StringFilter | String,[39m
[31m      ?   title?: StringFilter | String,[39m
[31m      ?   amount?: FloatFilter | Float,[39m
[31m      ?   paymentMethod?: StringFilter | String,[39m
[31m      ?   date?: DateTimeFilter | DateTime,[39m
[31m      ?   description?: StringNullableFilter | String | Null,[39m
[31m      ?   partyName?: StringFilter | String,[39m
[31m      ?   mediaUrls?: StringNullableListFilter,[39m
[31m      ?   recordedById?: StringFilter | String,[39m
[31m      ?   createdAt?: DateTimeFilter | DateTime,[39m
[31m      ?   company?: CompanyNullableScalarRelationFilter | CompanyWhereInput | Null,[39m
[31m      ?   recordedBy?: UserScalarRelationFilter | UserWhereInput[39m
[31m        }[39m
[31m      })[39m

[31mUnknown argument `isDeleted`. Available options are marked with ?. [39m
[31mInvalid `prisma.financialTransaction.count()` invocation in[39m
[31mC:\Users\DoBUY\Agritech-Backend\src\contollers\finance.controller.ts:136:35[39m

[31m  133     }[39m
[31m  134   }[39m
[31m  135 }),[39m
[31m→ 136 prisma.financialTransaction.count({[39m
[31m        select: {[39m
[31m          _count: {[39m
[31m            select: {[39m
[31m              _all: true[39m
[31m            }[39m
[31m          }[39m
[31m        },[39m
[31m        where: {[39m
[31m          companyId: "cmj8izq2l0000t1l8yjb6du93",[39m
[31m          isDeleted: false,[39m
[31m          ~~~~~~~~~[39m
[31m      ?   AND?: FinancialTransactionWhereInput | FinancialTransactionWhereInput[],[39m
[31m      ?   OR?: FinancialTransactionWhereInput[],[39m
[31m      ?   NOT?: FinancialTransactionWhereInput | FinancialTransactionWhereInput[],[39m
[31m      ?   id?: StringFilter | String,[39m
[31m      ?   type?: EnumFinancialTransactionTypeFilter | FinancialTransactionType,[39m
[31m      ?   referenceNumber?: StringFilter | String,[39m
[31m      ?   title?: StringFilter | String,[39m
[31m      ?   amount?: FloatFilter | Float,[39m
[31m      ?   paymentMethod?: StringFilter | String,[39m
[31m      ?   date?: DateTimeFilter | DateTime,[39m
[31m      ?   description?: StringNullableFilter | String | Null,[39m
[31m      ?   partyName?: StringFilter | String,[39m
[31m      ?   mediaUrls?: StringNullableListFilter,[39m
[31m      ?   recordedById?: StringFilter | String,[39m
[31m      ?   createdAt?: DateTimeFilter | DateTime,[39m
[31m      ?   company?: CompanyNullableScalarRelationFilter | CompanyWhereInput | Null,[39m
[31m      ?   recordedBy?: UserScalarRelationFilter | UserWhereInput[39m
[31m        }[39m
[31m      })[39m

[31mUnknown argument `isDeleted`. Available options are marked with ?.[39m
2025-12-17 13:44:19 [31merror[39m [31mDatabase validation error: [39m
[31mInvalid `prisma.financialTransaction.findMany()` invocation in[39m
[31mC:\Users\DoBUY\Agritech-Backend\src\contollers\finance.controller.ts:122:35[39m

[31m  119 }[39m
[31m  120 [39m
[31m  121 const [transactions, total] = await Promise.all([[39m
[31m→ 122   prisma.financialTransaction.findMany({[39m
[31m          where: {[39m
[31m            companyId: "cmj8izq2l0000t1l8yjb6du93",[39m
[31m            isDeleted: false,[39m
[31m            ~~~~~~~~~[39m
[31m        ?   AND?: FinancialTransactionWhereInput | FinancialTransactionWhereInput[],[39m
[31m        ?   OR?: FinancialTransactionWhereInput[],[39m
[31m        ?   NOT?: FinancialTransactionWhereInput | FinancialTransactionWhereInput[],[39m
[31m        ?   id?: StringFilter | String,[39m
[31m        ?   type?: EnumFinancialTransactionTypeFilter | FinancialTransactionType,[39m
[31m        ?   referenceNumber?: StringFilter | String,[39m
[31m        ?   title?: StringFilter | String,[39m
[31m        ?   amount?: FloatFilter | Float,[39m
[31m        ?   paymentMethod?: StringFilter | String,[39m
[31m        ?   date?: DateTimeFilter | DateTime,[39m
[31m        ?   description?: StringNullableFilter | String | Null,[39m
[31m        ?   partyName?: StringFilter | String,[39m
[31m        ?   mediaUrls?: StringNullableListFilter,[39m
[31m        ?   recordedById?: StringFilter | String,[39m
[31m        ?   createdAt?: DateTimeFilter | DateTime,[39m
[31m        ?   company?: CompanyNullableScalarRelationFilter | CompanyWhereInput | Null,[39m
[31m        ?   recordedBy?: UserScalarRelationFilter | UserWhereInput[39m
[31m          },[39m
[31m          skip: 0,[39m
[31m          take: 10,[39m
[31m          orderBy: {[39m
[31m            date: "desc"[39m
[31m          },[39m
[31m          include: {[39m
[31m            recordedBy: {[39m
[31m              select: {[39m
[31m                id: true,[39m
[31m                fullName: true[39m
[31m              }[39m
[31m            }[39m
[31m          }[39m
[31m        })[39m

[31mUnknown argument `isDeleted`. Available options are marked with ?. [39m
[31mInvalid `prisma.financialTransaction.findMany()` invocation in[39m
[31mC:\Users\DoBUY\Agritech-Backend\src\contollers\finance.controller.ts:122:35[39m

[31m  119 }[39m
[31m  120 [39m
[31m  121 const [transactions, total] = await Promise.all([[39m
[31m→ 122   prisma.financialTransaction.findMany({[39m
[31m          where: {[39m
[31m            companyId: "cmj8izq2l0000t1l8yjb6du93",[39m
[31m            isDeleted: false,[39m
[31m            ~~~~~~~~~[39m
[31m        ?   AND?: FinancialTransactionWhereInput | FinancialTransactionWhereInput[],[39m
[31m        ?   OR?: FinancialTransactionWhereInput[],[39m
[31m        ?   NOT?: FinancialTransactionWhereInput | FinancialTransactionWhereInput[],[39m
[31m        ?   id?: StringFilter | String,[39m
[31m        ?   type?: EnumFinancialTransactionTypeFilter | FinancialTransactionType,[39m
[31m        ?   referenceNumber?: StringFilter | String,[39m
[31m        ?   title?: StringFilter | String,[39m
[31m        ?   amount?: FloatFilter | Float,[39m
[31m        ?   paymentMethod?: StringFilter | String,[39m
[31m        ?   date?: DateTimeFilter | DateTime,[39m
[31m        ?   description?: StringNullableFilter | String | Null,[39m
[31m        ?   partyName?: StringFilter | String,[39m
[31m        ?   mediaUrls?: StringNullableListFilter,[39m
[31m        ?   recordedById?: StringFilter | String,[39m
[31m        ?   createdAt?: DateTimeFilter | DateTime,[39m
[31m        ?   company?: CompanyNullableScalarRelationFilter | CompanyWhereInput | Null,[39m
[31m        ?   recordedBy?: UserScalarRelationFilter | UserWhereInput[39m
[31m          },[39m
[31m          skip: 0,[39m
[31m          take: 10,[39m
[31m          orderBy: {[39m
[31m            date: "desc"[39m
[31m          },[39m
[31m          include: {[39m
[31m            recordedBy: {[39m
[31m              select: {[39m
[31m                id: true,[39m
[31m                fullName: true[39m
[31m              }[39m
[31m            }[39m
[31m          }[39m
[31m        })[39m

[31mUnknown argument `isDeleted`. Available options are marked with ?.[39m
2025-12-17 13:44:34 [31merror[39m [31mDatabase validation error: [39m
[31mInvalid `prisma.financialTransaction.count()` invocation in[39m
[31mC:\Users\DoBUY\Agritech-Backend\src\contollers\finance.controller.ts:136:35[39m

[31m  133     }[39m
[31m  134   }[39m
[31m  135 }),[39m
[31m→ 136 prisma.financialTransaction.count({[39m
[31m        select: {[39m
[31m          _count: {[39m
[31m            select: {[39m
[31m              _all: true[39m
[31m            }[39m
[31m          }[39m
[31m        },[39m
[31m        where: {[39m
[31m          companyId: "cmj8izq2l0000t1l8yjb6du93",[39m
[31m          isDeleted: false,[39m
[31m          ~~~~~~~~~[39m
[31m      ?   AND?: FinancialTransactionWhereInput | FinancialTransactionWhereInput[],[39m
[31m      ?   OR?: FinancialTransactionWhereInput[],[39m
[31m      ?   NOT?: FinancialTransactionWhereInput | FinancialTransactionWhereInput[],[39m
[31m      ?   id?: StringFilter | String,[39m
[31m      ?   type?: EnumFinancialTransactionTypeFilter | FinancialTransactionType,[39m
[31m      ?   referenceNumber?: StringFilter | String,[39m
[31m      ?   title?: StringFilter | String,[39m
[31m      ?   amount?: FloatFilter | Float,[39m
[31m      ?   paymentMethod?: StringFilter | String,[39m
[31m      ?   date?: DateTimeFilter | DateTime,[39m
[31m      ?   description?: StringNullableFilter | String | Null,[39m
[31m      ?   partyName?: StringFilter | String,[39m
[31m      ?   mediaUrls?: StringNullableListFilter,[39m
[31m      ?   recordedById?: StringFilter | String,[39m
[31m      ?   createdAt?: DateTimeFilter | DateTime,[39m
[31m      ?   company?: CompanyNullableScalarRelationFilter | CompanyWhereInput | Null,[39m
[31m      ?   recordedBy?: UserScalarRelationFilter | UserWhereInput[39m
[31m        }[39m
[31m      })[39m

[31mUnknown argument `isDeleted`. Available options are marked with ?. [39m
[31mInvalid `prisma.financialTransaction.count()` invocation in[39m
[31mC:\Users\DoBUY\Agritech-Backend\src\contollers\finance.controller.ts:136:35[39m

[31m  133     }[39m
[31m  134   }[39m
[31m  135 }),[39m
[31m→ 136 prisma.financialTransaction.count({[39m
[31m        select: {[39m
[31m          _count: {[39m
[31m            select: {[39m
[31m              _all: true[39m
[31m            }[39m
[31m          }[39m
[31m        },[39m
[31m        where: {[39m
[31m          companyId: "cmj8izq2l0000t1l8yjb6du93",[39m
[31m          isDeleted: false,[39m
[31m          ~~~~~~~~~[39m
[31m      ?   AND?: FinancialTransactionWhereInput | FinancialTransactionWhereInput[],[39m
[31m      ?   OR?: FinancialTransactionWhereInput[],[39m
[31m      ?   NOT?: FinancialTransactionWhereInput | FinancialTransactionWhereInput[],[39m
[31m      ?   id?: StringFilter | String,[39m
[31m      ?   type?: EnumFinancialTransactionTypeFilter | FinancialTransactionType,[39m
[31m      ?   referenceNumber?: StringFilter | String,[39m
[31m      ?   title?: StringFilter | String,[39m
[31m      ?   amount?: FloatFilter | Float,[39m
[31m      ?   paymentMethod?: StringFilter | String,[39m
[31m      ?   date?: DateTimeFilter | DateTime,[39m
[31m      ?   description?: StringNullableFilter | String | Null,[39m
[31m      ?   partyName?: StringFilter | String,[39m
[31m      ?   mediaUrls?: StringNullableListFilter,[39m
[31m      ?   recordedById?: StringFilter | String,[39m
[31m      ?   createdAt?: DateTimeFilter | DateTime,[39m
[31m      ?   company?: CompanyNullableScalarRelationFilter | CompanyWhereInput | Null,[39m
[31m      ?   recordedBy?: UserScalarRelationFilter | UserWhereInput[39m
[31m        }[39m
[31m      })[39m

[31mUnknown argument `isDeleted`. Available options are marked with ?.[39m
2025-12-17 13:44:35 [31merror[39m [31mDatabase validation error: [39m
[31mInvalid `prisma.financialTransaction.findMany()` invocation in[39m
[31mC:\Users\DoBUY\Agritech-Backend\src\contollers\finance.controller.ts:122:35[39m

[31m  119 }[39m
[31m  120 [39m
[31m  121 const [transactions, total] = await Promise.all([[39m
[31m→ 122   prisma.financialTransaction.findMany({[39m
[31m          where: {[39m
[31m            companyId: "cmj8izq2l0000t1l8yjb6du93",[39m
[31m            isDeleted: false,[39m
[31m            ~~~~~~~~~[39m
[31m        ?   AND?: FinancialTransactionWhereInput | FinancialTransactionWhereInput[],[39m
[31m        ?   OR?: FinancialTransactionWhereInput[],[39m
[31m        ?   NOT?: FinancialTransactionWhereInput | FinancialTransactionWhereInput[],[39m
[31m        ?   id?: StringFilter | String,[39m
[31m        ?   type?: EnumFinancialTransactionTypeFilter | FinancialTransactionType,[39m
[31m        ?   referenceNumber?: StringFilter | String,[39m
[31m        ?   title?: StringFilter | String,[39m
[31m        ?   amount?: FloatFilter | Float,[39m
[31m        ?   paymentMethod?: StringFilter | String,[39m
[31m        ?   date?: DateTimeFilter | DateTime,[39m
[31m        ?   description?: StringNullableFilter | String | Null,[39m
[31m        ?   partyName?: StringFilter | String,[39m
[31m        ?   mediaUrls?: StringNullableListFilter,[39m
[31m        ?   recordedById?: StringFilter | String,[39m
[31m        ?   createdAt?: DateTimeFilter | DateTime,[39m
[31m        ?   company?: CompanyNullableScalarRelationFilter | CompanyWhereInput | Null,[39m
[31m        ?   recordedBy?: UserScalarRelationFilter | UserWhereInput[39m
[31m          },[39m
[31m          skip: 0,[39m
[31m          take: 10,[39m
[31m          orderBy: {[39m
[31m            date: "desc"[39m
[31m          },[39m
[31m          include: {[39m
[31m            recordedBy: {[39m
[31m              select: {[39m
[31m                id: true,[39m
[31m                fullName: true[39m
[31m              }[39m
[31m            }[39m
[31m          }[39m
[31m        })[39m

[31mUnknown argument `isDeleted`. Available options are marked with ?. [39m
[31mInvalid `prisma.financialTransaction.findMany()` invocation in[39m
[31mC:\Users\DoBUY\Agritech-Backend\src\contollers\finance.controller.ts:122:35[39m

[31m  119 }[39m
[31m  120 [39m
[31m  121 const [transactions, total] = await Promise.all([[39m
[31m→ 122   prisma.financialTransaction.findMany({[39m
[31m          where: {[39m
[31m            companyId: "cmj8izq2l0000t1l8yjb6du93",[39m
[31m            isDeleted: false,[39m
[31m            ~~~~~~~~~[39m
[31m        ?   AND?: FinancialTransactionWhereInput | FinancialTransactionWhereInput[],[39m
[31m        ?   OR?: FinancialTransactionWhereInput[],[39m
[31m        ?   NOT?: FinancialTransactionWhereInput | FinancialTransactionWhereInput[],[39m
[31m        ?   id?: StringFilter | String,[39m
[31m        ?   type?: EnumFinancialTransactionTypeFilter | FinancialTransactionType,[39m
[31m        ?   referenceNumber?: StringFilter | String,[39m
[31m        ?   title?: StringFilter | String,[39m
[31m        ?   amount?: FloatFilter | Float,[39m
[31m        ?   paymentMethod?: StringFilter | String,[39m
[31m        ?   date?: DateTimeFilter | DateTime,[39m
[31m        ?   description?: StringNullableFilter | String | Null,[39m
[31m        ?   partyName?: StringFilter | String,[39m
[31m        ?   mediaUrls?: StringNullableListFilter,[39m
[31m        ?   recordedById?: StringFilter | String,[39m
[31m        ?   createdAt?: DateTimeFilter | DateTime,[39m
[31m        ?   company?: CompanyNullableScalarRelationFilter | CompanyWhereInput | Null,[39m
[31m        ?   recordedBy?: UserScalarRelationFilter | UserWhereInput[39m
[31m          },[39m
[31m          skip: 0,[39m
[31m          take: 10,[39m
[31m          orderBy: {[39m
[31m            date: "desc"[39m
[31m          },[39m
[31m          include: {[39m
[31m            recordedBy: {[39m
[31m              select: {[39m
[31m                id: true,[39m
[31m                fullName: true[39m
[31m              }[39m
[31m            }[39m
[31m          }[39m
[31m        })[39m

[31mUnknown argument `isDeleted`. Available options are marked with ?.[39m
2025-12-17 13:45:30 [31merror[39m [31mDatabase validation error: [39m
[31mInvalid `prisma.financialTransaction.findMany()` invocation in[39m
[31mC:\Users\DoBUY\Agritech-Backend\src\contollers\finance.controller.ts:122:35[39m

[31m  119 }[39m
[31m  120 [39m
[31m  121 const [transactions, total] = await Promise.all([[39m
[31m→ 122   prisma.financialTransaction.findMany({[39m
[31m          where: {[39m
[31m            companyId: "cmj8izq2l0000t1l8yjb6du93",[39m
[31m            isDeleted: false,[39m
[31m            ~~~~~~~~~[39m
[31m        ?   AND?: FinancialTransactionWhereInput | FinancialTransactionWhereInput[],[39m
[31m        ?   OR?: FinancialTransactionWhereInput[],[39m
[31m        ?   NOT?: FinancialTransactionWhereInput | FinancialTransactionWhereInput[],[39m
[31m        ?   id?: StringFilter | String,[39m
[31m        ?   type?: EnumFinancialTransactionTypeFilter | FinancialTransactionType,[39m
[31m        ?   referenceNumber?: StringFilter | String,[39m
[31m        ?   title?: StringFilter | String,[39m
[31m        ?   amount?: FloatFilter | Float,[39m
[31m        ?   paymentMethod?: StringFilter | String,[39m
[31m        ?   date?: DateTimeFilter | DateTime,[39m
[31m        ?   description?: StringNullableFilter | String | Null,[39m
[31m        ?   partyName?: StringFilter | String,[39m
[31m        ?   mediaUrls?: StringNullableListFilter,[39m
[31m        ?   recordedById?: StringFilter | String,[39m
[31m        ?   createdAt?: DateTimeFilter | DateTime,[39m
[31m        ?   company?: CompanyNullableScalarRelationFilter | CompanyWhereInput | Null,[39m
[31m        ?   recordedBy?: UserScalarRelationFilter | UserWhereInput[39m
[31m          },[39m
[31m          skip: 0,[39m
[31m          take: 10,[39m
[31m          orderBy: {[39m
[31m            date: "desc"[39m
[31m          },[39m
[31m          include: {[39m
[31m            recordedBy: {[39m
[31m              select: {[39m
[31m                id: true,[39m
[31m                fullName: true[39m
[31m              }[39m
[31m            }[39m
[31m          }[39m
[31m        })[39m

[31mUnknown argument `isDeleted`. Available options are marked with ?. [39m
[31mInvalid `prisma.financialTransaction.findMany()` invocation in[39m
[31mC:\Users\DoBUY\Agritech-Backend\src\contollers\finance.controller.ts:122:35[39m

[31m  119 }[39m
[31m  120 [39m
[31m  121 const [transactions, total] = await Promise.all([[39m
[31m→ 122   prisma.financialTransaction.findMany({[39m
[31m          where: {[39m
[31m            companyId: "cmj8izq2l0000t1l8yjb6du93",[39m
[31m            isDeleted: false,[39m
[31m            ~~~~~~~~~[39m
[31m        ?   AND?: FinancialTransactionWhereInput | FinancialTransactionWhereInput[],[39m
[31m        ?   OR?: FinancialTransactionWhereInput[],[39m
[31m        ?   NOT?: FinancialTransactionWhereInput | FinancialTransactionWhereInput[],[39m
[31m        ?   id?: StringFilter | String,[39m
[31m        ?   type?: EnumFinancialTransactionTypeFilter | FinancialTransactionType,[39m
[31m        ?   referenceNumber?: StringFilter | String,[39m
[31m        ?   title?: StringFilter | String,[39m
[31m        ?   amount?: FloatFilter | Float,[39m
[31m        ?   paymentMethod?: StringFilter | String,[39m
[31m        ?   date?: DateTimeFilter | DateTime,[39m
[31m        ?   description?: StringNullableFilter | String | Null,[39m
[31m        ?   partyName?: StringFilter | String,[39m
[31m        ?   mediaUrls?: StringNullableListFilter,[39m
[31m        ?   recordedById?: StringFilter | String,[39m
[31m        ?   createdAt?: DateTimeFilter | DateTime,[39m
[31m        ?   company?: CompanyNullableScalarRelationFilter | CompanyWhereInput | Null,[39m
[31m        ?   recordedBy?: UserScalarRelationFilter | UserWhereInput[39m
[31m          },[39m
[31m          skip: 0,[39m
[31m          take: 10,[39m
[31m          orderBy: {[39m
[31m            date: "desc"[39m
[31m          },[39m
[31m          include: {[39m
[31m            recordedBy: {[39m
[31m              select: {[39m
[31m                id: true,[39m
[31m                fullName: true[39m
[31m              }[39m
[31m            }[39m
[31m          }[39m
[31m        })[39m

[31mUnknown argument `isDeleted`. Available options are marked with ?.[39m
2025-12-17 13:45:31 [31merror[39m [31mDatabase validation error: [39m
[31mInvalid `prisma.financialTransaction.count()` invocation in[39m
[31mC:\Users\DoBUY\Agritech-Backend\src\contollers\finance.controller.ts:136:35[39m

[31m  133     }[39m
[31m  134   }[39m
[31m  135 }),[39m
[31m→ 136 prisma.financialTransaction.count({[39m
[31m        select: {[39m
[31m          _count: {[39m
[31m            select: {[39m
[31m              _all: true[39m
[31m            }[39m
[31m          }[39m
[31m        },[39m
[31m        where: {[39m
[31m          companyId: "cmj8izq2l0000t1l8yjb6du93",[39m
[31m          isDeleted: false,[39m
[31m          ~~~~~~~~~[39m
[31m      ?   AND?: FinancialTransactionWhereInput | FinancialTransactionWhereInput[],[39m
[31m      ?   OR?: FinancialTransactionWhereInput[],[39m
[31m      ?   NOT?: FinancialTransactionWhereInput | FinancialTransactionWhereInput[],[39m
[31m      ?   id?: StringFilter | String,[39m
[31m      ?   type?: EnumFinancialTransactionTypeFilter | FinancialTransactionType,[39m
[31m      ?   referenceNumber?: StringFilter | String,[39m
[31m      ?   title?: StringFilter | String,[39m
[31m      ?   amount?: FloatFilter | Float,[39m
[31m      ?   paymentMethod?: StringFilter | String,[39m
[31m      ?   date?: DateTimeFilter | DateTime,[39m
[31m      ?   description?: StringNullableFilter | String | Null,[39m
[31m      ?   partyName?: StringFilter | String,[39m
[31m      ?   mediaUrls?: StringNullableListFilter,[39m
[31m      ?   recordedById?: StringFilter | String,[39m
[31m      ?   createdAt?: DateTimeFilter | DateTime,[39m
[31m      ?   company?: CompanyNullableScalarRelationFilter | CompanyWhereInput | Null,[39m
[31m      ?   recordedBy?: UserScalarRelationFilter | UserWhereInput[39m
[31m        }[39m
[31m      })[39m

[31mUnknown argument `isDeleted`. Available options are marked with ?. [39m
[31mInvalid `prisma.financialTransaction.count()` invocation in[39m
[31mC:\Users\DoBUY\Agritech-Backend\src\contollers\finance.controller.ts:136:35[39m

[31m  133     }[39m
[31m  134   }[39m
[31m  135 }),[39m
[31m→ 136 prisma.financialTransaction.count({[39m
[31m        select: {[39m
[31m          _count: {[39m
[31m            select: {[39m
[31m              _all: true[39m
[31m            }[39m
[31m          }[39m
[31m        },[39m
[31m        where: {[39m
[31m          companyId: "cmj8izq2l0000t1l8yjb6du93",[39m
[31m          isDeleted: false,[39m
[31m          ~~~~~~~~~[39m
[31m      ?   AND?: FinancialTransactionWhereInput | FinancialTransactionWhereInput[],[39m
[31m      ?   OR?: FinancialTransactionWhereInput[],[39m
[31m      ?   NOT?: FinancialTransactionWhereInput | FinancialTransactionWhereInput[],[39m
[31m      ?   id?: StringFilter | String,[39m
[31m      ?   type?: EnumFinancialTransactionTypeFilter | FinancialTransactionType,[39m
[31m      ?   referenceNumber?: StringFilter | String,[39m
[31m      ?   title?: StringFilter | String,[39m
[31m      ?   amount?: FloatFilter | Float,[39m
[31m      ?   paymentMethod?: StringFilter | String,[39m
[31m      ?   date?: DateTimeFilter | DateTime,[39m
[31m      ?   description?: StringNullableFilter | String | Null,[39m
[31m      ?   partyName?: StringFilter | String,[39m
[31m      ?   mediaUrls?: StringNullableListFilter,[39m
[31m      ?   recordedById?: StringFilter | String,[39m
[31m      ?   createdAt?: DateTimeFilter | DateTime,[39m
[31m      ?   company?: CompanyNullableScalarRelationFilter | CompanyWhereInput | Null,[39m
[31m      ?   recordedBy?: UserScalarRelationFilter | UserWhereInput[39m
[31m        }[39m
[31m      })[39m

[31mUnknown argument `isDeleted`. Available options are marked with ?.[39m
2025-12-17 14:10:18 [31merror[39m [31mFarm not found Farm not found[39m
2025-12-17 19:32:34 [31merror[39m [31mUser not found User not found[39m
2025-12-17 19:33:55 [31merror[39m [31mUser not found User not found[39m
2025-12-17 19:34:43 [31merror[39m [31mUser not found User not found[39m
2025-12-17 19:39:19 [31merror[39m [31mUser not found User not found[39m
2025-12-17 19:39:47 [31merror[39m [31mUser not found User not found[39m
2025-12-17 19:48:20 [31merror[39m [31mUser not found User not found[39m
2025-12-17 19:50:28 [31merror[39m [31mUser not found User not found[39m
2025-12-18 07:31:16 [31merror[39m [31mUser not found User not found[39m
2025-12-18 07:39:28 [31merror[39m [31mUser not found User not found[39m
2025-12-18 07:43:52 [31merror[39m [31mDatabase validation error: [39m
[31mInvalid `prisma.user.count()` invocation in[39m
[31mC:\Users\DoBUY\Agritech-Backend\src\contollers\users.controllers.ts:1185:19[39m

[31m  1182 }),[39m
[31m  1183 [39m
[31m  1184 // Get total count[39m
[31m→ 1185 prisma.user.count({[39m
[31m         select: {[39m
[31m           _count: {[39m
[31m             select: {[39m
[31m               _all: true[39m
[31m             }[39m
[31m           }[39m
[31m         },[39m
[31m         where: {[39m
[31m           role: "VET",[39m
[31m           isDeleted: false,[39m
[31m           ~~~~~~~~~[39m
[31m       ?   AND?: UserWhereInput | UserWhereInput[],[39m
[31m       ?   OR?: UserWhereInput[],[39m
[31m       ?   NOT?: UserWhereInput | UserWhereInput[],[39m
[31m       ?   id?: StringFilter | String,[39m
[31m       ?   email?: StringNullableFilter | String | Null,[39m
[31m       ?   phone?: StringNullableFilter | String | Null,[39m
[31m       ?   googleId?: StringNullableFilter | String | Null,[39m
[31m       ?   companyName?: StringNullableFilter | String | Null,[39m
[31m       ?   companyId?: StringNullableFilter | String | Null,[39m
[31m       ?   password?: StringNullableFilter | String | Null,[39m
[31m       ?   fullName?: StringFilter | String,[39m
[31m       ?   avatar?: StringNullableFilter | String | Null,[39m
[31m       ?   location?: StringNullableFilter | String | Null,[39m
[31m       ?   lastLogin?: DateTimeNullableFilter | DateTime | Null,[39m
[31m       ?   verificationCode?: StringNullableFilter | String | Null,[39m
[31m       ?   verificationExpires?: DateTimeNullableFilter | DateTime | Null,[39m
[31m       ?   isVerified?: BoolFilter | Boolean,[39m
[31m       ?   isSuspended?: BoolFilter | Boolean,[39m
[31m       ?   createdAt?: DateTimeFilter | DateTime,[39m
[31m       ?   updatedAt?: DateTimeFilter | DateTime,[39m
[31m       ?   createdById?: StringNullableFilter | String | Null,[39m
[31m       ?   company?: CompanyNullableScalarRelationFilter | CompanyWhereInput | Null,[39m
[31m       ?   assignedTasks?: TaskListRelationFilter,[39m
[31m       ?   createdTasks?: TaskListRelationFilter,[39m
[31m       ?   livestockAdded?: LivestockListRelationFilter,[39m
[31m       ?   livestockUpdated?: LivestockListRelationFilter,[39m
[31m       ?   deletedLivestock?: LivestockListRelationFilter,[39m
[31m       ?   vaccination?: VaccinationListRelationFilter,[39m
[31m       ?   Sickness?: SicknessListRelationFilter,[39m
[31m       ?   Treatment?: TreatmentListRelationFilter,[39m
[31m       ?   OfftakeRecord?: OfftakeRecordListRelationFilter,[39m
[31m       ?   TaskObservation?: TaskObservationListRelationFilter,[39m
[31m       ?   InventoryRecord?: InventoryRecordListRelationFilter,[39m
[31m       ?   FinancialTransaction?: FinancialTransactionListRelationFilter,[39m
[31m       ?   Diagnosis?: DiagnosisListRelationFilter,[39m
[31m       ?   prescribedTreatments?: PrescribedTreatmentListRelationFilter,[39m
[31m       ?   followUps?: FollowUpListRelationFilter,[39m
[31m       ?   notifications?: NotificationListRelationFilter,[39m
[31m       ?   appointments?: AppointmentListRelationFilter,[39m
[31m       ?   farmVisits?: FarmVisitListRelationFilter,[39m
[31m       ?   notes?: NoteListRelationFilter,[39m
[31m       ?   notificationSettings?: NotificationSettingsNullableScalarRelationFilter | NotificationSettingsWhereInput | Null,[39m
[31m       ?   conversations?: ConversationParticipantListRelationFilter,[39m
[31m       ?   sentMessages?: MessageListRelationFilter,[39m
[31m       ?   createdBy?: UserNullableScalarRelationFilter | UserWhereInput | Null,[39m
[31m       ?   createdUsers?: UserListRelationFilter[39m
[31m         }[39m
[31m       })[39m

[31mUnknown argument `isDeleted`. Available options are marked with ?. [39m
[31mInvalid `prisma.user.count()` invocation in[39m
[31mC:\Users\DoBUY\Agritech-Backend\src\contollers\users.controllers.ts:1185:19[39m

[31m  1182 }),[39m
[31m  1183 [39m
[31m  1184 // Get total count[39m
[31m→ 1185 prisma.user.count({[39m
[31m         select: {[39m
[31m           _count: {[39m
[31m             select: {[39m
[31m               _all: true[39m
[31m             }[39m
[31m           }[39m
[31m         },[39m
[31m         where: {[39m
[31m           role: "VET",[39m
[31m           isDeleted: false,[39m
[31m           ~~~~~~~~~[39m
[31m       ?   AND?: UserWhereInput | UserWhereInput[],[39m
[31m       ?   OR?: UserWhereInput[],[39m
[31m       ?   NOT?: UserWhereInput | UserWhereInput[],[39m
[31m       ?   id?: StringFilter | String,[39m
[31m       ?   email?: StringNullableFilter | String | Null,[39m
[31m       ?   phone?: StringNullableFilter | String | Null,[39m
[31m       ?   googleId?: StringNullableFilter | String | Null,[39m
[31m       ?   companyName?: StringNullableFilter | String | Null,[39m
[31m       ?   companyId?: StringNullableFilter | String | Null,[39m
[31m       ?   password?: StringNullableFilter | String | Null,[39m
[31m       ?   fullName?: StringFilter | String,[39m
[31m       ?   avatar?: StringNullableFilter | String | Null,[39m
[31m       ?   location?: StringNullableFilter | String | Null,[39m
[31m       ?   lastLogin?: DateTimeNullableFilter | DateTime | Null,[39m
[31m       ?   verificationCode?: StringNullableFilter | String | Null,[39m
[31m       ?   verificationExpires?: DateTimeNullableFilter | DateTime | Null,[39m
[31m       ?   isVerified?: BoolFilter | Boolean,[39m
[31m       ?   isSuspended?: BoolFilter | Boolean,[39m
[31m       ?   createdAt?: DateTimeFilter | DateTime,[39m
[31m       ?   updatedAt?: DateTimeFilter | DateTime,[39m
[31m       ?   createdById?: StringNullableFilter | String | Null,[39m
[31m       ?   company?: CompanyNullableScalarRelationFilter | CompanyWhereInput | Null,[39m
[31m       ?   assignedTasks?: TaskListRelationFilter,[39m
[31m       ?   createdTasks?: TaskListRelationFilter,[39m
[31m       ?   livestockAdded?: LivestockListRelationFilter,[39m
[31m       ?   livestockUpdated?: LivestockListRelationFilter,[39m
[31m       ?   deletedLivestock?: LivestockListRelationFilter,[39m
[31m       ?   vaccination?: VaccinationListRelationFilter,[39m
[31m       ?   Sickness?: SicknessListRelationFilter,[39m
[31m       ?   Treatment?: TreatmentListRelationFilter,[39m
[31m       ?   OfftakeRecord?: OfftakeRecordListRelationFilter,[39m
[31m       ?   TaskObservation?: TaskObservationListRelationFilter,[39m
[31m       ?   InventoryRecord?: InventoryRecordListRelationFilter,[39m
[31m       ?   FinancialTransaction?: FinancialTransactionListRelationFilter,[39m
[31m       ?   Diagnosis?: DiagnosisListRelationFilter,[39m
[31m       ?   prescribedTreatments?: PrescribedTreatmentListRelationFilter,[39m
[31m       ?   followUps?: FollowUpListRelationFilter,[39m
[31m       ?   notifications?: NotificationListRelationFilter,[39m
[31m       ?   appointments?: AppointmentListRelationFilter,[39m
[31m       ?   farmVisits?: FarmVisitListRelationFilter,[39m
[31m       ?   notes?: NoteListRelationFilter,[39m
[31m       ?   notificationSettings?: NotificationSettingsNullableScalarRelationFilter | NotificationSettingsWhereInput | Null,[39m
[31m       ?   conversations?: ConversationParticipantListRelationFilter,[39m
[31m       ?   sentMessages?: MessageListRelationFilter,[39m
[31m       ?   createdBy?: UserNullableScalarRelationFilter | UserWhereInput | Null,[39m
[31m       ?   createdUsers?: UserListRelationFilter[39m
[31m         }[39m
[31m       })[39m

[31mUnknown argument `isDeleted`. Available options are marked with ?.[39m
2025-12-18 07:49:13 [31merror[39m [31mPrisma error: [39m
[31mInvalid `prisma.$queryRaw()` invocation:[39m


[31mRaw query failed. Code: `42703`. Message: `column "updated_at" does not exist` [39m
[31mInvalid `prisma.$queryRaw()` invocation:[39m


[31mRaw query failed. Code: `42703`. Message: `column "updated_at" does not exist`[39m
2025-12-18 07:52:15 [31merror[39m [31mPrisma error: [39m
[31mInvalid `prisma.$queryRaw()` invocation:[39m


[31mRaw query failed. Code: `42P01`. Message: `relation "task" does not exist` [39m
[31mInvalid `prisma.$queryRaw()` invocation:[39m


[31mRaw query failed. Code: `42P01`. Message: `relation "task" does not exist`[39m
2025-12-18 14:45:42 [31merror[39m [31mUser not found User not found[39m
2025-12-18 14:53:06 [31merror[39m [31mrequest entity too large request entity too large[39m
2025-12-18 14:54:24 [31merror[39m [31mrequest entity too large request entity too large[39m
2025-12-18 16:49:04 [31merror[39m [31mFarm not found Farm not found[39m
2026-01-23 05:54:28 [31merror[39m [31mBad escaped character in JSON at position 19 (line 2 column 17) Bad escaped character in JSON at position 19 (line 2 column 17)[39m
2026-01-25 23:04:19 [31merror[39m [31mVet not found or not available Vet not found or not available[39m
2026-01-25 23:04:21 [31merror[39m [31mVet not found or not available Vet not found or not available[39m
2026-01-25 23:09:14 [31merror[39m [31mVet not found or not available Vet not found or not available[39m
2026-01-25 23:09:25 [31merror[39m [31mVet not found or not available Vet not found or not available[39m
2026-01-25 23:14:48 [31merror[39m [31mInvalid credentials Invalid credentials[39m
2026-02-03 16:02:54 [31merror[39m [31mInternal Server Error Cannot set headers after they are sent to the client[39m
2026-02-03 16:02:54 [31merror[39m [31mInternal Server Error Cannot set headers after they are sent to the client[39m
2026-02-03 16:02:55 [31merror[39m [31mInternal Server Error Cannot set headers after they are sent to the client[39m
2026-02-03 16:02:55 [31merror[39m [31mInternal Server Error Cannot set headers after they are sent to the client[39m
2026-02-03 16:02:55 [31merror[39m [31mInternal Server Error Cannot set headers after they are sent to the client[39m
2026-02-03 16:02:55 [31merror[39m [31mInternal Server Error Cannot set headers after they are sent to the client[39m
2026-02-03 16:02:55 [31merror[39m [31mInternal Server Error Cannot set headers after they are sent to the client[39m
2026-02-03 16:05:03 [31merror[39m [31mInternal Server Error Cannot set headers after they are sent to the client[39m
2026-02-09 13:03:37 [31merror[39m [31mUser is not associated with a company User is not associated with a company[39m
2026-02-09 13:04:17 [31merror[39m [31mUser is not associated with a company User is not associated with a company[39m
2026-02-09 13:04:22 [31merror[39m [31mUser is not associated with a company User is not associated with a company[39m
2026-02-09 13:12:04 [31merror[39m [31mUser is not associated with a company User is not associated with a company[39m
2026-02-09 13:12:41 [31merror[39m [31mUser is not associated with a company User is not associated with a company[39m
2026-02-09 13:16:33 [31merror[39m [31mUser is not associated with a company User is not associated with a company[39m
2026-02-09 13:16:38 [31merror[39m [31mUser is not associated with a company User is not associated with a company[39m
2026-02-09 14:25:48 [31merror[39m [31mUser is not associated with a company User is not associated with a company[39m
2026-02-09 14:36:44 [31merror[39m [31mUser is not associated with a company User is not associated with a company[39m
2026-02-09 15:21:46 [31merror[39m [31mInternal Server Error Cannot set headers after they are sent to the client[39m
2026-02-09 15:22:13 [31merror[39m [31mInternal Server Error Cannot set headers after they are sent to the client[39m
2026-02-09 15:22:25 [31merror[39m [31mInternal Server Error Cannot set headers after they are sent to the client[39m
2026-02-09 15:29:04 [31merror[39m [31mUser is not associated with a company User is not associated with a company[39m
2026-02-09 15:29:25 [31merror[39m [31mInternal Server Error Cannot set headers after they are sent to the client[39m
2026-02-09 15:32:29 [31merror[39m [31mInternal Server Error Cannot set headers after they are sent to the client[39m
2026-02-09 15:40:34 [31merror[39m [31mInternal Server Error Cannot set headers after they are sent to the client[39m
2026-02-09 15:44:57 [31merror[39m [31mInternal Server Error Cannot set headers after they are sent to the client[39m
2026-02-09 15:45:26 [31merror[39m [31mInternal Server Error Cannot set headers after they are sent to the client[39m
2026-02-09 15:51:16 [31merror[39m [31mInternal Server Error Cannot set headers after they are sent to the client[39m
2026-02-09 15:51:24 [31merror[39m [31mInternal Server Error Cannot set headers after they are sent to the client[39m
2026-02-09 15:51:30 [31merror[39m [31mInternal Server Error Cannot set headers after they are sent to the client[39m
2026-02-17 08:50:00 [31merror[39m [31mConversation not found Conversation not found[39m
2026-02-18 05:06:23 [31merror[39m [31mConversation not found Conversation not found[39m
2026-02-18 05:06:49 [31merror[39m [31mConversation not found Conversation not found[39m
2026-02-18 05:06:56 [31merror[39m [31mConversation not found Conversation not found[39m
2026-02-18 05:13:36 [31merror[39m [31mConversation not found Conversation not found[39m
2026-02-18 13:22:33 [31merror[39m [31mPrisma error: [39m
[31mInvalid `prisma.livestock.count()` invocation in[39m
[31mC:\Users\DoBUY\Agritech-Backend\src\contollers\livestock.controller.ts:159:24[39m

[31m  156 prisma.livestock.count({[39m
[31m  157   where: companyFilter[39m
[31m  158 }),[39m
[31m→ 159 prisma.livestock.count([39m
[31mCan't reach database server at `localhost:5432`[39m

[31mPlease make sure your database server is running at `localhost:5432`. [39m
[31mInvalid `prisma.livestock.count()` invocation in[39m
[31mC:\Users\DoBUY\Agritech-Backend\src\contollers\livestock.controller.ts:159:24[39m

[31m  156 prisma.livestock.count({[39m
[31m  157   where: companyFilter[39m
[31m  158 }),[39m
[31m→ 159 prisma.livestock.count([39m
[31mCan't reach database server at `localhost:5432`[39m

[31mPlease make sure your database server is running at `localhost:5432`.[39m
2026-02-18 13:22:35 [31merror[39m [31mPrisma error: [39m
[31mInvalid `prisma.task.count()` invocation in[39m
[31mC:\Users\DoBUY\Agritech-Backend\src\contollers\task.controller.ts:290:19[39m

[31m  287     livestock: true[39m
[31m  288   }[39m
[31m  289 }),[39m
[31m→ 290 prisma.task.count([39m
[31mCan't reach database server at `localhost:5432`[39m

[31mPlease make sure your database server is running at `localhost:5432`. [39m
[31mInvalid `prisma.task.count()` invocation in[39m
[31mC:\Users\DoBUY\Agritech-Backend\src\contollers\task.controller.ts:290:19[39m

[31m  287     livestock: true[39m
[31m  288   }[39m
[31m  289 }),[39m
[31m→ 290 prisma.task.count([39m
[31mCan't reach database server at `localhost:5432`[39m

[31mPlease make sure your database server is running at `localhost:5432`.[39m
2026-02-18 13:22:46 [31merror[39m [31mPrisma error: [39m
[31mInvalid `prisma.livestock.count()` invocation in[39m
[31mC:\Users\DoBUY\Agritech-Backend\src\contollers\livestock.controller.ts:159:24[39m

[31m  156 prisma.livestock.count({[39m
[31m  157   where: companyFilter[39m
[31m  158 }),[39m
[31m→ 159 prisma.livestock.count([39m
[31mCan't reach database server at `localhost:5432`[39m

[31mPlease make sure your database server is running at `localhost:5432`. [39m
[31mInvalid `prisma.livestock.count()` invocation in[39m
[31mC:\Users\DoBUY\Agritech-Backend\src\contollers\livestock.controller.ts:159:24[39m

[31m  156 prisma.livestock.count({[39m
[31m  157   where: companyFilter[39m
[31m  158 }),[39m
[31m→ 159 prisma.livestock.count([39m
[31mCan't reach database server at `localhost:5432`[39m

[31mPlease make sure your database server is running at `localhost:5432`.[39m
2026-02-19 02:51:23 [31merror[39m [31mConversation not found Conversation not found[39m
2026-02-19 02:51:37 [31merror[39m [31mInternal Server Error Cannot set headers after they are sent to the client[39m
2026-02-19 02:51:42 [31merror[39m [31mInternal Server Error Cannot set headers after they are sent to the client[39m
2026-02-19 02:53:04 [31merror[39m [31mInternal Server Error Cannot set headers after they are sent to the client[39m
2026-02-19 02:55:36 [31merror[39m [31mInternal Server Error Cannot set headers after they are sent to the client[39m
2026-02-19 03:13:08 [31merror[39m [31mInternal Server Error Cannot set headers after they are sent to the client[39m
2026-02-19 03:13:29 [31merror[39m [31mInternal Server Error Cannot set headers after they are sent to the client[39m
2026-02-19 04:25:03 [31merror[39m [31mInvalid credentials Invalid credentials[39m
2026-02-24 11:45:14 [31merror[39m [31mInvalid credentials Invalid credentials[39m
2026-02-24 12:06:37 [31merror[39m [31mDatabase validation error: [39m
[31mInvalid `prisma.treatment.findMany()` invocation in[39m
[31mC:\Users\DoBUY\Agritech-Backend\src\contollers\livestock.controller.ts:595:24[39m

[31m  592 }),[39m
[31m  593 [39m
[31m  594 // Treatment records (including those not linked to sickness)[39m
[31m→ 595 prisma.treatment.findMany({[39m
[31m        where: {[39m
[31m          livestockId: "cmklbif420007t1ckukqhv4nn"[39m
[31m        },[39m
[31m        include: {[39m
[31m          recordedBy: {[39m
[31m            select: {[39m
[31m              id: true,[39m
[31m              fullName: true,[39m
[31m              role: true[39m
[31m            }[39m
[31m          },[39m
[31m          sickness: {[39m
[31m            select: {[39m
[31m            ~~~~~~[39m
[31m              id: true,[39m
[31m              dateOfObservation: true,[39m
[31m              observedSymptoms: true[39m
[31m            },[39m
[31m            include: {[39m
[31m            ~~~~~~~[39m
[31m              recordedBy: {[39m
[31m                select: {[39m
[31m                  id: true,[39m
[31m                  fullName: true,[39m
[31m                  role: true[39m
[31m                }[39m
[31m              }[39m
[31m            }[39m
[31m          }[39m
[31m        },[39m
[31m        orderBy: {[39m
[31m          dateOfTreatment: "desc"[39m
[31m        }[39m
[31m      })[39m

[31mPlease either use `include` or `select`, but not both at the same time. [39m
[31mInvalid `prisma.treatment.findMany()` invocation in[39m
[31mC:\Users\DoBUY\Agritech-Backend\src\contollers\livestock.controller.ts:595:24[39m

[31m  592 }),[39m
[31m  593 [39m
[31m  594 // Treatment records (including those not linked to sickness)[39m
[31m→ 595 prisma.treatment.findMany({[39m
[31m        where: {[39m
[31m          livestockId: "cmklbif420007t1ckukqhv4nn"[39m
[31m        },[39m
[31m        include: {[39m
[31m          recordedBy: {[39m
[31m            select: {[39m
[31m              id: true,[39m
[31m              fullName: true,[39m
[31m              role: true[39m
[31m            }[39m
[31m          },[39m
[31m          sickness: {[39m
[31m            select: {[39m
[31m            ~~~~~~[39m
[31m              id: true,[39m
[31m              dateOfObservation: true,[39m
[31m              observedSymptoms: true[39m
[31m            },[39m
[31m            include: {[39m
[31m            ~~~~~~~[39m
[31m              recordedBy: {[39m
[31m                select: {[39m
[31m                  id: true,[39m
[31m                  fullName: true,[39m
[31m                  role: true[39m
[31m                }[39m
[31m              }[39m
[31m            }[39m
[31m          }[39m
[31m        },[39m
[31m        orderBy: {[39m
[31m          dateOfTreatment: "desc"[39m
[31m        }[39m
[31m      })[39m

[31mPlease either use `include` or `select`, but not both at the same time.[39m
2026-02-24 12:06:53 [31merror[39m [31mDatabase validation error: [39m
[31mInvalid `prisma.treatment.findMany()` invocation in[39m
[31mC:\Users\DoBUY\Agritech-Backend\src\contollers\livestock.controller.ts:595:24[39m

[31m  592 }),[39m
[31m  593 [39m
[31m  594 // Treatment records (including those not linked to sickness)[39m
[31m→ 595 prisma.treatment.findMany({[39m
[31m        where: {[39m
[31m          livestockId: "cmklbif420007t1ckukqhv4nn"[39m
[31m        },[39m
[31m        include: {[39m
[31m          recordedBy: {[39m
[31m            select: {[39m
[31m              id: true,[39m
[31m              fullName: true,[39m
[31m              role: true[39m
[31m            }[39m
[31m          },[39m
[31m          sickness: {[39m
[31m            select: {[39m
[31m            ~~~~~~[39m
[31m              id: true,[39m
[31m              dateOfObservation: true,[39m
[31m              observedSymptoms: true[39m
[31m            },[39m
[31m            include: {[39m
[31m            ~~~~~~~[39m
[31m              recordedBy: {[39m
[31m                select: {[39m
[31m                  id: true,[39m
[31m                  fullName: true,[39m
[31m                  role: true[39m
[31m                }[39m
[31m              }[39m
[31m            }[39m
[31m          }[39m
[31m        },[39m
[31m        orderBy: {[39m
[31m          dateOfTreatment: "desc"[39m
[31m        }[39m
[31m      })[39m

[31mPlease either use `include` or `select`, but not both at the same time. [39m
[31mInvalid `prisma.treatment.findMany()` invocation in[39m
[31mC:\Users\DoBUY\Agritech-Backend\src\contollers\livestock.controller.ts:595:24[39m

[31m  592 }),[39m
[31m  593 [39m
[31m  594 // Treatment records (including those not linked to sickness)[39m
[31m→ 595 prisma.treatment.findMany({[39m
[31m        where: {[39m
[31m          livestockId: "cmklbif420007t1ckukqhv4nn"[39m
[31m        },[39m
[31m        include: {[39m
[31m          recordedBy: {[39m
[31m            select: {[39m
[31m              id: true,[39m
[31m              fullName: true,[39m
[31m              role: true[39m
[31m            }[39m
[31m          },[39m
[31m          sickness: {[39m
[31m            select: {[39m
[31m            ~~~~~~[39m
[31m              id: true,[39m
[31m              dateOfObservation: true,[39m
[31m              observedSymptoms: true[39m
[31m            },[39m
[31m            include: {[39m
[31m            ~~~~~~~[39m
[31m              recordedBy: {[39m
[31m                select: {[39m
[31m                  id: true,[39m
[31m                  fullName: true,[39m
[31m                  role: true[39m
[31m                }[39m
[31m              }[39m
[31m            }[39m
[31m          }[39m
[31m        },[39m
[31m        orderBy: {[39m
[31m          dateOfTreatment: "desc"[39m
[31m        }[39m
[31m      })[39m

[31mPlease either use `include` or `select`, but not both at the same time.[39m
2026-02-24 13:43:52 [31merror[39m [31mDatabase validation error: [39m
[31mInvalid `prisma.treatment.findMany()` invocation in[39m
[31mC:\Users\DoBUY\Agritech-Backend\src\contollers\livestock.controller.ts:595:24[39m

[31m  592 }),[39m
[31m  593 [39m
[31m  594 // Treatment records (including those not linked to sickness)[39m
[31m→ 595 prisma.treatment.findMany({[39m
[31m        where: {[39m
[31m          livestockId: "cmklbif420007t1ckukqhv4nn"[39m
[31m        },[39m
[31m        include: {[39m
[31m          recordedBy: {[39m
[31m            select: {[39m
[31m              id: true,[39m
[31m              fullName: true,[39m
[31m              role: true[39m
[31m            }[39m
[31m          },[39m
[31m          sickness: {[39m
[31m            select: {[39m
[31m            ~~~~~~[39m
[31m              id: true,[39m
[31m              dateOfObservation: true,[39m
[31m              observedSymptoms: true[39m
[31m            },[39m
[31m            include: {[39m
[31m            ~~~~~~~[39m
[31m              recordedBy: {[39m
[31m                select: {[39m
[31m                  id: true,[39m
[31m                  fullName: true,[39m
[31m                  role: true[39m
[31m                }[39m
[31m              }[39m
[31m            }[39m
[31m          }[39m
[31m        },[39m
[31m        orderBy: {[39m
[31m          dateOfTreatment: "desc"[39m
[31m        }[39m
[31m      })[39m

[31mPlease either use `include` or `select`, but not both at the same time. [39m
[31mInvalid `prisma.treatment.findMany()` invocation in[39m
[31mC:\Users\DoBUY\Agritech-Backend\src\contollers\livestock.controller.ts:595:24[39m

[31m  592 }),[39m
[31m  593 [39m
[31m  594 // Treatment records (including those not linked to sickness)[39m
[31m→ 595 prisma.treatment.findMany({[39m
[31m        where: {[39m
[31m          livestockId: "cmklbif420007t1ckukqhv4nn"[39m
[31m        },[39m
[31m        include: {[39m
[31m          recordedBy: {[39m
[31m            select: {[39m
[31m              id: true,[39m
[31m              fullName: true,[39m
[31m              role: true[39m
[31m            }[39m
[31m          },[39m
[31m          sickness: {[39m
[31m            select: {[39m
[31m            ~~~~~~[39m
[31m              id: true,[39m
[31m              dateOfObservation: true,[39m
[31m              observedSymptoms: true[39m
[31m            },[39m
[31m            include: {[39m
[31m            ~~~~~~~[39m
[31m              recordedBy: {[39m
[31m                select: {[39m
[31m                  id: true,[39m
[31m                  fullName: true,[39m
[31m                  role: true[39m
[31m                }[39m
[31m              }[39m
[31m            }[39m
[31m          }[39m
[31m        },[39m
[31m        orderBy: {[39m
[31m          dateOfTreatment: "desc"[39m
[31m        }[39m
[31m      })[39m

[31mPlease either use `include` or `select`, but not both at the same time.[39m
2026-02-24 13:48:12 [31merror[39m [31mDatabase validation error: [39m
[31mInvalid `prisma.treatment.findMany()` invocation in[39m
[31mC:\Users\DoBUY\Agritech-Backend\src\contollers\livestock.controller.ts:595:24[39m

[31m  592 }),[39m
[31m  593 [39m
[31m  594 // Treatment records (including those not linked to sickness)[39m
[31m→ 595 prisma.treatment.findMany({[39m
[31m        where: {[39m
[31m          livestockId: "cmklbif420007t1ckukqhv4nn"[39m
[31m        },[39m
[31m        include: {[39m
[31m          recordedBy: {[39m
[31m            select: {[39m
[31m              id: true,[39m
[31m              fullName: true,[39m
[31m              role: true[39m
[31m            }[39m
[31m          },[39m
[31m          sickness: {[39m
[31m            select: {[39m
[31m            ~~~~~~[39m
[31m              id: true,[39m
[31m              dateOfObservation: true,[39m
[31m              observedSymptoms: true[39m
[31m            },[39m
[31m            include: {[39m
[31m            ~~~~~~~[39m
[31m              recordedBy: {[39m
[31m                select: {[39m
[31m                  id: true,[39m
[31m                  fullName: true,[39m
[31m                  role: true[39m
[31m                }[39m
[31m              }[39m
[31m            }[39m
[31m          }[39m
[31m        },[39m
[31m        orderBy: {[39m
[31m          dateOfTreatment: "desc"[39m
[31m        }[39m
[31m      })[39m

[31mPlease either use `include` or `select`, but not both at the same time. [39m
[31mInvalid `prisma.treatment.findMany()` invocation in[39m
[31mC:\Users\DoBUY\Agritech-Backend\src\contollers\livestock.controller.ts:595:24[39m

[31m  592 }),[39m
[31m  593 [39m
[31m  594 // Treatment records (including those not linked to sickness)[39m
[31m→ 595 prisma.treatment.findMany({[39m
[31m        where: {[39m
[31m          livestockId: "cmklbif420007t1ckukqhv4nn"[39m
[31m        },[39m
[31m        include: {[39m
[31m          recordedBy: {[39m
[31m            select: {[39m
[31m              id: true,[39m
[31m              fullName: true,[39m
[31m              role: true[39m
[31m            }[39m
[31m          },[39m
[31m          sickness: {[39m
[31m            select: {[39m
[31m            ~~~~~~[39m
[31m              id: true,[39m
[31m              dateOfObservation: true,[39m
[31m              observedSymptoms: true[39m
[31m            },[39m
[31m            include: {[39m
[31m            ~~~~~~~[39m
[31m              recordedBy: {[39m
[31m                select: {[39m
[31m                  id: true,[39m
[31m                  fullName: true,[39m
[31m                  role: true[39m
[31m                }[39m
[31m              }[39m
[31m            }[39m
[31m          }[39m
[31m        },[39m
[31m        orderBy: {[39m
[31m          dateOfTreatment: "desc"[39m
[31m        }[39m
[31m      })[39m

[31mPlease either use `include` or `select`, but not both at the same time.[39m
2026-02-24 13:50:12 [31merror[39m [31mDatabase validation error: [39m
[31mInvalid `prisma.treatment.findMany()` invocation in[39m
[31mC:\Users\DoBUY\Agritech-Backend\src\contollers\livestock.controller.ts:595:24[39m

[31m  592 }),[39m
[31m  593 [39m
[31m  594 // Treatment records (including those not linked to sickness)[39m
[31m→ 595 prisma.treatment.findMany({[39m
[31m        where: {[39m
[31m          livestockId: "cmklbif420007t1ckukqhv4nn"[39m
[31m        },[39m
[31m        include: {[39m
[31m          recordedBy: {[39m
[31m            select: {[39m
[31m              id: true,[39m
[31m              fullName: true,[39m
[31m              role: true[39m
[31m            }[39m
[31m          },[39m
[31m          sickness: {[39m
[31m            select: {[39m
[31m            ~~~~~~[39m
[31m              id: true,[39m
[31m              dateOfObservation: true,[39m
[31m              observedSymptoms: true[39m
[31m            },[39m
[31m            include: {[39m
[31m            ~~~~~~~[39m
[31m              recordedBy: {[39m
[31m                select: {[39m
[31m                  id: true,[39m
[31m                  fullName: true,[39m
[31m                  role: true[39m
[31m                }[39m
[31m              }[39m
[31m            }[39m
[31m          }[39m
[31m        },[39m
[31m        orderBy: {[39m
[31m          dateOfTreatment: "desc"[39m
[31m        }[39m
[31m      })[39m

[31mPlease either use `include` or `select`, but not both at the same time. [39m
[31mInvalid `prisma.treatment.findMany()` invocation in[39m
[31mC:\Users\DoBUY\Agritech-Backend\src\contollers\livestock.controller.ts:595:24[39m

[31m  592 }),[39m
[31m  593 [39m
[31m  594 // Treatment records (including those not linked to sickness)[39m
[31m→ 595 prisma.treatment.findMany({[39m
[31m        where: {[39m
[31m          livestockId: "cmklbif420007t1ckukqhv4nn"[39m
[31m        },[39m
[31m        include: {[39m
[31m          recordedBy: {[39m
[31m            select: {[39m
[31m              id: true,[39m
[31m              fullName: true,[39m
[31m              role: true[39m
[31m            }[39m
[31m          },[39m
[31m          sickness: {[39m
[31m            select: {[39m
[31m            ~~~~~~[39m
[31m              id: true,[39m
[31m              dateOfObservation: true,[39m
[31m              observedSymptoms: true[39m
[31m            },[39m
[31m            include: {[39m
[31m            ~~~~~~~[39m
[31m              recordedBy: {[39m
[31m                select: {[39m
[31m                  id: true,[39m
[31m                  fullName: true,[39m
[31m                  role: true[39m
[31m                }[39m
[31m              }[39m
[31m            }[39m
[31m          }[39m
[31m        },[39m
[31m        orderBy: {[39m
[31m          dateOfTreatment: "desc"[39m
[31m        }[39m
[31m      })[39m

[31mPlease either use `include` or `select`, but not both at the same time.[39m
2026-02-24 13:52:45 [31merror[39m [31mDatabase validation error: [39m
[31mInvalid `prisma.treatment.findMany()` invocation in[39m
[31mC:\Users\DoBUY\Agritech-Backend\src\contollers\livestock.controller.ts:595:24[39m

[31m  592 }),[39m
[31m  593 [39m
[31m  594 // Treatment records (including those not linked to sickness)[39m
[31m→ 595 prisma.treatment.findMany({[39m
[31m        where: {[39m
[31m          livestockId: "cmj8izqvw000ot1l8unli074h"[39m
[31m        },[39m
[31m        include: {[39m
[31m          recordedBy: {[39m
[31m            select: {[39m
[31m              id: true,[39m
[31m              fullName: true,[39m
[31m              role: true[39m
[31m            }[39m
[31m          },[39m
[31m          sickness: {[39m
[31m            select: {[39m
[31m            ~~~~~~[39m
[31m              id: true,[39m
[31m              dateOfObservation: true,[39m
[31m              observedSymptoms: true[39m
[31m            },[39m
[31m            include: {[39m
[31m            ~~~~~~~[39m
[31m              recordedBy: {[39m
[31m                select: {[39m
[31m                  id: true,[39m
[31m                  fullName: true,[39m
[31m                  role: true[39m
[31m                }[39m
[31m              }[39m
[31m            }[39m
[31m          }[39m
[31m        },[39m
[31m        orderBy: {[39m
[31m          dateOfTreatment: "desc"[39m
[31m        }[39m
[31m      })[39m

[31mPlease either use `include` or `select`, but not both at the same time. [39m
[31mInvalid `prisma.treatment.findMany()` invocation in[39m
[31mC:\Users\DoBUY\Agritech-Backend\src\contollers\livestock.controller.ts:595:24[39m

[31m  592 }),[39m
[31m  593 [39m
[31m  594 // Treatment records (including those not linked to sickness)[39m
[31m→ 595 prisma.treatment.findMany({[39m
[31m        where: {[39m
[31m          livestockId: "cmj8izqvw000ot1l8unli074h"[39m
[31m        },[39m
[31m        include: {[39m
[31m          recordedBy: {[39m
[31m            select: {[39m
[31m              id: true,[39m
[31m              fullName: true,[39m
[31m              role: true[39m
[31m            }[39m
[31m          },[39m
[31m          sickness: {[39m
[31m            select: {[39m
[31m            ~~~~~~[39m
[31m              id: true,[39m
[31m              dateOfObservation: true,[39m
[31m              observedSymptoms: true[39m
[31m            },[39m
[31m            include: {[39m
[31m            ~~~~~~~[39m
[31m              recordedBy: {[39m
[31m                select: {[39m
[31m                  id: true,[39m
[31m                  fullName: true,[39m
[31m                  role: true[39m
[31m                }[39m
[31m              }[39m
[31m            }[39m
[31m          }[39m
[31m        },[39m
[31m        orderBy: {[39m
[31m          dateOfTreatment: "desc"[39m
[31m        }[39m
[31m      })[39m

[31mPlease either use `include` or `select`, but not both at the same time.[39m
